{"index":12,"real_prep_time":0.5444895168,"proposed_choice":1,"real_choice":2,"correct":false,"datetime":"180601_095525614016","presses":[2,1,1],"rts":[0.5444895168,0.6242760785,1.9203509719],"will_remap":false,"is_remapped":false,"remapped_from":null,"stim_val":"\u16a2"}