{"index":5,"real_prep_time":0.7046145347,"proposed_choice":1,"real_choice":6,"correct":false,"datetime":"180523_153005247427","presses":[6,5,9,0,1],"rts":[0.7046145347,1.8895821292,3.1533512626,4.3366133218,5.5751416465],"will_remap":false,"is_remapped":false,"remapped_from":null,"stim_val":"\u16cb"}