{"index":19,"real_prep_time":1.1881217792,"proposed_choice":5,"real_choice":2,"correct":false,"datetime":"180523_153111178370","presses":[2,3,1,4,0,9,6,5],"rts":[1.1881217792,2.2604888517,3.3035213616,4.388128348,5.5083392643,6.5971212347,7.6905819905,8.7722588344],"will_remap":false,"is_remapped":false,"remapped_from":null,"stim_val":"\u16b3"}