{"index":10,"real_prep_time":1.2749169886,"proposed_choice":6,"real_choice":5,"correct":false,"datetime":"180523_153022138490","presses":[5,4,3,6],"rts":[1.2749169886,2.3973794696,3.6436891527,4.8911630338],"will_remap":true,"is_remapped":false,"remapped_from":null,"stim_val":"\u16bb"}