{"index":138,"real_prep_time":0.9393282783,"proposed_choice":7,"real_choice":1,"correct":false,"datetime":"180523_153641800184","presses":[1,2,6,7,7],"rts":[0.9393282783,2.075506888,3.1981884259,3.532656339,4.4304852125],"will_remap":true,"is_remapped":false,"remapped_from":null,"stim_val":"\u16a0"}