{"index":38,"real_prep_time":1.2516647005,"proposed_choice":5,"real_choice":2,"correct":false,"datetime":"180523_153203550644","presses":[2,1,1,3,6,5],"rts":[1.2516647005,1.7798791991,2.5482533659,3.8610117731,5.2025956629,6.3701155371],"will_remap":false,"is_remapped":false,"remapped_from":null,"stim_val":"\u16b3"}