{"index":114,"real_prep_time":0.6838797879,"proposed_choice":5,"real_choice":4,"correct":false,"datetime":"180523_153544331253","presses":[4,5,5],"rts":[0.6838797879,1.6755002019,2.0422076008],"will_remap":false,"is_remapped":false,"remapped_from":null,"stim_val":"\u16b3"}