{"index":119,"real_prep_time":1.5797368561,"proposed_choice":6,"real_choice":7,"correct":false,"datetime":"180523_153555575501","presses":[7,6,6],"rts":[1.5797368561,2.0257812663,2.7482766498],"will_remap":true,"is_remapped":false,"remapped_from":null,"stim_val":"\u16bb"}