{"index":44,"real_prep_time":0.5993733859,"proposed_choice":9,"real_choice":8,"correct":false,"datetime":"180523_153226038776","presses":[8,9,9],"rts":[0.5993733859,0.6765937269,1.7825911645],"will_remap":true,"is_remapped":false,"remapped_from":null,"stim_val":"\u16bc"}