{"index":65,"real_prep_time":3.3855990766,"proposed_choice":0,"real_choice":6,"correct":false,"datetime":"180523_153326488946","presses":[6,7,2,1,0],"rts":[3.3855990766,4.5688139228,5.7195423676,7.2556264924,8.4092642592],"will_remap":false,"is_remapped":false,"remapped_from":null,"stim_val":"\u16ac"}