{"index":153,"real_prep_time":0.9167918106,"proposed_choice":5,"real_choice":4,"correct":false,"datetime":"180523_153719563007","presses":[4,5,5],"rts":[0.9167918106,1.8918776812,2.294201913],"will_remap":false,"is_remapped":false,"remapped_from":null,"stim_val":"\u16b3"}