{"index":242,"real_prep_time":2.0760130355,"proposed_choice":6,"real_choice":7,"correct":false,"datetime":"180523_154101776295","presses":[7,6,6],"rts":[2.0760130355,3.0538677618,3.4224554723],"will_remap":true,"is_remapped":false,"remapped_from":null,"stim_val":"\u16bb"}