{"index":40,"real_prep_time":1.7210578777,"proposed_choice":6,"real_choice":7,"correct":false,"datetime":"180523_153216709738","presses":[7,4,1,2,3,0,6],"rts":[1.7210578777,3.0336784579,4.3801191353,5.7850394992,7.0351218288,8.3030548026,10.8107858688],"will_remap":true,"is_remapped":false,"remapped_from":null,"stim_val":"\u16bb"}