{"index":167,"real_prep_time":3.8208853594,"proposed_choice":6,"real_choice":7,"correct":false,"datetime":"180523_153800058205","presses":[7,6,6],"rts":[3.8208853594,4.2368351059,4.9107030847],"will_remap":true,"is_remapped":false,"remapped_from":null,"stim_val":"\u16bb"}