{"index":150,"real_prep_time":0.8278028066,"proposed_choice":5,"real_choice":4,"correct":false,"datetime":"180523_153711983631","presses":[4,5,5],"rts":[0.8278028066,1.7856476973,2.1376900143],"will_remap":false,"is_remapped":false,"remapped_from":null,"stim_val":"\u16b3"}