{"index":107,"real_prep_time":0.8178308793,"proposed_choice":5,"real_choice":4,"correct":false,"datetime":"180523_153526990716","presses":[4,5,5],"rts":[0.8178308793,1.7147846982,2.2720410971],"will_remap":false,"is_remapped":false,"remapped_from":null,"stim_val":"\u16b3"}