{"index":159,"real_prep_time":1.0407739072,"proposed_choice":1,"real_choice":3,"correct":false,"datetime":"180523_153738036535","presses":[3,4,1],"rts":[1.0407739072,2.962773231,4.0495270923],"will_remap":false,"is_remapped":false,"remapped_from":null,"stim_val":"\u16cb"}