{"index":123,"real_prep_time":5.918294711,"proposed_choice":1,"real_choice":5,"correct":false,"datetime":"180523_153608701174","presses":[0,5,1],"rts":[4.2590143965,5.918294711,7.4703764406],"will_remap":false,"is_remapped":false,"remapped_from":null,"stim_val":"\u16cb"}