{"index":51,"real_prep_time":1.1193446592,"proposed_choice":6,"real_choice":7,"correct":false,"datetime":"180523_153245494591","presses":[7,6,6],"rts":[1.1193446592,2.1143919793,2.4651674612],"will_remap":true,"is_remapped":false,"remapped_from":null,"stim_val":"\u16bb"}