{"index":90,"real_prep_time":1.0374159146,"proposed_choice":6,"real_choice":3,"correct":false,"datetime":"180523_153429904764","presses":[3,2,1,6],"rts":[1.0374159146,2.1087208397,3.132835866,4.2690159419],"will_remap":true,"is_remapped":false,"remapped_from":null,"stim_val":"\u16bb"}