{"index":48,"real_prep_time":0.9181319579,"proposed_choice":8,"real_choice":7,"correct":false,"datetime":"180523_153234767063","presses":[7,8,8],"rts":[0.9181319579,1.7016650377,2.0216227043],"will_remap":true,"is_remapped":false,"remapped_from":null,"stim_val":"\u16a6"}