{"index":83,"real_prep_time":3.9700012287,"proposed_choice":1,"real_choice":7,"correct":false,"datetime":"180523_153410115219","presses":[7,2,1],"rts":[3.9700012287,5.2667309468,6.8818849332],"will_remap":false,"is_remapped":false,"remapped_from":null,"stim_val":"\u16cb"}