{"index":148,"real_prep_time":1.7333095215,"proposed_choice":6,"real_choice":7,"correct":false,"datetime":"180523_153706803401","presses":[7,6,6],"rts":[1.7333095215,2.0850357162,2.9208905498],"will_remap":true,"is_remapped":false,"remapped_from":null,"stim_val":"\u16bb"}