{"index":0,"real_prep_time":0.7417791349,"proposed_choice":3,"real_choice":2,"correct":false,"datetime":"180523_152942675781","presses":[2,0,1,3],"rts":[0.7417791349,2.0078112697,3.1568171708,4.1651073159],"will_remap":true,"is_remapped":false,"remapped_from":null,"stim_val":"\u16a3"}