{"index":161,"real_prep_time":1.0272568945,"proposed_choice":5,"real_choice":4,"correct":false,"datetime":"180523_153743650391","presses":[4,5,5],"rts":[1.0272568945,1.8995003919,2.2018123952],"will_remap":false,"is_remapped":false,"remapped_from":null,"stim_val":"\u16b3"}