{"index":30,"real_prep_time":2.1155957658,"proposed_choice":4,"real_choice":2,"correct":false,"datetime":"180523_153136248374","presses":[0,2,6,3,4],"rts":[0.9782564772,2.1155957658,3.6662508398,4.9305366777,6.2284810325],"will_remap":false,"is_remapped":false,"remapped_from":null,"stim_val":"\u16c7"}