{"index":2,"real_prep_time":0.5943992988,"proposed_choice":7,"real_choice":6,"correct":false,"datetime":"180523_152955986076","presses":[6,5,5,1,0,7],"rts":[0.5943992988,1.5509409916,2.0313638447,3.2166806986,4.4159412423,5.5507668018],"will_remap":true,"is_remapped":false,"remapped_from":null,"stim_val":"\u16a0"}