{"index":13,"real_prep_time":0.7100528346,"proposed_choice":0,"real_choice":8,"correct":false,"datetime":"180523_153030167424","presses":[8,7,0],"rts":[0.7100528346,1.9414041869,3.0136659831],"will_remap":false,"is_remapped":false,"remapped_from":null,"stim_val":"\u16ac"}