{"index":32,"real_prep_time":1.8337704208,"proposed_choice":9,"real_choice":8,"correct":false,"datetime":"180523_153142828257","presses":[8,6,9],"rts":[1.8337704208,3.3206148373,4.4565696981],"will_remap":true,"is_remapped":false,"remapped_from":null,"stim_val":"\u16bc"}