{"index":16,"real_prep_time":1.3582049416,"proposed_choice":3,"real_choice":8,"correct":false,"datetime":"180523_153039178754","presses":[8,4,3],"rts":[1.3582049416,2.4313206785,3.7741071819],"will_remap":true,"is_remapped":false,"remapped_from":null,"stim_val":"\u16a3"}