{"index":8,"real_prep_time":0.8148162811,"proposed_choice":5,"real_choice":3,"correct":false,"datetime":"180523_153014825811","presses":[3,2,4,5],"rts":[0.8148162811,2.1085531014,3.3409633753,4.5090119772],"will_remap":false,"is_remapped":false,"remapped_from":null,"stim_val":"\u16b3"}