{"index":59,"real_prep_time":2.3353617357,"proposed_choice":2,"real_choice":1,"correct":false,"datetime":"180523_153306266539","presses":[0,1,8,2],"rts":[1.0713794104,2.3353617357,2.4333338319,3.7759306033],"will_remap":true,"is_remapped":false,"remapped_from":null,"stim_val":"\u16a2"}