{"index":17,"real_prep_time":1.6719730047,"proposed_choice":7,"real_choice":1,"correct":false,"datetime":"180523_153100102359","presses":[1,2,4,3,0,8,6,5,9,2,3,1,4,0,5,6,7],"rts":[1.6719730047,3.0004815146,4.0240120959,5.1462317669,6.2807614382,7.4162080988,8.6640822645,9.7199863463,10.843055266,12.2000347206,13.3044764731,14.490817352,15.6742102002,16.7603502916,17.9130153519,18.9850759793,20.0890799112],"will_remap":true,"is_remapped":false,"remapped_from":null,"stim_val":"\u16a0"}