{"index":94,"real_prep_time":1.0727770344,"proposed_choice":0,"real_choice":1,"correct":false,"datetime":"180523_153447911991","presses":[1,3,6,2,7,1,2,0],"rts":[1.0727770344,2.288754229,3.5847434938,4.8492302071,6.4008172259,8.2727665947,9.859883938,11.0431559676],"will_remap":false,"is_remapped":false,"remapped_from":null,"stim_val":"\u16ac"}