{"index":139,"real_prep_time":0.9556942036,"proposed_choice":6,"real_choice":8,"correct":false,"datetime":"180523_153647063493","presses":[8,2,1,6],"rts":[0.9556942036,2.2524092593,3.3075772865,4.4305699614],"will_remap":true,"is_remapped":false,"remapped_from":null,"stim_val":"\u16bb"}