{"index":1,"real_prep_time":0.6563446003,"proposed_choice":4,"real_choice":6,"correct":false,"datetime":"180523_152949589111","presses":[6,5,1,0,2,4],"rts":[0.6563446003,1.7426709047,2.8315836641,3.886687763,5.0234534569,6.0800006334],"will_remap":false,"is_remapped":false,"remapped_from":null,"stim_val":"\u16c7"}