{"index":36,"real_prep_time":2.1521064212,"proposed_choice":0,"real_choice":2,"correct":false,"datetime":"180523_153154155121","presses":[2,1,1,0],"rts":[2.1521064212,3.1471478763,3.592230137,4.8423544012],"will_remap":false,"is_remapped":false,"remapped_from":null,"stim_val":"\u16ac"}