{"index":233,"real_prep_time":0.8280810997,"proposed_choice":5,"real_choice":7,"correct":false,"datetime":"180523_154043719801","presses":[7,5,5],"rts":[0.8280810997,1.7878241903,2.3828897504],"will_remap":false,"is_remapped":false,"remapped_from":null,"stim_val":"\u16b3"}