{"index":82,"real_prep_time":0.999239899,"proposed_choice":6,"real_choice":2,"correct":false,"datetime":"180523_153402386114","presses":[2,3,7,6],"rts":[0.999239899,2.0377082837,3.1568699556,4.9183070274],"will_remap":true,"is_remapped":false,"remapped_from":null,"stim_val":"\u16bb"}