{"index":893,"real_prep_time":0.588994136,"proposed_choice":7,"real_choice":2,"correct":false,"datetime":"180530_141427978660","presses":[2,7,7],"rts":[0.588994136,1.5515439113,1.9010112101],"will_remap":true,"is_remapped":false,"remapped_from":null,"stim_val":"\u16a2"}