{"index":682,"real_prep_time":0.7201470467,"proposed_choice":6,"real_choice":3,"correct":false,"datetime":"180530_140819094499","presses":[3,6,6],"rts":[0.7201470467,1.1203434648,1.9037325594],"will_remap":false,"is_remapped":false,"remapped_from":null,"stim_val":"\u16a0"}