{"index":632,"real_prep_time":0.6006789297,"proposed_choice":6,"real_choice":3,"correct":false,"datetime":"180530_140654439513","presses":[3,6,6],"rts":[0.6006789297,1.0341608522,1.6858328253],"will_remap":false,"is_remapped":false,"remapped_from":null,"stim_val":"\u16a0"}