{"index":46,"real_prep_time":1.1084554495,"proposed_choice":1,"real_choice":8,"correct":false,"datetime":"180530_135045829360","presses":[8,1,1],"rts":[1.1084554495,2.0523352432,2.436617046],"will_remap":true,"is_remapped":false,"remapped_from":null,"stim_val":"\u16bc"}