{"index":925,"real_prep_time":0.7075317743,"proposed_choice":0,"real_choice":2,"correct":false,"datetime":"180530_141526330516","presses":[2,7,0],"rts":[0.7075317743,1.8915709429,2.9014997627],"will_remap":false,"is_remapped":false,"remapped_from":null,"stim_val":"\u16a6"}