{"index":255,"real_prep_time":0.569883108,"proposed_choice":2,"real_choice":7,"correct":false,"datetime":"180530_135620682011","presses":[7,2,2],"rts":[0.569883108,0.6173536461,1.8001972392],"will_remap":true,"is_remapped":false,"remapped_from":null,"stim_val":"\u16cb"}