{"index":155,"real_prep_time":0.5517271917,"proposed_choice":8,"real_choice":3,"correct":false,"datetime":"180530_135338219541","presses":[3,8,8],"rts":[0.5517271917,0.9351914166,1.8659418727],"will_remap":true,"is_remapped":false,"remapped_from":null,"stim_val":"\u16ac"}