{"index":274,"real_prep_time":0.7172585456,"proposed_choice":2,"real_choice":7,"correct":false,"datetime":"180530_135653081227","presses":[7,2,2],"rts":[0.7172585456,1.0853201677,1.923612779],"will_remap":true,"is_remapped":false,"remapped_from":null,"stim_val":"\u16cb"}