{"index":290,"real_prep_time":0.7373765899,"proposed_choice":6,"real_choice":3,"correct":false,"datetime":"180530_135723564234","presses":[3,6,6],"rts":[0.7373765899,0.833693003,2.0330638083],"will_remap":false,"is_remapped":false,"remapped_from":null,"stim_val":"\u16a0"}