{"index":67,"real_prep_time":0.7926217415,"proposed_choice":2,"real_choice":7,"correct":false,"datetime":"180530_135120877101","presses":[7,2,2],"rts":[0.7926217415,1.5594493138,1.9142250033],"will_remap":true,"is_remapped":false,"remapped_from":null,"stim_val":"\u16cb"}