{"index":708,"real_prep_time":0.65538509,"proposed_choice":6,"real_choice":3,"correct":false,"datetime":"180530_140917745882","presses":[3,6,6],"rts":[0.65538509,1.1198877561,1.7913751407],"will_remap":false,"is_remapped":false,"remapped_from":null,"stim_val":"\u16a0"}