{"index":325,"real_prep_time":0.551677926,"proposed_choice":0,"real_choice":4,"correct":false,"datetime":"180530_135819517433","presses":[4,0,0],"rts":[0.551677926,1.5134423808,1.9145302755],"will_remap":false,"is_remapped":false,"remapped_from":null,"stim_val":"\u16a6"}