{"index":361,"real_prep_time":0.6778371021,"proposed_choice":3,"real_choice":6,"correct":false,"datetime":"180530_135917370257","presses":[6,3,3],"rts":[0.6778371021,1.3923264986,2.0166629865],"will_remap":true,"is_remapped":false,"remapped_from":null,"stim_val":"\u16c7"}