{"index":441,"real_prep_time":0.6126710484,"proposed_choice":4,"real_choice":5,"correct":false,"datetime":"180530_140135395524","presses":[5,4,4],"rts":[0.6126710484,1.5714569746,1.9396681538],"will_remap":true,"is_remapped":false,"remapped_from":null,"stim_val":"\u16a3"}