{"index":726,"real_prep_time":0.5848018503,"proposed_choice":5,"real_choice":4,"correct":false,"datetime":"180530_140945081193","presses":[4,5,5],"rts":[0.5848018503,0.9681649044,1.7525545642],"will_remap":false,"is_remapped":false,"remapped_from":null,"stim_val":"\u16b3"}