{"index":49,"real_prep_time":1.2853645656,"proposed_choice":7,"real_choice":9,"correct":false,"datetime":"180531_141121627798","presses":[9,5,6,8,7],"rts":[1.2853645656,2.5826693446,3.6373124564,5.0638080182,6.4693421519],"will_remap":true,"is_remapped":false,"remapped_from":null,"stim_val":"\u16cb"}