{"index":20,"real_prep_time":1.2354814692,"proposed_choice":6,"real_choice":1,"correct":false,"datetime":"180531_140902136888","presses":[1,2,3,5,6],"rts":[1.2354814692,2.5163000909,4.0034914209,5.6675575566,7.1553949139],"will_remap":true,"is_remapped":false,"remapped_from":null,"stim_val":"\u16a3"}