{"index":25,"real_prep_time":4.793039328,"proposed_choice":3,"real_choice":7,"correct":false,"datetime":"180531_140938833732","presses":[7,8,8,2,3],"rts":[4.793039328,5.6688636871,6.9008537354,8.294780493,9.4290016666],"will_remap":true,"is_remapped":false,"remapped_from":null,"stim_val":"\u16a0"}