{"index":16,"real_prep_time":1.141762361,"proposed_choice":4,"real_choice":8,"correct":false,"datetime":"180531_140836516978","presses":[8,7,6,5,2,3,4],"rts":[1.141762361,2.5824192034,4.0697298856,5.6216852249,7.4466470366,9.176153707,10.7761514196],"will_remap":true,"is_remapped":false,"remapped_from":null,"stim_val":"\u16b3"}