{"index":7,"real_prep_time":1.0217470417,"proposed_choice":3,"real_choice":7,"correct":false,"datetime":"180531_140740513977","presses":[7,6,8,5,4,4,3],"rts":[1.0217470417,2.637784587,4.1738610874,5.647045679,6.9897524187,8.6697636677,10.0786135664],"will_remap":true,"is_remapped":false,"remapped_from":null,"stim_val":"\u16a0"}