{"index":1,"real_prep_time":12.6012317038,"proposed_choice":7,"real_choice":4,"correct":false,"datetime":"180531_140710946528","presses":[4,3,2,1,5,6,7],"rts":[12.6012317038,14.3451659246,15.9507019351,17.6423748113,19.4172224465,20.9877413182,22.5543520623],"will_remap":true,"is_remapped":false,"remapped_from":null,"stim_val":"\u16cb"}