{"index":22,"real_prep_time":1.5554450006,"proposed_choice":5,"real_choice":3,"correct":false,"datetime":"180531_140917661709","presses":[3,4,5],"rts":[1.5554450006,3.0914203302,4.4436517927],"will_remap":false,"is_remapped":false,"remapped_from":null,"stim_val":"\u16ac"}