{"index":0,"real_prep_time":1.0501974592,"proposed_choice":0,"real_choice":6,"correct":false,"datetime":"180531_140647559128","presses":[6,7,8,9,5,6,7,4,3,2,1,0,0],"rts":[1.0501974592,1.9638564922,5.1793993853,6.8117142947,8.5056123432,9.5952544125,10.3622866725,11.9297208594,12.7296729425,14.4426541602,16.043053917,16.7624197488,17.8177132865],"will_remap":false,"is_remapped":false,"remapped_from":null,"stim_val":"\u16bc"}