{"index":114,"real_prep_time":1.1887695659,"proposed_choice":7,"real_choice":9,"correct":false,"datetime":"180531_141449215740","presses":[9,8,7],"rts":[1.1887695659,2.6641230261,4.1168790228],"will_remap":true,"is_remapped":false,"remapped_from":null,"stim_val":"\u16cb"}