{"index":2,"real_prep_time":2.6056987637,"proposed_choice":1,"real_choice":4,"correct":false,"datetime":"180531_140719158717","presses":[4,3,2,1],"rts":[2.6056987637,4.3017633348,5.8217703844,7.3736876014],"will_remap":true,"is_remapped":false,"remapped_from":null,"stim_val":"\u16a2"}