{"index":34,"real_prep_time":1.4163758372,"proposed_choice":7,"real_choice":8,"correct":false,"datetime":"180531_141033253800","presses":[8,2,6,9,5,3,1,2,4,5,6,7],"rts":[1.4163758372,3.032309279,4.471559993,6.1356748082,7.7355953964,9.0188286292,10.4105249359,11.6876641643,12.9196225418,15.224955888,16.9063465797,18.1379158159],"will_remap":true,"is_remapped":false,"remapped_from":null,"stim_val":"\u16cb"}