{"index":13,"real_prep_time":0.9819440816,"proposed_choice":9,"real_choice":7,"correct":false,"datetime":"180531_140813879061","presses":[7,8,1,2,3,4,5,9],"rts":[0.9819440816,2.1655213833,3.7978711893,5.1404509522,7.0138627531,8.2946051302,9.80579448,11.2045340379],"will_remap":false,"is_remapped":false,"remapped_from":null,"stim_val":"\u16c7"}