{"index":77,"real_prep_time":1.3096502626,"proposed_choice":6,"real_choice":7,"correct":false,"datetime":"180531_141244166478","presses":[7,1,6],"rts":[1.3096502626,3.0536604349,4.5263547144],"will_remap":true,"is_remapped":false,"remapped_from":null,"stim_val":"\u16a3"}