{"index":10,"real_prep_time":1.0887054324,"proposed_choice":4,"real_choice":8,"correct":false,"datetime":"180531_140758371029","presses":[8,8,5,6,9,4],"rts":[1.0887054324,2.4816920342,3.8886648468,5.3300556908,6.5786316011,8.161786859],"will_remap":true,"is_remapped":false,"remapped_from":null,"stim_val":"\u16b3"}