{"index":14,"real_prep_time":1.370148381,"proposed_choice":3,"real_choice":8,"correct":false,"datetime":"180531_140823390833","presses":[8,7,6,5,4,3],"rts":[1.370148381,2.8411447497,4.2496755935,5.579488181,7.2280921845,8.665125644],"will_remap":true,"is_remapped":false,"remapped_from":null,"stim_val":"\u16a0"}