{"index":90,"real_prep_time":2.1098498477,"proposed_choice":6,"real_choice":8,"correct":false,"datetime":"180531_141332940243","presses":[8,7,6],"rts":[2.1098498477,3.5668682166,5.069883548],"will_remap":true,"is_remapped":false,"remapped_from":null,"stim_val":"\u16a3"}