{"index":109,"real_prep_time":2.8504040823,"proposed_choice":7,"real_choice":8,"correct":false,"datetime":"180531_141433407823","presses":[8,9,7],"rts":[2.8504040823,4.4337772242,6.0656912624],"will_remap":true,"is_remapped":false,"remapped_from":null,"stim_val":"\u16cb"}