{"index":74,"real_prep_time":2.2546244612,"proposed_choice":4,"real_choice":5,"correct":false,"datetime":"180531_141233372901","presses":[5,8,7,9,5,1,2,0,4],"rts":[2.2546244612,3.7428999321,5.1506941348,6.848682125,8.4309130625,10.0147360482,11.3933115215,12.7058546841,14.0146586305],"will_remap":true,"is_remapped":false,"remapped_from":null,"stim_val":"\u16b3"}