{"index":85,"real_prep_time":2.1102032127,"proposed_choice":4,"real_choice":9,"correct":false,"datetime":"180531_141315649971","presses":[9,5,8,7,1,4],"rts":[2.1102032127,3.6903036974,5.2448888924,6.6991178781,8.1383243116,9.1628017934],"will_remap":true,"is_remapped":false,"remapped_from":null,"stim_val":"\u16b3"}