{"index":120,"real_prep_time":2.0149460144,"proposed_choice":7,"real_choice":9,"correct":false,"datetime":"180531_141506773136","presses":[9,8,7],"rts":[2.0149460144,3.508621663,4.8466686785],"will_remap":true,"is_remapped":false,"remapped_from":null,"stim_val":"\u16cb"}