{"index":68,"real_prep_time":1.4601772455,"proposed_choice":6,"real_choice":5,"correct":false,"datetime":"180531_141207869435","presses":[5,2,7,6],"rts":[1.4601772455,3.3098883807,4.5484524819,5.6682842274],"will_remap":true,"is_remapped":false,"remapped_from":null,"stim_val":"\u16a3"}