{"index":57,"real_prep_time":1.1993206597,"proposed_choice":4,"real_choice":9,"correct":false,"datetime":"180531_141142516591","presses":[9,2,3,4,4],"rts":[1.1993206597,2.8788970207,4.0948011964,4.9569974015,5.6801484895],"will_remap":true,"is_remapped":false,"remapped_from":null,"stim_val":"\u16b3"}