{"index":89,"real_prep_time":1.1742077076,"proposed_choice":3,"real_choice":2,"correct":false,"datetime":"180531_141327027035","presses":[2,1,3],"rts":[1.1742077076,2.755512272,4.1808078595],"will_remap":true,"is_remapped":false,"remapped_from":null,"stim_val":"\u16a0"}