{"index":30,"real_prep_time":1.1709725863,"proposed_choice":2,"real_choice":8,"correct":false,"datetime":"180531_141003370348","presses":[8,5,9,7,6,5,4,3,2],"rts":[1.1709725863,2.6274584151,3.8748352308,5.1228343205,6.3868729497,7.9389837109,9.2028724898,10.3549921073,11.6349218917],"will_remap":true,"is_remapped":false,"remapped_from":null,"stim_val":"\u16bb"}