{"index":9,"real_prep_time":2.9175378358,"proposed_choice":7,"real_choice":5,"correct":false,"datetime":"180531_140749376110","presses":[5,2,7],"rts":[2.9175378358,4.9334794299,6.1656527588],"will_remap":true,"is_remapped":false,"remapped_from":null,"stim_val":"\u16cb"}