{"index":17,"real_prep_time":1.564907848,"proposed_choice":5,"real_choice":1,"correct":false,"datetime":"180531_140849893238","presses":[1,2,3,6,7,8,5],"rts":[1.564907848,3.0353845798,6.8783055377,8.1234093816,9.6286648409,11.1410732263,12.5419482223],"will_remap":false,"is_remapped":false,"remapped_from":null,"stim_val":"\u16ac"}