{"index":46,"real_prep_time":1.0199687807,"proposed_choice":6,"real_choice":8,"correct":false,"datetime":"180531_141110100939","presses":[8,7,7,6],"rts":[1.0199687807,1.6436938447,2.5569470214,4.030710193],"will_remap":true,"is_remapped":false,"remapped_from":null,"stim_val":"\u16a3"}