{"index":81,"real_prep_time":1.0155363242,"proposed_choice":6,"real_choice":5,"correct":false,"datetime":"180531_141258975283","presses":[5,4,3,3,6],"rts":[1.0155363242,2.6938030359,3.8481035449,5.2693640282,6.5502964306],"will_remap":true,"is_remapped":false,"remapped_from":null,"stim_val":"\u16a3"}