{"index":21,"real_prep_time":1.0493473307,"proposed_choice":2,"real_choice":8,"correct":false,"datetime":"180531_140912381226","presses":[8,9,7,6,5,4,2],"rts":[1.0493473307,2.4718705436,3.7838647442,5.2078020031,6.4717884338,7.994883394,9.3998629942],"will_remap":true,"is_remapped":false,"remapped_from":null,"stim_val":"\u16bb"}