{"index":815,"real_prep_time":0.5055082398,"proposed_choice":2,"real_choice":7,"correct":false,"datetime":"180531_172722166266","presses":[7,2,2],"rts":[0.5055082398,1.4686791163,1.7212493692],"will_remap":true,"is_remapped":false,"remapped_from":null,"stim_val":"\u16a2"}