{"index":907,"real_prep_time":0.557893922,"proposed_choice":2,"real_choice":6,"correct":false,"datetime":"180531_173242759682","presses":[6,7,2,2,2],"rts":[0.557893922,0.6059137151,0.6373916336,1.5349425072,1.8700033694],"will_remap":true,"is_remapped":false,"remapped_from":null,"stim_val":"\u16a2"}