{"index":738,"real_prep_time":0.5229166648,"proposed_choice":2,"real_choice":7,"correct":false,"datetime":"180531_172456428246","presses":[7,2,2],"rts":[0.5229166648,1.527609233,1.8168892572],"will_remap":true,"is_remapped":false,"remapped_from":null,"stim_val":"\u16a2"}