{"index":248,"real_prep_time":0.6668593312,"proposed_choice":5,"real_choice":6,"correct":false,"datetime":"180531_170538669648","presses":[6,5,5],"rts":[0.6668593312,1.6077729127,1.9307372599],"will_remap":false,"is_remapped":false,"remapped_from":null,"stim_val":"\u16b3"}