{"index":183,"real_prep_time":0.5362759096,"proposed_choice":3,"real_choice":5,"correct":false,"datetime":"180531_170318628537","presses":[5,3,3],"rts":[0.5362759096,0.6850568888,1.704334482],"will_remap":true,"is_remapped":false,"remapped_from":null,"stim_val":"\u16a3"}