{"index":481,"real_prep_time":0.51897628,"proposed_choice":6,"real_choice":3,"correct":false,"datetime":"180531_171308943635","presses":[3,6,6,6],"rts":[0.51897628,0.6007161724,1.5250740966,1.8774501309],"will_remap":true,"is_remapped":false,"remapped_from":null,"stim_val":"\u16bb"}