{"index":172,"real_prep_time":0.7228807126,"proposed_choice":4,"real_choice":3,"correct":false,"datetime":"180531_170300488614","presses":[3,4,4],"rts":[0.7228807126,1.7150770673,2.0343857742],"will_remap":false,"is_remapped":false,"remapped_from":null,"stim_val":"\u16c7"}