{"index":709,"real_prep_time":0.418140902,"proposed_choice":9,"real_choice":7,"correct":false,"datetime":"180531_172358775385","presses":[7,9,9],"rts":[0.418140902,0.4515788958,1.5354565723],"will_remap":true,"is_remapped":false,"remapped_from":null,"stim_val":"\u16bc"}