{"index":904,"real_prep_time":0.705370237,"proposed_choice":2,"real_choice":7,"correct":false,"datetime":"180531_173237396223","presses":[7,2,2],"rts":[0.705370237,0.7205320825,1.8576570062],"will_remap":true,"is_remapped":false,"remapped_from":null,"stim_val":"\u16a2"}