{"index":650,"real_prep_time":0.9374406354,"proposed_choice":1,"real_choice":3,"correct":false,"datetime":"180531_171911080956","presses":[3,1,1],"rts":[0.9374406354,1.9004352692,2.2191862168],"will_remap":false,"is_remapped":false,"remapped_from":null,"stim_val":"\u16cb"}