{"index":611,"real_prep_time":0.5875510584,"proposed_choice":3,"real_choice":4,"correct":false,"datetime":"180531_171803401371","presses":[4,3,3],"rts":[0.5875510584,1.5836992346,1.8673192627],"will_remap":true,"is_remapped":false,"remapped_from":null,"stim_val":"\u16a3"}