{"index":15,"real_prep_time":0.6732380802,"proposed_choice":3,"real_choice":8,"correct":false,"datetime":"180531_165824853734","presses":[8,3,3],"rts":[0.6732380802,1.6664200444,1.9692258787],"will_remap":true,"is_remapped":false,"remapped_from":null,"stim_val":"\u16a3"}