{"index":348,"real_prep_time":0.5499665256,"proposed_choice":9,"real_choice":6,"correct":false,"datetime":"180531_170847401399","presses":[0,6,9],"rts":[0.5171229473,0.5499665256,1.6838231909],"will_remap":true,"is_remapped":false,"remapped_from":null,"stim_val":"\u16bc"}