{"index":8,"real_prep_time":0.8384019932,"proposed_choice":5,"real_choice":4,"correct":false,"datetime":"180531_165811211264","presses":[4,5,5],"rts":[0.8384019932,0.927678381,2.2485990769],"will_remap":false,"is_remapped":false,"remapped_from":null,"stim_val":"\u16b3"}