{"index":251,"real_prep_time":0.5511456793,"proposed_choice":2,"real_choice":7,"correct":false,"datetime":"180531_170544033654","presses":[7,2,2],"rts":[0.5511456793,0.6002460944,1.5910852934],"will_remap":true,"is_remapped":false,"remapped_from":null,"stim_val":"\u16a2"}