{"index":179,"real_prep_time":0.6032105471,"proposed_choice":5,"real_choice":4,"correct":false,"datetime":"180531_170311899270","presses":[4,5,5],"rts":[0.6032105471,1.5832373677,1.9337263454],"will_remap":false,"is_remapped":false,"remapped_from":null,"stim_val":"\u16b3"}