{"index":747,"real_prep_time":0.5854719239,"proposed_choice":5,"real_choice":3,"correct":false,"datetime":"180531_172511903282","presses":[3,5,5],"rts":[0.5854719239,1.5310302741,1.9339553728],"will_remap":false,"is_remapped":false,"remapped_from":null,"stim_val":"\u16b3"}