{"index":561,"real_prep_time":0.4405110975,"proposed_choice":7,"real_choice":2,"correct":false,"datetime":"180531_171540677938","presses":[2,7,7],"rts":[0.4405110975,1.4014562151,1.7246621993],"will_remap":true,"is_remapped":false,"remapped_from":null,"stim_val":"\u16a0"}