{"index":257,"real_prep_time":0.5584027087,"proposed_choice":3,"real_choice":2,"correct":false,"datetime":"180531_170554377979","presses":[2,3,3],"rts":[0.5584027087,1.5186012147,1.9833701508],"will_remap":true,"is_remapped":false,"remapped_from":null,"stim_val":"\u16a3"}