{"index":60,"real_prep_time":0.5307584325,"proposed_choice":7,"real_choice":8,"correct":false,"datetime":"180531_165942279329","presses":[8,7,7],"rts":[0.5307584325,0.624485165,1.56848783],"will_remap":true,"is_remapped":false,"remapped_from":null,"stim_val":"\u16a0"}