{"index":61,"real_prep_time":0.6571372519,"proposed_choice":1,"real_choice":1,"correct":true,"datetime":"180531_165944810438","presses":[0,1,1],"rts":[0.577124302,0.6571372519,1.6983469269],"will_remap":false,"is_remapped":false,"remapped_from":null,"stim_val":"\u16cb"}