{"index":563,"real_prep_time":0.6675663542,"proposed_choice":6,"real_choice":3,"correct":false,"datetime":"180531_171545741837","presses":[3,6,6],"rts":[0.6675663542,1.6393631457,1.9135250184],"will_remap":true,"is_remapped":false,"remapped_from":null,"stim_val":"\u16bb"}