{"index":602,"real_prep_time":0.5143945599,"proposed_choice":7,"real_choice":2,"correct":false,"datetime":"180531_171746876565","presses":[2,7,7,7],"rts":[0.5143945599,0.5276975009,1.4081018207,1.6832050224],"will_remap":true,"is_remapped":false,"remapped_from":null,"stim_val":"\u16a0"}