{"index":338,"real_prep_time":0.5840282599,"proposed_choice":2,"real_choice":7,"correct":false,"datetime":"180531_170828494175","presses":[7,2,2],"rts":[0.5840282599,1.5391720354,1.8278626294],"will_remap":true,"is_remapped":false,"remapped_from":null,"stim_val":"\u16a2"}