{"index":125,"real_prep_time":0.525682588,"proposed_choice":2,"real_choice":7,"correct":false,"datetime":"180531_170141498127","presses":[7,2,2],"rts":[0.525682588,0.5736560478,1.5672063325],"will_remap":true,"is_remapped":false,"remapped_from":null,"stim_val":"\u16a2"}