{"index":612,"real_prep_time":0.5606094062,"proposed_choice":5,"real_choice":6,"correct":false,"datetime":"180531_171805983444","presses":[6,5,5],"rts":[0.5606094062,1.4559820273,1.7465039605],"will_remap":false,"is_remapped":false,"remapped_from":null,"stim_val":"\u16b3"}