{"index":188,"real_prep_time":0.5988261835,"proposed_choice":9,"real_choice":9,"correct":true,"datetime":"180531_170326907708","presses":[0,9,9],"rts":[0.484424527,0.5988261835,1.7829518606],"will_remap":true,"is_remapped":false,"remapped_from":null,"stim_val":"\u16bc"}