{"index":417,"real_prep_time":0.4674732769,"proposed_choice":6,"real_choice":2,"correct":false,"datetime":"180531_171115837892","presses":[2,7,6],"rts":[0.4674732769,0.5173156117,1.7325699478],"will_remap":true,"is_remapped":false,"remapped_from":null,"stim_val":"\u16bb"}