{"index":144,"real_prep_time":0.6837962121,"proposed_choice":8,"real_choice":3,"correct":false,"datetime":"180531_170212464521","presses":[3,8,8],"rts":[0.6837962121,0.7487546455,2.0585380431],"will_remap":true,"is_remapped":false,"remapped_from":null,"stim_val":"\u16a6"}