{"index":225,"real_prep_time":0.5601525245,"proposed_choice":2,"real_choice":7,"correct":false,"datetime":"180531_170457275386","presses":[7,2,2],"rts":[0.5601525245,0.5760762306,1.6828361152],"will_remap":true,"is_remapped":false,"remapped_from":null,"stim_val":"\u16a2"}