{"index":483,"real_prep_time":0.6339656072,"proposed_choice":1,"real_choice":1,"correct":true,"datetime":"180531_171314007201","presses":[0,1,1],"rts":[0.583698648,0.6339656072,1.6858903021],"will_remap":false,"is_remapped":false,"remapped_from":null,"stim_val":"\u16cb"}