{"index":521,"real_prep_time":0.6003129552,"proposed_choice":8,"real_choice":6,"correct":false,"datetime":"180531_171430632459","presses":[6,8,8],"rts":[0.6003129552,0.7078654915,1.669452824],"will_remap":true,"is_remapped":false,"remapped_from":null,"stim_val":"\u16a6"}