{"index":290,"real_prep_time":0.4994494253,"proposed_choice":2,"real_choice":7,"correct":false,"datetime":"180531_170646766319","presses":[7,2,2,2],"rts":[0.4994494253,0.608735942,1.4580377018,1.7629470102],"will_remap":true,"is_remapped":false,"remapped_from":null,"stim_val":"\u16a2"}