{"index":460,"real_prep_time":0.9586466331,"proposed_choice":3,"real_choice":9,"correct":false,"datetime":"180531_171233746085","presses":[9,4,4,3],"rts":[0.9586466331,1.9374558844,2.4003926016,4.2067049592],"will_remap":true,"is_remapped":false,"remapped_from":null,"stim_val":"\u16a3"}