{"index":294,"real_prep_time":0.5583062298,"proposed_choice":6,"real_choice":3,"correct":false,"datetime":"180531_170653795738","presses":[3,6,6],"rts":[0.5583062298,1.5511277911,1.8393538789],"will_remap":true,"is_remapped":false,"remapped_from":null,"stim_val":"\u16bb"}