{"index":895,"real_prep_time":0.5862370102,"proposed_choice":7,"real_choice":2,"correct":false,"datetime":"180531_172939975301","presses":[2,7,7],"rts":[0.5862370102,0.6385687345,1.6708612983],"will_remap":true,"is_remapped":false,"remapped_from":null,"stim_val":"\u16a0"}