{"index":619,"real_prep_time":0.5740935751,"proposed_choice":8,"real_choice":3,"correct":false,"datetime":"180531_171817660217","presses":[3,8,8],"rts":[0.5740935751,0.6861548126,1.6165683257],"will_remap":true,"is_remapped":false,"remapped_from":null,"stim_val":"\u16a6"}