{"index":217,"real_prep_time":0.7042951866,"proposed_choice":1,"real_choice":1,"correct":true,"datetime":"180531_170442666712","presses":[0,1,1],"rts":[0.6243646396,0.7042951866,1.6659567112],"will_remap":false,"is_remapped":false,"remapped_from":null,"stim_val":"\u16cb"}