{"index":637,"real_prep_time":0.4882036251,"proposed_choice":6,"real_choice":2,"correct":false,"datetime":"180531_171849376635","presses":[2,6,6],"rts":[0.4882036251,0.6347784931,1.5761043825],"will_remap":true,"is_remapped":false,"remapped_from":null,"stim_val":"\u16bb"}