{"index":379,"real_prep_time":0.6471791073,"proposed_choice":3,"real_choice":6,"correct":false,"datetime":"180531_170941722524","presses":[6,3,3],"rts":[0.6471791073,1.4168453285,1.7341174221],"will_remap":true,"is_remapped":false,"remapped_from":null,"stim_val":"\u16a3"}