{"index":517,"real_prep_time":0.6083497333,"proposed_choice":0,"real_choice":5,"correct":false,"datetime":"180531_171422986778","presses":[5,0,0],"rts":[0.6083497333,0.687832196,1.6166574734],"will_remap":false,"is_remapped":false,"remapped_from":null,"stim_val":"\u16ac"}