{"index":17,"real_prep_time":0.6497233344,"proposed_choice":3,"real_choice":6,"correct":false,"datetime":"180531_165828851396","presses":[6,3,3],"rts":[0.6497233344,0.7307488725,1.6881008119],"will_remap":true,"is_remapped":false,"remapped_from":null,"stim_val":"\u16a3"}