{"index":41,"real_prep_time":0.638669612,"proposed_choice":4,"real_choice":3,"correct":false,"datetime":"180531_165910945707","presses":[3,1,4],"rts":[0.638669612,1.7427753012,3.0229396848],"will_remap":false,"is_remapped":false,"remapped_from":null,"stim_val":"\u16c7"}