{"index":147,"real_prep_time":0.8807931677,"proposed_choice":9,"real_choice":5,"correct":false,"datetime":"180531_170220443522","presses":[5,0,9],"rts":[0.8807931677,1.9320756476,3.130845586],"will_remap":true,"is_remapped":false,"remapped_from":null,"stim_val":"\u16bc"}