{"index":596,"real_prep_time":0.6175120005,"proposed_choice":2,"real_choice":7,"correct":false,"datetime":"180531_171644360349","presses":[7,2,2],"rts":[0.6175120005,1.623960836,2.1538732455],"will_remap":true,"is_remapped":false,"remapped_from":null,"stim_val":"\u16a2"}