{"index":25,"real_prep_time":0.7036306846,"proposed_choice":4,"real_choice":1,"correct":false,"datetime":"180531_165841978123","presses":[1,4,4],"rts":[0.7036306846,1.7148143162,2.0487878118],"will_remap":false,"is_remapped":false,"remapped_from":null,"stim_val":"\u16c7"}