{"index":271,"real_prep_time":0.6079954887,"proposed_choice":8,"real_choice":6,"correct":false,"datetime":"180531_170616698584","presses":[6,8,8],"rts":[0.6079954887,0.7685099409,1.6658177113],"will_remap":true,"is_remapped":false,"remapped_from":null,"stim_val":"\u16a6"}