{"index":675,"real_prep_time":0.5869718918,"proposed_choice":3,"real_choice":8,"correct":false,"datetime":"180531_171956906442","presses":[8,3,3,3],"rts":[0.5869718918,0.6187882195,1.5510621034,1.8671034315],"will_remap":true,"is_remapped":false,"remapped_from":null,"stim_val":"\u16a3"}