{"index":544,"real_prep_time":0.5640128525,"proposed_choice":6,"real_choice":1,"correct":false,"datetime":"180531_171510910812","presses":[1,6,6],"rts":[0.5640128525,1.4893162111,1.7800401927],"will_remap":true,"is_remapped":false,"remapped_from":null,"stim_val":"\u16bb"}