{"index":725,"real_prep_time":0.9185598079,"proposed_choice":2,"real_choice":7,"correct":false,"datetime":"180531_172429459883","presses":[7,2,2],"rts":[0.9185598079,1.9284185412,2.3403290779],"will_remap":true,"is_remapped":false,"remapped_from":null,"stim_val":"\u16a2"}