{"index":354,"real_prep_time":0.6074333306,"proposed_choice":2,"real_choice":7,"correct":false,"datetime":"180531_170859461215","presses":[7,2,2],"rts":[0.6074333306,1.6006798096,1.8869956743],"will_remap":true,"is_remapped":false,"remapped_from":null,"stim_val":"\u16a2"}