{"index":672,"real_prep_time":0.5899430892,"proposed_choice":2,"real_choice":7,"correct":false,"datetime":"180531_171951392912","presses":[7,2,2],"rts":[0.5899430892,0.7023790986,1.725632853],"will_remap":true,"is_remapped":false,"remapped_from":null,"stim_val":"\u16a2"}