{"index":97,"real_prep_time":1.5895565873,"proposed_choice":6,"real_choice":1,"correct":false,"datetime":"180531_170042029625","presses":[0,1,6],"rts":[0.5668984213,1.5895565873,2.6947546285],"will_remap":true,"is_remapped":false,"remapped_from":null,"stim_val":"\u16bb"}