{"index":894,"real_prep_time":0.6803716519,"proposed_choice":1,"real_choice":6,"correct":false,"datetime":"180531_172937460140","presses":[6,1,1],"rts":[0.6803716519,1.6231655451,1.9738791515],"will_remap":false,"is_remapped":false,"remapped_from":null,"stim_val":"\u16cb"}