{"index":528,"real_prep_time":0.6179199095,"proposed_choice":9,"real_choice":9,"correct":true,"datetime":"180531_171443825470","presses":[0,9,9],"rts":[0.5533039909,0.6179199095,1.6252742977],"will_remap":true,"is_remapped":false,"remapped_from":null,"stim_val":"\u16bc"}