{"index":860,"real_prep_time":0.7520753954,"proposed_choice":4,"real_choice":3,"correct":false,"datetime":"180531_172834760347","presses":[3,5,4],"rts":[0.7520753954,1.7892831033,3.0686724302],"will_remap":false,"is_remapped":false,"remapped_from":null,"stim_val":"\u16c7"}