{"index":526,"real_prep_time":0.5340674525,"proposed_choice":6,"real_choice":3,"correct":false,"datetime":"180531_171438944750","presses":[3,6,6],"rts":[0.5340674525,1.5215621484,1.8260248387],"will_remap":true,"is_remapped":false,"remapped_from":null,"stim_val":"\u16bb"}