{"index":160,"real_prep_time":0.5041182402,"proposed_choice":0,"real_choice":6,"correct":false,"datetime":"180531_170240399652","presses":[6,0,0],"rts":[0.5041182402,0.6006296639,1.5760879605],"will_remap":false,"is_remapped":false,"remapped_from":null,"stim_val":"\u16ac"}