{"index":146,"real_prep_time":0.574326708,"proposed_choice":8,"real_choice":8,"correct":true,"datetime":"180531_170216479216","presses":[0,8,8,8],"rts":[0.3998923191,0.574326708,1.3743943312,1.7263897284],"will_remap":true,"is_remapped":false,"remapped_from":null,"stim_val":"\u16a6"}