{"index":189,"real_prep_time":0.5568018631,"proposed_choice":1,"real_choice":2,"correct":false,"datetime":"180531_170329406167","presses":[2,1,1],"rts":[0.5568018631,0.6369127581,1.6623303958],"will_remap":false,"is_remapped":false,"remapped_from":null,"stim_val":"\u16cb"}