{"index":794,"real_prep_time":0.454666513,"proposed_choice":7,"real_choice":2,"correct":false,"datetime":"180531_172633692802","presses":[2,7,7],"rts":[0.454666513,1.4669797391,1.8008998634],"will_remap":true,"is_remapped":false,"remapped_from":null,"stim_val":"\u16a0"}