{"index":276,"real_prep_time":0.6834994442,"proposed_choice":5,"real_choice":9,"correct":false,"datetime":"180531_170624861626","presses":[9,5,5,5],"rts":[0.6834994442,0.7437002081,1.6392429136,1.9148458112],"will_remap":false,"is_remapped":false,"remapped_from":null,"stim_val":"\u16b3"}