{"index":732,"real_prep_time":0.5539092566,"proposed_choice":6,"real_choice":7,"correct":false,"datetime":"180531_172444018345","presses":[7,2,6],"rts":[0.5539092566,1.7224513963,2.875192408],"will_remap":true,"is_remapped":false,"remapped_from":null,"stim_val":"\u16bb"}