{"index":849,"real_prep_time":0.5416332729,"proposed_choice":2,"real_choice":7,"correct":false,"datetime":"180531_172816486938","presses":[7,2,7,2],"rts":[0.5416332729,0.5567872007,1.4055499692,2.2376022448],"will_remap":true,"is_remapped":false,"remapped_from":null,"stim_val":"\u16a2"}