{"index":413,"real_prep_time":0.5336621826,"proposed_choice":0,"real_choice":1,"correct":false,"datetime":"180531_171107675830","presses":[1,0,0],"rts":[0.5336621826,1.4587218513,1.7171327417],"will_remap":false,"is_remapped":false,"remapped_from":null,"stim_val":"\u16ac"}