{"index":608,"real_prep_time":0.8206542792,"proposed_choice":4,"real_choice":5,"correct":false,"datetime":"180531_171758004149","presses":[5,4,4],"rts":[0.8206542792,1.6857348802,1.9728225759],"will_remap":false,"is_remapped":false,"remapped_from":null,"stim_val":"\u16c7"}