{"index":409,"real_prep_time":0.5684884165,"proposed_choice":8,"real_choice":3,"correct":false,"datetime":"180531_171059996099","presses":[3,8,8],"rts":[0.5684884165,1.5149438151,1.8659342483],"will_remap":true,"is_remapped":false,"remapped_from":null,"stim_val":"\u16a6"}