{"index":35,"real_prep_time":0.5749824124,"proposed_choice":3,"real_choice":6,"correct":false,"datetime":"180531_165858652608","presses":[6,3,3],"rts":[0.5749824124,0.5909586099,1.6820334931],"will_remap":true,"is_remapped":false,"remapped_from":null,"stim_val":"\u16a3"}