{"index":414,"real_prep_time":0.6051656372,"proposed_choice":2,"real_choice":7,"correct":false,"datetime":"180531_171110457854","presses":[7,2,2,2],"rts":[0.6051656372,0.6533176856,1.6004578201,1.93450932],"will_remap":true,"is_remapped":false,"remapped_from":null,"stim_val":"\u16a2"}