{"index":601,"real_prep_time":0.5566446818,"proposed_choice":6,"real_choice":1,"correct":false,"datetime":"180531_171744378017","presses":[1,6,6],"rts":[0.5566446818,1.5467794971,1.8173411537],"will_remap":true,"is_remapped":false,"remapped_from":null,"stim_val":"\u16bb"}