{"index":210,"real_prep_time":0.7072895507,"proposed_choice":8,"real_choice":3,"correct":false,"datetime":"180531_170429956955","presses":[3,8,8],"rts":[0.7072895507,1.7000609664,1.9873624406],"will_remap":true,"is_remapped":false,"remapped_from":null,"stim_val":"\u16a6"}