{"index":142,"real_prep_time":0.5150880934,"proposed_choice":0,"real_choice":1,"correct":false,"datetime":"180531_170208066485","presses":[1,0,0],"rts":[0.5150880934,1.5038528501,1.8558995657],"will_remap":false,"is_remapped":false,"remapped_from":null,"stim_val":"\u16ac"}