{"index":344,"real_prep_time":0.7673243359,"proposed_choice":4,"real_choice":1,"correct":false,"datetime":"180531_170840605267","presses":[1,4,4],"rts":[0.7673243359,1.7779235225,2.0489432338],"will_remap":false,"is_remapped":false,"remapped_from":null,"stim_val":"\u16c7"}