{"index":968,"real_prep_time":0.5935441852,"proposed_choice":8,"real_choice":3,"correct":false,"datetime":"180531_173433750060","presses":[3,8,8],"rts":[0.5935441852,1.5699857452,1.905487947],"will_remap":true,"is_remapped":false,"remapped_from":null,"stim_val":"\u16a6"}