{"index":531,"real_prep_time":0.6279974065,"proposed_choice":6,"real_choice":3,"correct":false,"datetime":"180531_171449589156","presses":[3,6,6],"rts":[0.6279974065,1.6198879028,1.9882468792],"will_remap":true,"is_remapped":false,"remapped_from":null,"stim_val":"\u16bb"}