{"index":404,"real_prep_time":0.450186257,"proposed_choice":7,"real_choice":8,"correct":false,"datetime":"180531_171050384362","presses":[8,7,7,7],"rts":[0.450186257,0.4692990443,1.4381266912,1.7419635884],"will_remap":true,"is_remapped":false,"remapped_from":null,"stim_val":"\u16a0"}