{"index":109,"real_prep_time":0.5846563989,"proposed_choice":2,"real_choice":7,"correct":false,"datetime":"180531_170114029243","presses":[7,2,2],"rts":[0.5846563989,1.5444379051,2.3316025786],"will_remap":true,"is_remapped":false,"remapped_from":null,"stim_val":"\u16a2"}