{"index":108,"real_prep_time":0.5710607955,"proposed_choice":9,"real_choice":6,"correct":false,"datetime":"180531_170110880827","presses":[6,9,9],"rts":[0.5710607955,0.6031155344,1.69105764],"will_remap":true,"is_remapped":false,"remapped_from":null,"stim_val":"\u16bc"}