{"index":824,"real_prep_time":0.6352429992,"proposed_choice":2,"real_choice":3,"correct":false,"datetime":"180531_172737774368","presses":[3,2,2],"rts":[0.6352429992,1.5478205305,1.9172630615],"will_remap":true,"is_remapped":false,"remapped_from":null,"stim_val":"\u16a2"}