{"index":546,"real_prep_time":0.4184388428,"proposed_choice":2,"real_choice":7,"correct":false,"datetime":"180531_171516058259","presses":[7,2,2],"rts":[0.4184388428,0.4495977066,1.550956827],"will_remap":true,"is_remapped":false,"remapped_from":null,"stim_val":"\u16a2"}