{"index":925,"real_prep_time":0.6416085521,"proposed_choice":8,"real_choice":3,"correct":false,"datetime":"180531_173316591543","presses":[3,8,8],"rts":[0.6416085521,0.7050412118,1.7639880438],"will_remap":true,"is_remapped":false,"remapped_from":null,"stim_val":"\u16a6"}