{"index":693,"real_prep_time":0.5676013387,"proposed_choice":7,"real_choice":2,"correct":false,"datetime":"180531_172026224515","presses":[2,7,7,7],"rts":[0.5676013387,0.693815059,1.5578062405,1.9133863116],"will_remap":true,"is_remapped":false,"remapped_from":null,"stim_val":"\u16a0"}