{"index":258,"real_prep_time":0.6386291437,"proposed_choice":4,"real_choice":1,"correct":false,"datetime":"180531_170557143329","presses":[1,4,4],"rts":[0.6386291437,1.6484301069,1.9356219061],"will_remap":false,"is_remapped":false,"remapped_from":null,"stim_val":"\u16c7"}