{"index":29,"real_prep_time":1.493331961,"proposed_choice":9,"real_choice":9,"correct":true,"datetime":"180531_165848890285","presses":[0,9,9],"rts":[0.5020176987,1.493331961,1.8151177409],"will_remap":true,"is_remapped":false,"remapped_from":null,"stim_val":"\u16bc"}