{"index":545,"real_prep_time":0.5545203871,"proposed_choice":2,"real_choice":8,"correct":false,"datetime":"180531_171513659227","presses":[8,7,2],"rts":[0.5545203871,1.4208942155,1.9003889359],"will_remap":true,"is_remapped":false,"remapped_from":null,"stim_val":"\u16a2"}