{"index":47,"real_prep_time":0.517220599,"proposed_choice":2,"real_choice":1,"correct":false,"datetime":"180531_165922039899","presses":[1,2,2],"rts":[0.517220599,0.5829057031,1.7067792977],"will_remap":true,"is_remapped":false,"remapped_from":null,"stim_val":"\u16a2"}