{"index":873,"real_prep_time":0.6528138841,"proposed_choice":8,"real_choice":3,"correct":false,"datetime":"180531_172901129498","presses":[3,8,8],"rts":[0.6528138841,0.7514170518,1.9018220431],"will_remap":true,"is_remapped":false,"remapped_from":null,"stim_val":"\u16a6"}