{"index":232,"real_prep_time":0.9334814827,"proposed_choice":6,"real_choice":1,"correct":false,"datetime":"180531_170511451079","presses":[1,6,6],"rts":[0.9334814827,1.8935615161,2.1987590882],"will_remap":true,"is_remapped":false,"remapped_from":null,"stim_val":"\u16bb"}