{"index":100,"proposed_prep_time":0.3,"real_prep_time":0.3341913794,"proposed_choice":0,"real_choice":2,"correct":false,"datetime":"180529_132330147820","timing":-0.0503766634,"presses":[6,6,6,6,6,6,6,6,6,6,2],"rts":[3.7924243851,3.9364034142,4.0816841751,4.2243403586,4.3843243239,4.5305980253,4.6723096544,4.8329458049,4.99257142,5.1362727425,0.3341913794],"will_remap":false,"is_remapped":false,"remapped_from":null,"stim_val":"\u16a6"}