{"index":412,"proposed_prep_time":0.5166666667,"real_prep_time":0.5526550311,"proposed_choice":3,"real_choice":7,"correct":false,"datetime":"180529_133448098458","timing":-0.0523710489,"presses":[7,3],"rts":[0.5526550311,0.6012190941],"will_remap":true,"is_remapped":false,"remapped_from":null,"stim_val":"\u16c7"}