{"index":800,"proposed_prep_time":0.3833333333,"real_prep_time":0.2698003825,"proposed_choice":5,"real_choice":6,"correct":false,"datetime":"180529_135440088291","timing":0.096671215,"presses":[6,6,3,6,3,6,3,6,3,6,3,6],"rts":[267.4750719413,267.6180011395,267.6967361108,267.7647716046,267.8413652728,267.9244822618,268.0043705809,268.0805243758,268.1605830725,268.257413551,268.3728594666,0.2698003825],"will_remap":false,"is_remapped":false,"remapped_from":null,"stim_val":"\u16b3"}