{"index":573,"proposed_prep_time":0.5333333333,"real_prep_time":0.5007760831,"proposed_choice":1,"real_choice":7,"correct":false,"datetime":"180529_134037276654","timing":0.0328315258,"presses":[7,1],"rts":[0.5007760831,0.6079849317],"will_remap":true,"is_remapped":false,"remapped_from":null,"stim_val":"\u16bc"}