{"index":900,"proposed_prep_time":0.6166666667,"real_prep_time":0.5977543589,"proposed_choice":3,"real_choice":3,"correct":true,"datetime":"180529_135836528161","timing":0.0192702326,"presses":[6,3,6,3,6,3,6,3,6,3,3],"rts":[21.5269978091,21.6902371297,21.7975887905,21.9457234492,22.0567108094,22.1974520779,22.4230880101,22.582030062,22.7586136718,22.9367465153,0.5977543589],"will_remap":true,"is_remapped":false,"remapped_from":null,"stim_val":"\u16c7"}