{"index":275,"proposed_prep_time":0.6166666667,"real_prep_time":0.5724238162,"proposed_choice":4,"real_choice":3,"correct":false,"datetime":"180529_132948610275","timing":0.0278633039,"presses":[3,4],"rts":[0.5724238162,0.7502886303],"will_remap":true,"is_remapped":false,"remapped_from":null,"stim_val":"\u16a3"}