{"index":476,"proposed_prep_time":0.5166666667,"real_prep_time":0.4412794096,"proposed_choice":7,"real_choice":2,"correct":false,"datetime":"180529_133705457762","timing":0.0591212856,"presses":[2,7],"rts":[0.4412794096,0.5214809184],"will_remap":true,"is_remapped":false,"remapped_from":null,"stim_val":"\u16a2"}