{"index":500,"proposed_prep_time":0.4,"real_prep_time":0.4018635378,"proposed_choice":7,"real_choice":7,"correct":true,"datetime":"180529_133800678433","timing":-0.0175797117,"presses":[6,6,6,6,6,6,6,6,6,5,7],"rts":[2.282800984,2.4242017692,2.5841977575,2.7453746591,2.9041381225,3.0664724772,3.2080019987,3.3841680222,3.5461082504,4.5651005125,0.4018635378],"will_remap":true,"is_remapped":false,"remapped_from":null,"stim_val":"\u16a2"}