{"index":356,"proposed_prep_time":0.5666666667,"real_prep_time":0.5755653911,"proposed_choice":8,"real_choice":8,"correct":true,"datetime":"180529_133245981173","timing":-0.0251288169,"presses":[8,1],"rts":[0.5755653911,0.591715192],"will_remap":true,"is_remapped":false,"remapped_from":null,"stim_val":"\u16ac"}