{"index":101,"proposed_prep_time":0.5166666667,"real_prep_time":0.5776298631,"proposed_choice":8,"real_choice":1,"correct":false,"datetime":"180529_132332296603","timing":-0.0771579083,"presses":[0,1],"rts":[0.5637266417,0.5776298631],"will_remap":true,"is_remapped":false,"remapped_from":null,"stim_val":"\u16ac"}