{"index":959,"proposed_prep_time":0.5833333333,"real_prep_time":0.6027164228,"proposed_choice":3,"real_choice":6,"correct":false,"datetime":"180529_140043109345","timing":-0.0357755097,"presses":[6,2],"rts":[0.6027164228,0.6523440994],"will_remap":true,"is_remapped":false,"remapped_from":null,"stim_val":"\u16c7"}