{"index":409,"proposed_prep_time":0.5666666667,"real_prep_time":0.5070152457,"proposed_choice":2,"real_choice":3,"correct":false,"datetime":"180529_133441652077","timing":0.0599174563,"presses":[3,1],"rts":[0.5070152457,0.5742718704],"will_remap":true,"is_remapped":false,"remapped_from":null,"stim_val":"\u16cb"}