{"index":1100,"proposed_prep_time":0.5666666667,"real_prep_time":0.521264794,"proposed_choice":6,"real_choice":8,"correct":false,"datetime":"180529_140550709775","timing":0.0457101359,"presses":[6,3,6,3,6,3,6,3,3,6,8],"rts":[3.152213457,3.284431741,3.3646590557,3.4888179813,3.55308728,3.6829525351,3.7669894457,3.8887871315,4.099448311,4.3052441987,0.521264794],"will_remap":false,"is_remapped":false,"remapped_from":null,"stim_val":"\u16a0"}