{"index":546,"proposed_prep_time":0.6333333333,"real_prep_time":0.6429357964,"proposed_choice":1,"real_choice":6,"correct":false,"datetime":"180529_133939341201","timing":-0.0093957226,"presses":[6,1],"rts":[0.6429357964,0.7069605255],"will_remap":true,"is_remapped":false,"remapped_from":null,"stim_val":"\u16bc"}