{"index":824,"proposed_prep_time":0.5666666667,"real_prep_time":0.6007437377,"proposed_choice":6,"real_choice":5,"correct":false,"datetime":"180529_135531577973","timing":-0.0502693344,"presses":[5,4],"rts":[0.6007437377,0.6438683277],"will_remap":false,"is_remapped":false,"remapped_from":null,"stim_val":"\u16a0"}