{"index":1200,"proposed_prep_time":0.3666666667,"real_prep_time":0.2548487965,"proposed_choice":0,"real_choice":8,"correct":false,"datetime":"180529_140938936152","timing":0.0957155169,"presses":[6,6,6,3,6,3,6,3,6,3,8],"rts":[13.2793608817,13.4550679707,13.6313419096,13.7121475112,13.8095826687,13.9367207094,14.0180890555,14.1277497578,14.2412558324,14.4471188739,0.2548487965],"will_remap":false,"is_remapped":false,"remapped_from":null,"stim_val":"\u16a6"}