{"index":600,"proposed_prep_time":0.45,"real_prep_time":0.3717457075,"proposed_choice":2,"real_choice":7,"correct":false,"datetime":"180529_134137444395","timing":0.0614051078,"presses":[6,3,6,3,6,3,6,3,6,6,7],"rts":[2.0504912946,2.1494950402,2.2258491241,2.3213415081,2.4017955041,2.5163860129,2.5825763848,2.6898301005,2.7699536051,3.1373700799,0.3717457075],"will_remap":true,"is_remapped":false,"remapped_from":null,"stim_val":"\u16cb"}