{"index":700,"proposed_prep_time":0.25,"real_prep_time":0.2244579515,"proposed_choice":9,"real_choice":7,"correct":false,"datetime":"180529_134638048404","timing":0.0094032884,"presses":[6,6,6,6,6,6,6,6,6,6,7],"rts":[1.9574402074,2.1508627528,2.3420240564,2.5507665086,2.8875587122,3.1424667449,4.1673946569,4.4374272926,4.7574400901,86.5833042284,0.2244579515],"will_remap":false,"is_remapped":false,"remapped_from":null,"stim_val":"\u16bb"}