{"index":1056,"proposed_prep_time":0.4833333333,"real_prep_time":0.4886452578,"proposed_choice":2,"real_choice":7,"correct":false,"datetime":"180529_140412995896","timing":-0.0214555817,"presses":[7,2],"rts":[0.4886452578,0.5041707319],"will_remap":true,"is_remapped":false,"remapped_from":null,"stim_val":"\u16cb"}