{"index":719,"proposed_prep_time":0.6833333333,"real_prep_time":0.5679239125,"proposed_choice":8,"real_choice":8,"correct":true,"datetime":"180529_134718843447","timing":0.1151722851,"presses":[8,1],"rts":[0.5679239125,0.5851622531],"will_remap":true,"is_remapped":false,"remapped_from":null,"stim_val":"\u16ac"}