{"index":183,"proposed_prep_time":0.5666666667,"real_prep_time":0.4914375733,"proposed_choice":5,"real_choice":3,"correct":false,"datetime":"180529_132628385276","timing":0.0755696139,"presses":[3,4],"rts":[0.4914375733,0.7004662363],"will_remap":false,"is_remapped":false,"remapped_from":null,"stim_val":"\u16b3"}