{"index":380,"proposed_prep_time":0.6333333333,"real_prep_time":0.7864514925,"proposed_choice":5,"real_choice":4,"correct":false,"datetime":"180529_133337453246","timing":-0.1533832561,"presses":[4,5],"rts":[0.7864514925,0.8183971428],"will_remap":false,"is_remapped":false,"remapped_from":null,"stim_val":"\u16b3"}