{"index":1209,"proposed_prep_time":0.5166666667,"real_prep_time":0.505332877,"proposed_choice":5,"real_choice":1,"correct":false,"datetime":"180529_140958243006","timing":-0.0059776139,"presses":[1,6],"rts":[0.505332877,0.5374113693],"will_remap":false,"is_remapped":false,"remapped_from":null,"stim_val":"\u16b3"}