{"index":354,"proposed_prep_time":0.5166666667,"real_prep_time":0.5687752139,"proposed_choice":4,"real_choice":4,"correct":true,"datetime":"180529_133241683898","timing":-0.0516294226,"presses":[0,4],"rts":[0.5306053564,0.5687752139],"will_remap":true,"is_remapped":false,"remapped_from":null,"stim_val":"\u16a3"}