{"index":40,"proposed_prep_time":0.5666666667,"real_prep_time":0.5157130067,"proposed_choice":8,"real_choice":4,"correct":false,"datetime":"180529_132116986404","timing":0.0347631562,"presses":[4,0],"rts":[0.5157130067,0.5937526851],"will_remap":true,"is_remapped":false,"remapped_from":null,"stim_val":"\u16ac"}