{"index":244,"proposed_prep_time":0.6833333333,"real_prep_time":0.5965285788,"proposed_choice":2,"real_choice":1,"correct":false,"datetime":"180529_132842062694","timing":0.0861649882,"presses":[6,1],"rts":[1.0156108096,0.5965285788],"will_remap":true,"is_remapped":false,"remapped_from":null,"stim_val":"\u16cb"}