{"index":892,"proposed_prep_time":0.2333333333,"real_prep_time":0.2677969064,"proposed_choice":2,"real_choice":8,"correct":false,"datetime":"180529_135757481969","timing":-0.0510440979,"presses":[8,1],"rts":[0.2677969064,0.2812851807],"will_remap":true,"is_remapped":false,"remapped_from":null,"stim_val":"\u16cb"}