{"index":415,"proposed_prep_time":0.6666666667,"real_prep_time":0.6563598493,"proposed_choice":8,"real_choice":1,"correct":false,"datetime":"180529_133454545170","timing":0.0104070792,"presses":[1,8],"rts":[0.6563598493,0.6723900046],"will_remap":true,"is_remapped":false,"remapped_from":null,"stim_val":"\u16ac"}