{"index":397,"proposed_prep_time":0.5833333333,"real_prep_time":0.6610239722,"proposed_choice":3,"real_choice":1,"correct":false,"datetime":"180529_133413883881","timing":-0.0941469875,"presses":[1,2],"rts":[0.6610239722,0.817340274],"will_remap":true,"is_remapped":false,"remapped_from":null,"stim_val":"\u16c7"}