{"index":414,"proposed_prep_time":0.5833333333,"real_prep_time":0.5335610117,"proposed_choice":3,"real_choice":6,"correct":false,"datetime":"180529_133452396014","timing":0.0334886966,"presses":[6,3],"rts":[0.5335610117,0.6140217526],"will_remap":true,"is_remapped":false,"remapped_from":null,"stim_val":"\u16c7"}