{"index":687,"proposed_prep_time":0.6166666667,"real_prep_time":0.5248875903,"proposed_choice":4,"real_choice":1,"correct":false,"datetime":"180529_134444227006","timing":0.0747010109,"presses":[1,4],"rts":[0.5248875903,0.6198987529],"will_remap":true,"is_remapped":false,"remapped_from":null,"stim_val":"\u16a3"}