{"index":449,"proposed_prep_time":0.5166666667,"real_prep_time":0.521258929,"proposed_choice":5,"real_choice":6,"correct":false,"datetime":"180529_133607505417","timing":-0.0210608688,"presses":[6,3],"rts":[0.521258929,0.5370222279],"will_remap":false,"is_remapped":false,"remapped_from":null,"stim_val":"\u16b3"}