{"index":1221,"proposed_prep_time":0.3666666667,"real_prep_time":0.3715489375,"proposed_choice":3,"real_choice":8,"correct":false,"datetime":"180529_141025028797","timing":-0.0210098435,"presses":[2,8],"rts":[1.8068616127,0.3715489375],"will_remap":true,"is_remapped":false,"remapped_from":null,"stim_val":"\u16c7"}