{"index":440,"proposed_prep_time":0.4833333333,"real_prep_time":0.4841931537,"proposed_choice":6,"real_choice":9,"correct":false,"datetime":"180529_133548183015","timing":-0.0170421865,"presses":[9,6],"rts":[0.4841931537,0.5505738441],"will_remap":false,"is_remapped":false,"remapped_from":null,"stim_val":"\u16a0"}