{"index":751,"proposed_prep_time":0.6666666667,"real_prep_time":0.8007174627,"proposed_choice":6,"real_choice":6,"correct":true,"datetime":"180529_134827523200","timing":-0.133746433,"presses":[6,3],"rts":[0.8007174627,0.817460506],"will_remap":false,"is_remapped":false,"remapped_from":null,"stim_val":"\u16a0"}