{"index":841,"proposed_prep_time":0.4833333333,"real_prep_time":0.4832594494,"proposed_choice":2,"real_choice":7,"correct":false,"datetime":"180529_135608074042","timing":-0.0168075874,"presses":[7,2],"rts":[0.4832594494,0.6034404542],"will_remap":true,"is_remapped":false,"remapped_from":null,"stim_val":"\u16cb"}