{"index":406,"proposed_prep_time":0.5666666667,"real_prep_time":0.5360691692,"proposed_choice":4,"real_choice":5,"correct":false,"datetime":"180529_133435205345","timing":0.0309306868,"presses":[5,4],"rts":[0.5360691692,0.5522870038],"will_remap":true,"is_remapped":false,"remapped_from":null,"stim_val":"\u16a3"}