{"index":218,"proposed_prep_time":0.4,"real_prep_time":0.484007527,"proposed_choice":6,"real_choice":6,"correct":true,"datetime":"180529_132746242949","timing":-0.1001489118,"presses":[6,7,6],"rts":[0.484007527,0.5168255928,0.5970294477],"will_remap":false,"is_remapped":false,"remapped_from":null,"stim_val":"\u16a0"}