{"index":90,"proposed_prep_time":0.4833333333,"real_prep_time":0.4992863789,"proposed_choice":0,"real_choice":1,"correct":false,"datetime":"180529_132304294943","timing":-0.015682978,"presses":[1,0],"rts":[0.4992863789,0.5479809376],"will_remap":false,"is_remapped":false,"remapped_from":null,"stim_val":"\u16a6"}