{"index":200,"proposed_prep_time":0.2166666667,"real_prep_time":0.2117071981,"proposed_choice":0,"real_choice":1,"correct":false,"datetime":"180529_132707580684","timing":0.0049986906,"presses":[6,3,6,6,6,3,6,3,6,3,1],"rts":[2.3703486699,2.451293858,2.549362433,2.7224399595,2.8993740017,2.9973059228,3.0904951302,3.2026669224,3.2669071894,3.3988723995,0.2117071981],"will_remap":false,"is_remapped":false,"remapped_from":null,"stim_val":"\u16a6"}