{"index":48,"proposed_prep_time":0.6833333333,"real_prep_time":0.6562138114,"proposed_choice":7,"real_choice":3,"correct":false,"datetime":"180529_132134160225","timing":0.010796807,"presses":[3,6],"rts":[0.6562138114,0.6885213308],"will_remap":true,"is_remapped":false,"remapped_from":null,"stim_val":"\u16a2"}