{"index":386,"proposed_prep_time":0.5333333333,"real_prep_time":0.5172566688,"proposed_choice":2,"real_choice":5,"correct":false,"datetime":"180529_133350278956","timing":-0.0002950377,"presses":[5,3,5],"rts":[0.5172566688,0.5503140256,0.5975156544],"will_remap":true,"is_remapped":false,"remapped_from":null,"stim_val":"\u16cb"}