{"index":1064,"proposed_prep_time":0.3833333333,"real_prep_time":0.3519326419,"proposed_choice":8,"real_choice":1,"correct":false,"datetime":"180529_140430136449","timing":0.0150823458,"presses":[1,8],"rts":[0.3519326419,0.4800052668],"will_remap":true,"is_remapped":false,"remapped_from":null,"stim_val":"\u16ac"}