{"index":301,"proposed_prep_time":0.3333333333,"real_prep_time":0.4437154278,"proposed_choice":0,"real_choice":6,"correct":false,"datetime":"180529_133047911587","timing":-0.1272146079,"presses":[6,0],"rts":[0.4437154278,0.52560605],"will_remap":false,"is_remapped":false,"remapped_from":null,"stim_val":"\u16a6"}