{"index":400,"proposed_prep_time":0.3166666667,"real_prep_time":0.2667769869,"proposed_choice":8,"real_choice":5,"correct":false,"datetime":"180529_133422329301","timing":0.0328690618,"presses":[7,2,7,2,7,2,7,2,7,2,7,5],"rts":[1.9331064174,2.0322462305,2.1410943402,2.2206765076,2.3175468678,2.4012823186,2.4956568378,2.5571138799,2.6690783453,2.7822225507,2.848545471,0.2667769869],"will_remap":true,"is_remapped":false,"remapped_from":null,"stim_val":"\u16ac"}