{"index":1177,"proposed_prep_time":0.3833333333,"real_prep_time":0.4086982888,"proposed_choice":1,"real_choice":7,"correct":false,"datetime":"180529_140835903904","timing":-0.0418903349,"presses":[7,2],"rts":[0.4086982888,0.4252266739],"will_remap":true,"is_remapped":false,"remapped_from":null,"stim_val":"\u16bc"}