{"index":419,"proposed_prep_time":0.5833333333,"real_prep_time":0.5541362311,"proposed_choice":6,"real_choice":3,"correct":false,"datetime":"180529_133503140444","timing":0.0122730217,"presses":[3,6],"rts":[0.5541362311,0.5919468586],"will_remap":false,"is_remapped":false,"remapped_from":null,"stim_val":"\u16a0"}