{"index":226,"proposed_prep_time":0.5666666667,"real_prep_time":0.5506568335,"proposed_choice":9,"real_choice":7,"correct":false,"datetime":"180529_132803416802","timing":-0.0002366811,"presses":[7,9],"rts":[0.5506568335,0.5682869545],"will_remap":false,"is_remapped":false,"remapped_from":null,"stim_val":"\u16bb"}