{"index":254,"proposed_prep_time":0.4666666667,"real_prep_time":0.5376274936,"proposed_choice":1,"real_choice":6,"correct":false,"datetime":"180529_132903518203","timing":-0.0882468205,"presses":[6,7,1],"rts":[0.5376274936,0.5856666411,0.66644673],"will_remap":true,"is_remapped":false,"remapped_from":null,"stim_val":"\u16bc"}