{"index":671,"proposed_prep_time":0.6166666667,"real_prep_time":0.5694684541,"proposed_choice":1,"real_choice":2,"correct":false,"datetime":"180529_134409878637","timing":0.0469262389,"presses":[2,1],"rts":[0.5694684541,0.5854449449],"will_remap":true,"is_remapped":false,"remapped_from":null,"stim_val":"\u16bc"}