{"index":69,"proposed_prep_time":0.6166666667,"real_prep_time":0.6997914708,"proposed_choice":9,"real_choice":9,"correct":true,"datetime":"180529_132219252547","timing":-0.0831437039,"presses":[0,9],"rts":[0.5855616581,0.6997914708],"will_remap":false,"is_remapped":false,"remapped_from":null,"stim_val":"\u16bb"}