{"index":693,"proposed_prep_time":0.6833333333,"real_prep_time":0.6145138241,"proposed_choice":8,"real_choice":1,"correct":false,"datetime":"180529_134457119323","timing":0.0690855885,"presses":[1,2],"rts":[0.6145138241,0.6526874937],"will_remap":true,"is_remapped":false,"remapped_from":null,"stim_val":"\u16ac"}