{"index":1004,"proposed_prep_time":0.4666666667,"real_prep_time":0.4603001168,"proposed_choice":2,"real_choice":3,"correct":false,"datetime":"180529_140221389717","timing":-0.0100696085,"presses":[3,2],"rts":[0.4603001168,0.5403772881],"will_remap":true,"is_remapped":false,"remapped_from":null,"stim_val":"\u16cb"}