{"index":638,"proposed_prep_time":0.4,"real_prep_time":0.4614930531,"proposed_choice":3,"real_choice":7,"correct":false,"datetime":"180529_134259033448","timing":-0.0784335409,"presses":[7,3,6],"rts":[0.4614930531,0.5473322712,0.5508102026],"will_remap":true,"is_remapped":false,"remapped_from":null,"stim_val":"\u16c7"}