{"index":198,"proposed_prep_time":0.6166666667,"real_prep_time":0.5999006473,"proposed_choice":9,"real_choice":1,"correct":false,"datetime":"180529_132700567470","timing":-0.0004618963,"presses":[1,1],"rts":[0.5999006473,0.7897913036],"will_remap":false,"is_remapped":false,"remapped_from":null,"stim_val":"\u16bb"}