{"index":261,"proposed_prep_time":0.5166666667,"real_prep_time":0.4754945128,"proposed_choice":5,"real_choice":5,"correct":true,"datetime":"180529_132918543342","timing":0.0252806611,"presses":[5,4],"rts":[0.4754945128,0.6355960708],"will_remap":false,"is_remapped":false,"remapped_from":null,"stim_val":"\u16b3"}