{"index":568,"proposed_prep_time":0.3666666667,"real_prep_time":0.3852574417,"proposed_choice":0,"real_choice":2,"correct":false,"datetime":"180529_134026532091","timing":-0.0347934193,"presses":[0,2],"rts":[0.3371625768,0.3852574417],"will_remap":false,"is_remapped":false,"remapped_from":null,"stim_val":"\u16a6"}