{"index":300,"proposed_prep_time":0.3,"real_prep_time":0.2863824323,"proposed_choice":2,"real_choice":8,"correct":false,"datetime":"180529_133045762465","timing":-0.0036418868,"presses":[7,2,2,2,7,2,7,2,7,2,8],"rts":[2.6210110459,2.8643486518,3.0079312086,3.1651117147,3.3914901529,3.8858549363,3.9656494159,4.0637704824,4.1911349113,4.2530497148,0.2863824323],"will_remap":true,"is_remapped":false,"remapped_from":null,"stim_val":"\u16cb"}