{"index":6,"proposed_prep_time":0.5666666667,"real_prep_time":0.5496457114,"proposed_choice":6,"real_choice":3,"correct":false,"datetime":"180529_132003992488","timing":0.0171726236,"presses":[3,6],"rts":[0.5496457114,0.5820162795],"will_remap":false,"is_remapped":false,"remapped_from":null,"stim_val":"\u16a0"}