{"index":299,"proposed_prep_time":0.3333333333,"real_prep_time":0.4339874836,"proposed_choice":5,"real_choice":2,"correct":false,"datetime":"180529_133040115648","timing":-0.1164415249,"presses":[2,5],"rts":[0.4339874836,0.483652696],"will_remap":false,"is_remapped":false,"remapped_from":null,"stim_val":"\u16b3"}