{"index":581,"proposed_prep_time":0.6333333333,"real_prep_time":0.5902820849,"proposed_choice":3,"real_choice":4,"correct":false,"datetime":"180529_134054433853","timing":0.0271908842,"presses":[4,3],"rts":[0.5902820849,0.6382385363],"will_remap":true,"is_remapped":false,"remapped_from":null,"stim_val":"\u16c7"}