{"index":11,"proposed_prep_time":0.5833333333,"real_prep_time":0.5253811282,"proposed_choice":2,"real_choice":2,"correct":true,"datetime":"180529_132014720062","timing":0.0583251151,"presses":[2,3],"rts":[0.5253811282,0.6213233558],"will_remap":true,"is_remapped":false,"remapped_from":null,"stim_val":"\u16cb"}