{"index":1219,"proposed_prep_time":0.5666666667,"real_prep_time":0.5709824981,"proposed_choice":5,"real_choice":8,"correct":false,"datetime":"180529_141019731330","timing":-0.0047928887,"presses":[8,5],"rts":[0.5709824981,0.635187282],"will_remap":false,"is_remapped":false,"remapped_from":null,"stim_val":"\u16b3"}