{"index":399,"proposed_prep_time":0.5833333333,"real_prep_time":0.6505423784,"proposed_choice":8,"real_choice":8,"correct":true,"datetime":"180529_133418181156","timing":-0.0835263937,"presses":[1,8,1],"rts":[0.5847640212,0.6505423784,0.6672379154],"will_remap":true,"is_remapped":false,"remapped_from":null,"stim_val":"\u16ac"}