{"index":964,"proposed_prep_time":0.3666666667,"real_prep_time":0.4582438557,"proposed_choice":5,"real_choice":2,"correct":false,"datetime":"180529_140053820098","timing":-0.1075818905,"presses":[2,7],"rts":[0.4582438557,0.5381761622],"will_remap":false,"is_remapped":false,"remapped_from":null,"stim_val":"\u16b3"}