{"index":941,"proposed_prep_time":0.6833333333,"real_prep_time":0.6645901715,"proposed_choice":1,"real_choice":2,"correct":false,"datetime":"180529_140004463388","timing":0.0189368086,"presses":[2,1],"rts":[0.6645901715,0.7238340646],"will_remap":true,"is_remapped":false,"remapped_from":null,"stim_val":"\u16bc"}