{"index":639,"proposed_prep_time":0.6166666667,"real_prep_time":0.5476736128,"proposed_choice":6,"real_choice":7,"correct":false,"datetime":"180529_134301182598","timing":0.0526390197,"presses":[7,6],"rts":[0.5476736128,0.6408868666],"will_remap":false,"is_remapped":false,"remapped_from":null,"stim_val":"\u16a0"}