{"index":1000,"proposed_prep_time":0.3333333333,"real_prep_time":0.3022410371,"proposed_choice":9,"real_choice":7,"correct":false,"datetime":"180529_140212810807","timing":0.0149741369,"presses":[6,3,6,3,6,3,6,3,6,3,6,7],"rts":[1.573609128,1.677145328,1.7680894221,1.879658588,1.9906984397,2.1032705165,2.2170372893,2.3101543575,2.4267228297,2.5361594899,2.6346482906,0.3022410371],"will_remap":false,"is_remapped":false,"remapped_from":null,"stim_val":"\u16bb"}