{"index":1217,"proposed_prep_time":0.4666666667,"real_prep_time":0.4851470923,"proposed_choice":1,"real_choice":2,"correct":false,"datetime":"180529_141015433406","timing":-0.034666736,"presses":[2,1],"rts":[0.4851470923,0.5834291525],"will_remap":true,"is_remapped":false,"remapped_from":null,"stim_val":"\u16bc"}