{"index":909,"real_prep_time":0.5538441552,"proposed_choice":8,"real_choice":6,"correct":false,"datetime":"180524_113347363947","presses":[6,8,8],"rts":[0.5538441552,1.5649732425,2.0883544135],"will_remap":true,"is_remapped":false,"remapped_from":null,"stim_val":"\u16c7"}