{"index":414,"real_prep_time":0.5919409936,"proposed_choice":5,"real_choice":4,"correct":false,"datetime":"180524_111726626672","presses":[4,5,5],"rts":[0.5919409936,0.8671447796,1.8878982943],"will_remap":true,"is_remapped":false,"remapped_from":null,"stim_val":"\u16a3"}