{"index":1766,"real_prep_time":0.5684907625,"proposed_choice":0,"real_choice":1,"correct":false,"datetime":"180524_120343794095","presses":[1,0,0],"rts":[0.5684907625,0.676313381,1.9243890087],"will_remap":true,"is_remapped":false,"remapped_from":null,"stim_val":"\u16cb"}