{"index":2228,"real_prep_time":0.7533935491,"proposed_choice":5,"real_choice":8,"correct":false,"datetime":"180524_122643899613","presses":[8,6,1,5],"rts":[0.7533935491,2.0684844577,3.2189093899,4.4834738142],"will_remap":true,"is_remapped":false,"remapped_from":null,"stim_val":"\u16a3"}