{"index":1136,"real_prep_time":0.552495797,"proposed_choice":4,"real_choice":3,"correct":false,"datetime":"180524_114019036147","presses":[3,4,4],"rts":[0.552495797,1.5238588734,2.1527351467],"will_remap":false,"is_remapped":false,"remapped_from":null,"stim_val":"\u16bb"}