{"index":2240,"real_prep_time":0.9201612399,"proposed_choice":0,"real_choice":8,"correct":false,"datetime":"180524_122708136267","presses":[8,3,0],"rts":[0.9201612399,2.1698212912,3.3559093896],"will_remap":true,"is_remapped":false,"remapped_from":null,"stim_val":"\u16cb"}