{"index":1394,"real_prep_time":0.8657533138,"proposed_choice":7,"real_choice":8,"correct":false,"datetime":"180524_114918178435","presses":[8,6,7],"rts":[0.8657533138,2.327414985,3.408278943],"will_remap":false,"is_remapped":false,"remapped_from":null,"stim_val":"\u16b3"}