{"index":176,"real_prep_time":0.5532705605,"proposed_choice":4,"real_choice":3,"correct":false,"datetime":"180524_110925952548","presses":[3,4,4],"rts":[0.5532705605,1.5487856125,2.0891629006],"will_remap":false,"is_remapped":false,"remapped_from":null,"stim_val":"\u16bb"}