{"index":1106,"real_prep_time":0.5044710187,"proposed_choice":1,"real_choice":8,"correct":false,"datetime":"180524_113927663317","presses":[8,1,1],"rts":[0.5044710187,1.516841135,1.992445323],"will_remap":false,"is_remapped":false,"remapped_from":null,"stim_val":"\u16a2"}