{"index":845,"real_prep_time":0.628186552,"proposed_choice":4,"real_choice":6,"correct":false,"datetime":"180524_113039514671","presses":[6,1,4],"rts":[0.628186552,2.0428251829,3.3502285728],"will_remap":false,"is_remapped":false,"remapped_from":null,"stim_val":"\u16bb"}