{"index":604,"real_prep_time":0.6974396149,"proposed_choice":9,"real_choice":8,"correct":false,"datetime":"180524_112304261172","presses":[8,9,9],"rts":[0.6974396149,1.6057448037,2.0861512349],"will_remap":true,"is_remapped":false,"remapped_from":null,"stim_val":"\u16bc"}