{"index":1269,"real_prep_time":0.5671083874,"proposed_choice":6,"real_choice":8,"correct":false,"datetime":"180524_114406779209","presses":[8,6,6],"rts":[0.5671083874,1.7180013448,1.9223946232],"will_remap":true,"is_remapped":false,"remapped_from":null,"stim_val":"\u16a6"}