{"index":1415,"real_prep_time":0.6352966637,"proposed_choice":9,"real_choice":6,"correct":false,"datetime":"180524_115126375754","presses":[6,9,9],"rts":[0.6352966637,1.607913379,2.1525207818],"will_remap":true,"is_remapped":false,"remapped_from":null,"stim_val":"\u16bc"}