{"index":2195,"real_prep_time":0.8372357425,"proposed_choice":3,"real_choice":8,"correct":false,"datetime":"180524_122516213519","presses":[8,1,3],"rts":[0.8372357425,1.9720577829,4.7720872838],"will_remap":true,"is_remapped":false,"remapped_from":null,"stim_val":"\u16a0"}