{"index":304,"real_prep_time":0.9611175479,"proposed_choice":6,"real_choice":8,"correct":false,"datetime":"180524_111326023024","presses":[8,6,6],"rts":[0.9611175479,1.9527971982,2.383187398],"will_remap":true,"is_remapped":false,"remapped_from":null,"stim_val":"\u16a6"}