{"index":653,"real_prep_time":0.5420344374,"proposed_choice":2,"real_choice":7,"correct":false,"datetime":"180524_112423435039","presses":[7,2,2],"rts":[0.5420344374,0.5669256934,1.6337442043],"will_remap":false,"is_remapped":false,"remapped_from":null,"stim_val":"\u16ac"}