{"index":425,"real_prep_time":0.7760707762,"proposed_choice":1,"real_choice":6,"correct":false,"datetime":"180524_111744549706","presses":[6,1,1],"rts":[0.7760707762,1.7520753954,2.1846412086],"will_remap":false,"is_remapped":false,"remapped_from":null,"stim_val":"\u16a2"}