{"index":2113,"real_prep_time":0.7214127087,"proposed_choice":7,"real_choice":8,"correct":false,"datetime":"180524_122242079874","presses":[8,6,7,7],"rts":[0.7214127087,1.8253477272,2.8181012548,3.395436696],"will_remap":false,"is_remapped":false,"remapped_from":null,"stim_val":"\u16b3"}