{"index":1788,"real_prep_time":0.9080447838,"proposed_choice":7,"real_choice":3,"correct":false,"datetime":"180524_120420124654","presses":[3,2,7],"rts":[0.9080447838,2.1720080479,3.1838764155],"will_remap":false,"is_remapped":false,"remapped_from":null,"stim_val":"\u16b3"}