{"index":1489,"real_prep_time":0.923683452,"proposed_choice":4,"real_choice":9,"correct":false,"datetime":"180524_115328559663","presses":[9,5,4],"rts":[0.923683452,2.0437278029,3.2426971504],"will_remap":false,"is_remapped":false,"remapped_from":null,"stim_val":"\u16bb"}