{"index":2117,"real_prep_time":0.8695285995,"proposed_choice":6,"real_choice":8,"correct":false,"datetime":"180524_122251891292","presses":[8,1,1,6],"rts":[0.8695285995,1.876433437,2.4684368927,3.9564985852],"will_remap":true,"is_remapped":false,"remapped_from":null,"stim_val":"\u16a6"}