{"index":1464,"real_prep_time":1.5344750684,"proposed_choice":4,"real_choice":1,"correct":false,"datetime":"180524_115246665264","presses":[1,3,3,4,4,4,3],"rts":[1.5344750684,2.4568922718,3.0192022282,3.5183830376,3.8838769727,4.2503497726,4.2682490962],"will_remap":false,"is_remapped":false,"remapped_from":null,"stim_val":"\u16bb"}