{"index":827,"real_prep_time":0.5353205049,"proposed_choice":2,"real_choice":1,"correct":false,"datetime":"180524_113007666002","presses":[1,2,2],"rts":[0.5353205049,0.6048750276,1.9749706238],"will_remap":false,"is_remapped":false,"remapped_from":null,"stim_val":"\u16ac"}