{"index":1637,"real_prep_time":1.0700609635,"proposed_choice":2,"real_choice":1,"correct":false,"datetime":"180524_115828347510","presses":[1,3,2,2,2],"rts":[1.0700609635,2.171290468,2.6206392063,3.0031418682,3.5505471583],"will_remap":false,"is_remapped":false,"remapped_from":null,"stim_val":"\u16ac"}