{"index":1895,"real_prep_time":0.5834018802,"proposed_choice":6,"real_choice":8,"correct":false,"datetime":"180524_120911733700","presses":[8,7,6,6],"rts":[0.5834018802,1.6189371899,2.5668579529,3.1704928311],"will_remap":true,"is_remapped":false,"remapped_from":null,"stim_val":"\u16a6"}