{"index":1982,"real_prep_time":1.1025637868,"proposed_choice":7,"real_choice":9,"correct":false,"datetime":"180524_121157111597","presses":[9,7,7],"rts":[1.1025637868,2.0922355621,2.6193327826],"will_remap":false,"is_remapped":false,"remapped_from":null,"stim_val":"\u16b3"}