{"index":313,"real_prep_time":0.5887143764,"proposed_choice":5,"real_choice":6,"correct":false,"datetime":"180524_111341347982","presses":[6,5,5],"rts":[0.5887143764,0.6354462206,1.8194472669],"will_remap":true,"is_remapped":false,"remapped_from":null,"stim_val":"\u16a3"}