{"index":674,"real_prep_time":0.7609904539,"proposed_choice":2,"real_choice":7,"correct":false,"datetime":"180524_112455334421","presses":[7,2,2],"rts":[0.7609904539,1.7036972522,2.1685160405],"will_remap":false,"is_remapped":false,"remapped_from":null,"stim_val":"\u16ac"}