{"index":170,"real_prep_time":0.8230876583,"proposed_choice":2,"real_choice":5,"correct":false,"datetime":"180524_110915808098","presses":[5,9,2],"rts":[0.8230876583,2.1659897017,3.9886782482],"will_remap":false,"is_remapped":false,"remapped_from":null,"stim_val":"\u16ac"}