{"index":1900,"real_prep_time":0.7994432964,"proposed_choice":8,"real_choice":8,"correct":true,"datetime":"180524_120940135368","presses":[0,8,8],"rts":[0.7158747042,0.7994432964,2.0064910634],"will_remap":true,"is_remapped":false,"remapped_from":null,"stim_val":"\u16c7"}