{"index":1677,"real_prep_time":0.707652886,"proposed_choice":7,"real_choice":2,"correct":false,"datetime":"180524_115935645086","presses":[2,7,7],"rts":[0.707652886,1.6855430954,2.1522715203],"will_remap":false,"is_remapped":false,"remapped_from":null,"stim_val":"\u16b3"}