{"index":548,"real_prep_time":0.5736044361,"proposed_choice":9,"real_choice":5,"correct":false,"datetime":"180524_112115086619","presses":[5,9,9,9],"rts":[0.5736044361,0.6353192439,1.5000409082,2.0420683076],"will_remap":true,"is_remapped":false,"remapped_from":null,"stim_val":"\u16bc"}