{"index":1278,"real_prep_time":0.7247261276,"proposed_choice":4,"real_choice":8,"correct":false,"datetime":"180524_114422820656","presses":[8,1,4],"rts":[0.7247261276,2.0858263152,3.2034994559],"will_remap":false,"is_remapped":false,"remapped_from":null,"stim_val":"\u16bb"}