{"index":2165,"real_prep_time":0.9581891649,"proposed_choice":9,"real_choice":8,"correct":false,"datetime":"180524_122423925251","presses":[8,3,9],"rts":[0.9581891649,2.2716991689,3.4397709374],"will_remap":true,"is_remapped":false,"remapped_from":null,"stim_val":"\u16bc"}