{"index":1874,"real_prep_time":0.6567794883,"proposed_choice":6,"real_choice":8,"correct":false,"datetime":"180524_120836868815","presses":[8,1,1,6],"rts":[0.6567794883,1.5534221701,2.0856664945,3.1206645723],"will_remap":true,"is_remapped":false,"remapped_from":null,"stim_val":"\u16a6"}