{"index":111,"real_prep_time":0.6739629915,"proposed_choice":8,"real_choice":9,"correct":false,"datetime":"180524_110650119930","presses":[9,8,8],"rts":[0.6739629915,0.6950543288,1.9987859498],"will_remap":true,"is_remapped":false,"remapped_from":null,"stim_val":"\u16c7"}