{"index":624,"real_prep_time":0.6679100418,"proposed_choice":7,"real_choice":7,"correct":true,"datetime":"180524_112336376861","presses":[6,7,7],"rts":[0.6018712796,0.6679100418,1.8672409652],"will_remap":false,"is_remapped":false,"remapped_from":null,"stim_val":"\u16b3"}