{"index":1568,"real_prep_time":0.6411757168,"proposed_choice":2,"real_choice":6,"correct":false,"datetime":"180524_115556929448","presses":[6,1,2],"rts":[0.6411757168,1.6489582481,2.142431555],"will_remap":false,"is_remapped":false,"remapped_from":null,"stim_val":"\u16ac"}