{"index":60,"real_prep_time":0.5240172278,"proposed_choice":7,"real_choice":8,"correct":false,"datetime":"180524_110438990891","presses":[8,7,7],"rts":[0.5240172278,0.7825310485,2.1269547602],"will_remap":false,"is_remapped":false,"remapped_from":null,"stim_val":"\u16b3"}