{"index":2369,"real_prep_time":0.77495819,"proposed_choice":3,"real_choice":4,"correct":false,"datetime":"180524_123114437037","presses":[4,3,3],"rts":[0.77495819,0.8554039752,1.9909767327],"will_remap":true,"is_remapped":false,"remapped_from":null,"stim_val":"\u16a0"}