{"index":2413,"real_prep_time":0.8034191644,"proposed_choice":6,"real_choice":1,"correct":false,"datetime":"180524_123317503406","presses":[1,6,6],"rts":[0.8034191644,1.7981069614,2.21358663],"will_remap":true,"is_remapped":false,"remapped_from":null,"stim_val":"\u16a6"}