{"index":869,"real_prep_time":0.5950036847,"proposed_choice":6,"real_choice":4,"correct":false,"datetime":"180524_113118760965","presses":[4,6,6],"rts":[0.5950036847,0.6515526208,1.9004543305],"will_remap":true,"is_remapped":false,"remapped_from":null,"stim_val":"\u16a6"}