{"index":1725,"real_prep_time":1.0650188427,"proposed_choice":3,"real_choice":6,"correct":false,"datetime":"180524_120224886819","presses":[6,3,3],"rts":[1.0650188427,2.0370036067,2.454230452],"will_remap":true,"is_remapped":false,"remapped_from":null,"stim_val":"\u16a0"}