{"index":2141,"real_prep_time":0.6695745223,"proposed_choice":7,"real_choice":3,"correct":false,"datetime":"180524_122338616330","presses":[3,2,1,7],"rts":[0.6695745223,1.8360847407,3.2161487452,4.252675236],"will_remap":false,"is_remapped":false,"remapped_from":null,"stim_val":"\u16b3"}