{"index":488,"real_prep_time":0.561258366,"proposed_choice":1,"real_choice":2,"correct":false,"datetime":"180524_111927494521","presses":[2,1,1],"rts":[0.561258366,1.0068180359,1.9513256754],"will_remap":false,"is_remapped":false,"remapped_from":null,"stim_val":"\u16a2"}