{"index":1921,"real_prep_time":0.7711559254,"proposed_choice":2,"real_choice":4,"correct":false,"datetime":"180524_121018580811","presses":[4,3,2,2],"rts":[0.7711559254,1.7690506919,2.3218658369,3.1376093708],"will_remap":false,"is_remapped":false,"remapped_from":null,"stim_val":"\u16ac"}