{"index":2209,"real_prep_time":0.5941705647,"proposed_choice":6,"real_choice":7,"correct":false,"datetime":"180524_122607652736","presses":[7,6,6],"rts":[0.5941705647,0.7922540075,7.5225700447],"will_remap":true,"is_remapped":false,"remapped_from":null,"stim_val":"\u16a6"}