{"index":70,"real_prep_time":0.7578004928,"proposed_choice":4,"real_choice":2,"correct":false,"datetime":"180524_110458113771","presses":[2,7,4],"rts":[0.7578004928,2.5595176408,3.9033264097],"will_remap":false,"is_remapped":false,"remapped_from":null,"stim_val":"\u16bb"}