{"index":377,"real_prep_time":0.54109956,"proposed_choice":9,"real_choice":8,"correct":false,"datetime":"180524_111519395337","presses":[8,9,9],"rts":[0.54109956,0.8159054073,1.8369166877],"will_remap":true,"is_remapped":false,"remapped_from":null,"stim_val":"\u16bc"}