{"index":736,"real_prep_time":0.5602935773,"proposed_choice":5,"real_choice":6,"correct":false,"datetime":"180524_112653470123","presses":[6,5,5],"rts":[0.5602935773,1.4669439628,2.0102836508],"will_remap":true,"is_remapped":false,"remapped_from":null,"stim_val":"\u16a3"}