{"index":1242,"real_prep_time":1.1238554131,"proposed_choice":1,"real_choice":8,"correct":false,"datetime":"180524_114320954491","presses":[8,1,1],"rts":[1.1238554131,2.118430016,2.5341686233],"will_remap":false,"is_remapped":false,"remapped_from":null,"stim_val":"\u16a2"}