{"index":461,"real_prep_time":0.6069216114,"proposed_choice":2,"real_choice":1,"correct":false,"datetime":"180524_111840170041","presses":[1,0,2],"rts":[0.6069216114,1.7401645068,2.7820263672],"will_remap":false,"is_remapped":false,"remapped_from":null,"stim_val":"\u16ac"}