{"index":1000,"proposed_prep_time":0.4666666667,"real_prep_time":0.4183821979,"proposed_choice":7,"real_choice":7,"correct":true,"datetime":"180608_110208492271","timing":0.0320900357,"presses":[8,1,8,1,8,8,1,8,1,8,7],"rts":[2.5042258651,2.536389125,2.6837793113,2.8567589942,2.8732636359,3.0505520266,3.2241296442,3.2561852818,3.4333833518,3.7681558536,0.4183821979],"will_remap":true,"is_remapped":false,"remapped_from":null,"stim_val":"\u16a2"}