{"index":1145,"proposed_prep_time":0.5166666667,"real_prep_time":0.5226480622,"proposed_choice":7,"real_choice":7,"correct":true,"datetime":"180608_110723222553","timing":-0.0227226061,"presses":[0,7],"rts":[0.4773868345,0.5226480622],"will_remap":true,"is_remapped":false,"remapped_from":null,"stim_val":"\u16a2"}