{"index":500,"proposed_prep_time":0.6833333333,"real_prep_time":0.5689520834,"proposed_choice":1,"real_choice":1,"correct":true,"datetime":"180608_104300827562","timing":0.098237632,"presses":[5,7,7,2,7,2,7,2,7,2,1],"rts":[235.7089732149,236.5580361817,236.9030688804,237.0565697899,237.1482878216,237.2476514419,237.3591608503,237.4578145147,237.5821503423,237.7566698758,0.5689520834],"will_remap":true,"is_remapped":false,"remapped_from":null,"stim_val":"\u16bc"}