{"index":267,"proposed_prep_time":0.3833333333,"real_prep_time":0.4423177699,"proposed_choice":9,"real_choice":2,"correct":false,"datetime":"180608_103040493287","timing":-0.0590561604,"presses":[2,9],"rts":[0.4423177699,0.489574264],"will_remap":false,"is_remapped":false,"remapped_from":null,"stim_val":"\u16bb"}