{"index":200,"proposed_prep_time":0.35,"real_prep_time":0.3364918209,"proposed_choice":3,"real_choice":7,"correct":false,"datetime":"180608_102816820320","timing":0.0127587666,"presses":[7,7,2,7,7,2,2,2,7,2,7],"rts":[1.7066679843,1.9003208438,1.9825912716,2.0753306896,2.2667554429,2.3809897213,2.5874646012,2.8131555032,3.0417756698,3.3866725942,0.3364918209],"will_remap":true,"is_remapped":false,"remapped_from":null,"stim_val":"\u16c7"}