{"index":600,"proposed_prep_time":0.2166666667,"real_prep_time":0.2261281363,"proposed_choice":4,"real_choice":7,"correct":false,"datetime":"180608_104719887642","timing":-0.0255938073,"presses":[6,3,6,3,6,3,6,3,6,3,7],"rts":[43.8268816104,43.9353356572,44.0313623969,44.1441360019,44.2429289595,44.3586256708,44.4633100015,44.6109940233,44.8473527384,45.0596310165,0.2261281363],"will_remap":true,"is_remapped":false,"remapped_from":null,"stim_val":"\u16a3"}