{"index":608,"proposed_prep_time":0.5333333333,"real_prep_time":0.5683535622,"proposed_choice":0,"real_choice":1,"correct":false,"datetime":"180608_104737061836","timing":-0.0353452172,"presses":[1,0],"rts":[0.5683535622,0.5852209529],"will_remap":false,"is_remapped":false,"remapped_from":null,"stim_val":"\u16a6"}