{"index":734,"proposed_prep_time":0.5333333333,"real_prep_time":0.5037012426,"proposed_choice":6,"real_choice":7,"correct":false,"datetime":"180608_105209815097","timing":0.013311541,"presses":[7,6],"rts":[0.5037012426,0.5406198287],"will_remap":false,"is_remapped":false,"remapped_from":null,"stim_val":"\u16a0"}