{"index":832,"proposed_prep_time":0.4833333333,"real_prep_time":0.5516008318,"proposed_choice":9,"real_choice":9,"correct":true,"datetime":"180608_105543416134","timing":-0.0839667854,"presses":[0,9],"rts":[0.5176871684,0.5516008318],"will_remap":false,"is_remapped":false,"remapped_from":null,"stim_val":"\u16bb"}