{"index":512,"proposed_prep_time":0.4166666667,"real_prep_time":0.4274098692,"proposed_choice":7,"real_choice":2,"correct":false,"datetime":"180608_104326563868","timing":-0.0112515839,"presses":[2,7],"rts":[0.4274098692,0.4535600579],"will_remap":true,"is_remapped":false,"remapped_from":null,"stim_val":"\u16a2"}