{"index":733,"proposed_prep_time":0.6333333333,"real_prep_time":0.6091280797,"proposed_choice":0,"real_choice":4,"correct":false,"datetime":"180608_105207666324","timing":0.0079846725,"presses":[4,0],"rts":[0.6091280797,0.7368295264],"will_remap":false,"is_remapped":false,"remapped_from":null,"stim_val":"\u16a6"}