{"index":1210,"proposed_prep_time":0.4833333333,"real_prep_time":0.5292059901,"proposed_choice":2,"real_choice":7,"correct":false,"datetime":"180608_111000254888","timing":-0.0621358617,"presses":[7,1],"rts":[0.5292059901,0.5372641801],"will_remap":true,"is_remapped":false,"remapped_from":null,"stim_val":"\u16cb"}