{"index":826,"proposed_prep_time":0.5833333333,"real_prep_time":0.5019948265,"proposed_choice":5,"real_choice":3,"correct":false,"datetime":"180608_105530539502","timing":0.0649946291,"presses":[3,4],"rts":[0.5019948265,0.8373077863],"will_remap":false,"is_remapped":false,"remapped_from":null,"stim_val":"\u16b3"}