{"index":888,"proposed_prep_time":0.6166666667,"real_prep_time":0.5471337694,"proposed_choice":3,"real_choice":3,"correct":true,"datetime":"180608_105743602508","timing":0.0531529402,"presses":[3,6],"rts":[0.5471337694,0.6261541182],"will_remap":true,"is_remapped":false,"remapped_from":null,"stim_val":"\u16c7"}