{"index":800,"proposed_prep_time":0.3666666667,"real_prep_time":0.3136142913,"proposed_choice":6,"real_choice":7,"correct":false,"datetime":"180608_105434736348","timing":0.0361691296,"presses":[7,2,7,2,2,2,7,2,7,2,7,7],"rts":[2.78363559,2.8982657546,2.9919561792,3.1034034189,3.2981386604,3.5034804261,3.5999713789,3.8073987316,3.9513977861,4.1477608531,4.3676375067,0.3136142913],"will_remap":false,"is_remapped":false,"remapped_from":null,"stim_val":"\u16a0"}