{"index":1200,"proposed_prep_time":0.6,"real_prep_time":0.5816474202,"proposed_choice":4,"real_choice":4,"correct":true,"datetime":"180608_110938816130","timing":0.002088021,"presses":[6,3,6,3,3,3,6,3,6,3,4],"rts":[17.2320318257,17.3438072111,17.4258002253,17.5494633396,17.7429675218,17.9488632348,18.093792182,18.2255020497,18.3810052635,18.6082236997,0.5816474202],"will_remap":true,"is_remapped":false,"remapped_from":null,"stim_val":"\u16a3"}