{"index":477,"proposed_prep_time":0.6333333333,"real_prep_time":0.576982708,"proposed_choice":3,"real_choice":6,"correct":false,"datetime":"180608_103814847906","timing":0.0402948502,"presses":[6,3],"rts":[0.576982708,0.6409215527],"will_remap":true,"is_remapped":false,"remapped_from":null,"stim_val":"\u16c7"}