{"index":967,"proposed_prep_time":0.5333333333,"real_prep_time":0.5179724997,"proposed_choice":2,"real_choice":7,"correct":false,"datetime":"180608_110054748367","timing":-0.0009673406,"presses":[7,2],"rts":[0.5179724997,0.5702227314],"will_remap":true,"is_remapped":false,"remapped_from":null,"stim_val":"\u16cb"}