{"index":700,"proposed_prep_time":0.2333333333,"real_prep_time":0.2390225893,"proposed_choice":5,"real_choice":8,"correct":false,"datetime":"180608_105056870747","timing":-0.0218328885,"presses":[7,2,7,2,7,2,7,2,7,2,8],"rts":[2.1971598245,2.2745283016,2.3904772071,2.4994174608,2.5982629101,2.7053938173,2.8015053059,2.9161046793,3.0096593297,3.1070417595,0.2390225893],"will_remap":false,"is_remapped":false,"remapped_from":null,"stim_val":"\u16b3"}