{"index":1195,"proposed_prep_time":0.4833333333,"real_prep_time":0.4917413743,"proposed_choice":6,"real_choice":2,"correct":false,"datetime":"180608_110910531281","timing":-0.0246375222,"presses":[2,3],"rts":[0.4917413743,0.5266383017],"will_remap":false,"is_remapped":false,"remapped_from":null,"stim_val":"\u16a0"}