{"index":960,"proposed_prep_time":0.6166666667,"real_prep_time":0.601684833,"proposed_choice":8,"real_choice":8,"correct":true,"datetime":"180608_110039705958","timing":0.0152701513,"presses":[8,1],"rts":[0.601684833,0.6343677302],"will_remap":true,"is_remapped":false,"remapped_from":null,"stim_val":"\u16ac"}