{"index":423,"proposed_prep_time":0.5666666667,"real_prep_time":0.4996699482,"proposed_choice":3,"real_choice":6,"correct":false,"datetime":"180608_103618911052","timing":0.050671467,"presses":[6,3],"rts":[0.4996699482,0.6091969933],"will_remap":true,"is_remapped":false,"remapped_from":null,"stim_val":"\u16c7"}