{"index":1174,"proposed_prep_time":0.4833333333,"real_prep_time":0.4976963823,"proposed_choice":2,"real_choice":7,"correct":false,"datetime":"180608_110825439039","timing":-0.0306397433,"presses":[7,2],"rts":[0.4976963823,0.5751792265],"will_remap":true,"is_remapped":false,"remapped_from":null,"stim_val":"\u16cb"}