{"index":766,"proposed_prep_time":0.5666666667,"real_prep_time":0.5502882491,"proposed_choice":9,"real_choice":5,"correct":false,"datetime":"180608_105318477892","timing":0.0163431495,"presses":[5,9],"rts":[0.5502882491,0.5545969571],"will_remap":false,"is_remapped":false,"remapped_from":null,"stim_val":"\u16bb"}