{"index":29,"proposed_prep_time":0.5333333333,"real_prep_time":0.4506973608,"proposed_choice":2,"real_choice":1,"correct":false,"datetime":"180608_102205354424","timing":0.066235659,"presses":[1,2],"rts":[0.4506973608,0.5152488027],"will_remap":true,"is_remapped":false,"remapped_from":null,"stim_val":"\u16cb"}