{"index":1219,"proposed_prep_time":0.6333333333,"real_prep_time":0.5390031469,"proposed_choice":1,"real_choice":8,"correct":false,"datetime":"180608_111019576857","timing":0.0780386391,"presses":[8,1],"rts":[0.5390031469,0.5739953802],"will_remap":true,"is_remapped":false,"remapped_from":null,"stim_val":"\u16bc"}