{"index":300,"proposed_prep_time":0.6,"real_prep_time":0.5906727455,"proposed_choice":8,"real_choice":8,"correct":true,"datetime":"180608_103153120815","timing":-0.0070120827,"presses":[7,2,7,2,7,2,7,2,7,2,8],"rts":[1.6769706554,1.7963649437,1.9178726777,2.0135935586,2.140330216,2.2601066077,2.3825612429,2.507340463,2.6196923759,2.8474451119,0.5906727455],"will_remap":true,"is_remapped":false,"remapped_from":null,"stim_val":"\u16ac"}