{"index":279,"proposed_prep_time":0.6666666667,"real_prep_time":0.636667389,"proposed_choice":4,"real_choice":5,"correct":false,"datetime":"180608_103106229590","timing":0.0137954019,"presses":[5,4],"rts":[0.636667389,0.6686406236],"will_remap":true,"is_remapped":false,"remapped_from":null,"stim_val":"\u16a3"}