{"index":776,"proposed_prep_time":0.6333333333,"real_prep_time":0.7115584983,"proposed_choice":9,"real_choice":7,"correct":false,"datetime":"180608_105339899661","timing":-0.0939859317,"presses":[0,7],"rts":[0.6516269016,0.7115584983],"will_remap":false,"is_remapped":false,"remapped_from":null,"stim_val":"\u16bb"}