{"index":400,"proposed_prep_time":0.5,"real_prep_time":0.494392932,"proposed_choice":3,"real_choice":3,"correct":true,"datetime":"180608_103529537245","timing":-0.0106079023,"presses":[7,2,7,2,7,2,7,2,7,2,3],"rts":[1.6534984169,1.7547400039,1.8935517765,1.9897025604,2.1035125075,2.2155562157,2.3105527715,2.4214636587,2.518482753,2.7257584959,0.494392932],"will_remap":true,"is_remapped":false,"remapped_from":null,"stim_val":"\u16c7"}