{"index":47,"proposed_prep_time":0.6166666667,"real_prep_time":0.5130013422,"proposed_choice":3,"real_choice":2,"correct":false,"datetime":"180608_102243983367","timing":0.0874413759,"presses":[2,7],"rts":[0.5130013422,0.6076891068],"will_remap":true,"is_remapped":false,"remapped_from":null,"stim_val":"\u16c7"}