{"index":927,"proposed_prep_time":0.5666666667,"real_prep_time":0.6424511396,"proposed_choice":2,"real_choice":2,"correct":true,"datetime":"180608_105928878397","timing":-0.0921287856,"presses":[2,7],"rts":[0.6424511396,0.7069093283],"will_remap":true,"is_remapped":false,"remapped_from":null,"stim_val":"\u16cb"}