{"index":190,"proposed_prep_time":0.4166666667,"real_prep_time":0.4406427315,"proposed_choice":2,"real_choice":5,"correct":false,"datetime":"180608_102752784057","timing":-0.0235601253,"presses":[5,2],"rts":[0.4406427315,0.5047639771],"will_remap":true,"is_remapped":false,"remapped_from":null,"stim_val":"\u16cb"}