{"index":1100,"proposed_prep_time":0.6333333333,"real_prep_time":0.5931885289,"proposed_choice":1,"real_choice":1,"correct":true,"datetime":"180608_110546674681","timing":0.0236787738,"presses":[6,3,6,3,6,3,6,3,6,3,1],"rts":[3.6332777235,3.7326727215,3.8297278854,3.9523825164,4.0176242665,4.1489288639,4.2402809208,4.3476816172,4.4328179677,4.5641615673,0.5931885289],"will_remap":true,"is_remapped":false,"remapped_from":null,"stim_val":"\u16bc"}