{"index":1078,"proposed_prep_time":0.5166666667,"real_prep_time":0.59879633,"proposed_choice":5,"real_choice":5,"correct":true,"datetime":"180608_110455918661","timing":-0.0981178104,"presses":[5,4],"rts":[0.59879633,0.632551639],"will_remap":false,"is_remapped":false,"remapped_from":null,"stim_val":"\u16b3"}