{"index":117,"proposed_prep_time":0.4333333333,"real_prep_time":0.377847558,"proposed_choice":0,"real_choice":2,"correct":false,"datetime":"180608_102516084518","timing":0.0398265315,"presses":[2,0],"rts":[0.377847558,0.4842488617],"will_remap":false,"is_remapped":false,"remapped_from":null,"stim_val":"\u16a6"}