{"index":653,"proposed_prep_time":0.6166666667,"real_prep_time":0.5548767166,"proposed_choice":5,"real_choice":5,"correct":true,"datetime":"180608_104913576727","timing":0.0453613136,"presses":[5,4],"rts":[0.5548767166,0.5873349851],"will_remap":false,"is_remapped":false,"remapped_from":null,"stim_val":"\u16b3"}