{"index":900,"proposed_prep_time":0.3666666667,"real_prep_time":0.3337848391,"proposed_choice":5,"real_choice":8,"correct":false,"datetime":"180608_105830959481","timing":0.0166399175,"presses":[6,3,6,3,6,3,6,3,3,6,8],"rts":[21.3796662885,21.4597162346,21.542875207,21.6233975774,21.6999220837,21.7802881524,21.8456991071,21.9409443381,22.0858820828,22.4223926716,0.3337848391],"will_remap":false,"is_remapped":false,"remapped_from":null,"stim_val":"\u16b3"}