{"index":1151,"proposed_prep_time":0.5333333333,"real_prep_time":0.5274831521,"proposed_choice":4,"real_choice":5,"correct":false,"datetime":"180608_110736082209","timing":-0.0104935352,"presses":[5,4],"rts":[0.5274831521,0.5900956314],"will_remap":true,"is_remapped":false,"remapped_from":null,"stim_val":"\u16a3"}