{"index":885,"proposed_prep_time":0.4166666667,"real_prep_time":0.3598974919,"proposed_choice":3,"real_choice":1,"correct":false,"datetime":"180608_105737155190","timing":0.0404702131,"presses":[1,8],"rts":[0.3598974919,0.3776745411],"will_remap":true,"is_remapped":false,"remapped_from":null,"stim_val":"\u16c7"}