{"index":295,"proposed_prep_time":0.4666666667,"real_prep_time":0.5530961086,"proposed_choice":9,"real_choice":9,"correct":true,"datetime":"180608_103140560987","timing":-0.1029974743,"presses":[0,9],"rts":[0.4568725988,0.5530961086],"will_remap":false,"is_remapped":false,"remapped_from":null,"stim_val":"\u16bb"}