{"index":212,"proposed_prep_time":0.2833333333,"real_prep_time":0.4058050404,"proposed_choice":5,"real_choice":4,"correct":false,"datetime":"180608_102842556625","timing":-0.1380392666,"presses":[4,2],"rts":[0.4058050404,0.4573737614],"will_remap":false,"is_remapped":false,"remapped_from":null,"stim_val":"\u16b3"}