{"index":353,"proposed_prep_time":0.5333333333,"real_prep_time":0.529911254,"proposed_choice":9,"real_choice":1,"correct":false,"datetime":"180608_103346892852","timing":-0.0127415822,"presses":[1,9],"rts":[0.529911254,0.5922384021],"will_remap":false,"is_remapped":false,"remapped_from":null,"stim_val":"\u16bb"}