{"index":100,"proposed_prep_time":0.2,"real_prep_time":0.2350138751,"proposed_choice":6,"real_choice":9,"correct":false,"datetime":"180608_102439604348","timing":-0.0510850654,"presses":[7,2,7,2,7,2,7,2,7,2,9],"rts":[1.5808662048,1.690273311,1.7702692994,1.9162002785,1.9814511193,2.0938511251,2.186414887,2.2993896608,2.4126459537,2.539169419,0.2350138751],"will_remap":false,"is_remapped":false,"remapped_from":null,"stim_val":"\u16a0"}