{"index":118,"proposed_prep_time":0.5166666667,"real_prep_time":0.4996385706,"proposed_choice":1,"real_choice":2,"correct":false,"datetime":"180608_102518233306","timing":0.0012235229,"presses":[2,1],"rts":[0.4996385706,0.5636870904],"will_remap":true,"is_remapped":false,"remapped_from":null,"stim_val":"\u16bc"}