{"index":30,"real_prep_time":0.4941128792,"proposed_choice":0,"real_choice":1,"correct":false,"datetime":"180608_101958056548","presses":[1,0,0],"rts":[0.4941128792,0.5788395608,1.615912396],"will_remap":false,"is_remapped":false,"remapped_from":null,"stim_val":"\u16a6"}