{"index":53,"proposed_prep_time":0.3833333333,"real_prep_time":0.5857727972,"proposed_choice":3,"real_choice":2,"correct":false,"datetime":"180531_142148823441","timing":-0.2184361156,"presses":[2,7],"rts":[0.5857727972,0.618606112],"will_remap":true,"is_remapped":false,"remapped_from":null,"stim_val":"\u16a0"}