{"index":97,"proposed_prep_time":0.6333333333,"real_prep_time":0.6154299336,"proposed_choice":1,"real_choice":2,"correct":false,"datetime":"180531_142330135057","timing":0.0019468498,"presses":[2,2,1],"rts":[1.0519015281,0.6154299336,0.63049618],"will_remap":true,"is_remapped":false,"remapped_from":null,"stim_val":"\u16a2"}