{"index":89,"proposed_prep_time":0.3166666667,"real_prep_time":0.5928506516,"proposed_choice":4,"real_choice":5,"correct":false,"datetime":"180531_142312910888","timing":-0.2923210442,"presses":[3,5],"rts":[0.6284525287,0.5928506516],"will_remap":true,"is_remapped":false,"remapped_from":null,"stim_val":"\u16b3"}