{"index":91,"proposed_prep_time":0.4166666667,"real_prep_time":0.3916294461,"proposed_choice":3,"real_choice":7,"correct":false,"datetime":"180531_142317241916","timing":0.0079842571,"presses":[1,7],"rts":[0.8152819601,0.3916294461],"will_remap":true,"is_remapped":false,"remapped_from":null,"stim_val":"\u16a0"}