{"index":6,"proposed_prep_time":0.5833333333,"real_prep_time":0.7410814959,"proposed_choice":6,"real_choice":6,"correct":true,"datetime":"180531_141911940374","timing":-0.1741904351,"presses":[6,3],"rts":[0.7410814959,0.7716104612],"will_remap":true,"is_remapped":false,"remapped_from":null,"stim_val":"\u16a3"}