{"index":59,"proposed_prep_time":0.6333333333,"real_prep_time":0.6216385984,"proposed_choice":1,"real_choice":8,"correct":false,"datetime":"180531_142205614143","timing":0.0121231715,"presses":[9,8],"rts":[2.2786875824,0.6216385984],"will_remap":true,"is_remapped":false,"remapped_from":null,"stim_val":"\u16a2"}