{"index":71,"proposed_prep_time":0.5833333333,"real_prep_time":0.6108388295,"proposed_choice":8,"real_choice":7,"correct":false,"datetime":"180531_142231366361","timing":-0.0438926381,"presses":[7,8],"rts":[0.6108388295,0.6598427658],"will_remap":false,"is_remapped":false,"remapped_from":null,"stim_val":"\u16a6"}