{"index":30,"proposed_prep_time":0.4833333333,"real_prep_time":0.5612612985,"proposed_choice":9,"real_choice":9,"correct":true,"datetime":"180531_142056533977","timing":-0.0778784208,"presses":[3,9],"rts":[0.9673625755,0.5612612985],"will_remap":false,"is_remapped":false,"remapped_from":null,"stim_val":"\u16c7"}