{"index":1,"proposed_prep_time":0.3166666667,"real_prep_time":0.3561724338,"proposed_choice":1,"real_choice":6,"correct":false,"datetime":"180531_141901213283","timing":-0.0554293413,"presses":[9,6],"rts":[14.5248069469,0.3561724338],"will_remap":true,"is_remapped":false,"remapped_from":null,"stim_val":"\u16a2"}