{"index":80,"proposed_prep_time":0.5166666667,"real_prep_time":0.5956212668,"proposed_choice":0,"real_choice":0,"correct":true,"datetime":"180531_142253621076","timing":-0.0784338341,"presses":[5,0],"rts":[1.0323391904,0.5956212668],"will_remap":false,"is_remapped":false,"remapped_from":null,"stim_val":"\u16bc"}