{"index":64,"proposed_prep_time":0.2666666667,"real_prep_time":0.2323648203,"proposed_choice":5,"real_choice":7,"correct":false,"datetime":"180531_142216341619","timing":0.0186080768,"presses":[8,7],"rts":[0.6043609624,0.2323648203],"will_remap":false,"is_remapped":false,"remapped_from":null,"stim_val":"\u16ac"}