{"index":24,"proposed_prep_time":0.5833333333,"real_prep_time":0.6287572143,"proposed_choice":2,"real_choice":2,"correct":true,"datetime":"180531_142043524193","timing":-0.0626658432,"presses":[9,2],"rts":[53.8407459313,0.6287572143],"will_remap":true,"is_remapped":false,"remapped_from":null,"stim_val":"\u16bb"}