{"index":74,"proposed_prep_time":0.6333333333,"real_prep_time":0.5830620049,"proposed_choice":7,"real_choice":6,"correct":false,"datetime":"180531_142239445369","timing":0.05098363,"presses":[9,6],"rts":[2.6206629594,0.5830620049],"will_remap":true,"is_remapped":false,"remapped_from":null,"stim_val":"\u16cb"}