{"index":11,"proposed_prep_time":0.3166666667,"real_prep_time":0.5250676451,"proposed_choice":6,"real_choice":3,"correct":false,"datetime":"180531_141922785134","timing":-0.2244726433,"presses":[3,3],"rts":[0.758574963,0.5250676451],"will_remap":true,"is_remapped":false,"remapped_from":null,"stim_val":"\u16a3"}