{"index":8,"proposed_prep_time":0.5,"real_prep_time":0.6814203098,"proposed_choice":9,"real_choice":8,"correct":false,"datetime":"180531_141916238554","timing":-0.1811375006,"presses":[6,8,9],"rts":[0.8630812303,0.6814203098,0.7285788311],"will_remap":false,"is_remapped":false,"remapped_from":null,"stim_val":"\u16c7"}