{"index":34,"proposed_prep_time":0.6833333333,"real_prep_time":0.6606459745,"proposed_choice":6,"real_choice":3,"correct":false,"datetime":"180531_142105112856","timing":0.0226851155,"presses":[4,3],"rts":[1.0164629907,0.6606459745],"will_remap":true,"is_remapped":false,"remapped_from":null,"stim_val":"\u16a3"}