{"index":21,"real_prep_time":1.4120366339,"proposed_choice":9,"real_choice":6,"correct":false,"datetime":"180529_131311081488","presses":[6,7,8,0,9],"rts":[1.4120366339,3.1702913692,4.7540715404,6.0987052184,7.4600083341],"will_remap":false,"is_remapped":false,"remapped_from":null,"stim_val":"\u16bb"}