{"index":5,"real_prep_time":0.6570659924,"proposed_choice":6,"real_choice":9,"correct":false,"datetime":"180529_131141946433","presses":[9,7,6],"rts":[0.6570659924,2.5482692013,4.2091685428],"will_remap":false,"is_remapped":false,"remapped_from":null,"stim_val":"\u16a0"}