{"index":14,"real_prep_time":1.0319670576,"proposed_choice":6,"real_choice":8,"correct":false,"datetime":"180529_131218443710","presses":[8,2,1,7,3,9,0,6],"rts":[1.0319670576,2.3437618491,3.6738272172,4.9826458261,6.3121636985,7.6381353126,9.0625517401,10.4383627564],"will_remap":false,"is_remapped":false,"remapped_from":null,"stim_val":"\u16a0"}