{"index":16,"real_prep_time":1.442004614,"proposed_choice":4,"real_choice":5,"correct":false,"datetime":"180529_131227205635","presses":[5,9,0,4],"rts":[1.442004614,2.7700151873,4.25805342,5.7150254555],"will_remap":true,"is_remapped":false,"remapped_from":null,"stim_val":"\u16a3"}