{"index":0,"real_prep_time":0.8308892507,"proposed_choice":3,"real_choice":6,"correct":false,"datetime":"180529_131130669414","presses":[6,8,7,9,5,3],"rts":[0.8308892507,3.7245613217,5.516535863,6.9411830773,9.0689753563,11.0556718287],"will_remap":true,"is_remapped":false,"remapped_from":null,"stim_val":"\u16c7"}