{"index":46,"real_prep_time":1.6478260143,"proposed_choice":6,"real_choice":7,"correct":false,"datetime":"180529_131443215131","presses":[7,3,1,7,6],"rts":[1.6478260143,2.9571232053,4.1419174897,5.4408621164,6.6531385105],"will_remap":false,"is_remapped":false,"remapped_from":null,"stim_val":"\u16a0"}