{"index":67,"real_prep_time":1.0348253541,"proposed_choice":8,"real_choice":3,"correct":false,"datetime":"180529_131539368442","presses":[3,6,5,9,4,8],"rts":[1.0348253541,2.4272791228,4.9702481442,6.2342929315,7.5961696421,8.8444303098],"will_remap":true,"is_remapped":false,"remapped_from":null,"stim_val":"\u16ac"}