{"index":6,"real_prep_time":3.017832756,"proposed_choice":6,"real_choice":4,"correct":false,"datetime":"180529_131147193987","presses":[0,4,6],"rts":[1.4017811349,3.017832756,4.4115208091],"will_remap":false,"is_remapped":false,"remapped_from":null,"stim_val":"\u16a0"}