{"index":19,"real_prep_time":2.4492032869,"proposed_choice":4,"real_choice":9,"correct":false,"datetime":"180529_131300970479","presses":[9,6,5,3,4],"rts":[2.4492032869,3.9847190955,5.4238000184,7.5584681032,9.0401182028],"will_remap":true,"is_remapped":false,"remapped_from":null,"stim_val":"\u16a3"}