{"index":18,"real_prep_time":1.4257433786,"proposed_choice":7,"real_choice":1,"correct":false,"datetime":"180529_131251092899","presses":[1,2,5,9,6,8,7],"rts":[1.4257433786,3.1537744207,4.5145901568,5.9394417657,7.4116911867,9.1721523263,10.5469184971],"will_remap":true,"is_remapped":false,"remapped_from":null,"stim_val":"\u16a2"}