{"index":30,"real_prep_time":3.0038157542,"proposed_choice":5,"real_choice":6,"correct":false,"datetime":"180529_131354724836","presses":[6,7,3,8,0,2,9,1,6,3,5],"rts":[3.0038157542,4.3135906475,6.0086361788,7.3517590386,8.8105242909,10.151794991,11.6573475114,12.9198234173,14.2958438133,15.6574665704,17.1924949994],"will_remap":false,"is_remapped":false,"remapped_from":null,"stim_val":"\u16b3"}