{"index":32,"real_prep_time":1.7629883583,"proposed_choice":0,"real_choice":8,"correct":false,"datetime":"180529_131405585802","presses":[8,7,9,6,3,0],"rts":[1.7629883583,3.105136459,4.5795843666,5.9417135644,7.3007868159,8.4331223994],"will_remap":false,"is_remapped":false,"remapped_from":null,"stim_val":"\u16a6"}