{"index":17,"real_prep_time":1.1997927903,"proposed_choice":5,"real_choice":1,"correct":false,"datetime":"180529_131239698689","presses":[1,8,7,9,3,2,5],"rts":[1.1997927903,3.2326958984,4.9294176401,6.4636698393,8.4794615834,10.3030803154,11.6514631798],"will_remap":false,"is_remapped":false,"remapped_from":null,"stim_val":"\u16b3"}