{"index":78,"real_prep_time":1.2165795277,"proposed_choice":6,"real_choice":8,"correct":false,"datetime":"180529_131604255074","presses":[8,7,6],"rts":[1.2165795277,2.5441200233,3.8744760009],"will_remap":false,"is_remapped":false,"remapped_from":null,"stim_val":"\u16a0"}