{"index":13,"real_prep_time":1.1060836528,"proposed_choice":5,"real_choice":4,"correct":false,"datetime":"180529_131207166217","presses":[4,0,0,3,5],"rts":[1.1060836528,2.0477303566,2.5576185613,4.1096307909,6.2423722307],"will_remap":false,"is_remapped":false,"remapped_from":null,"stim_val":"\u16b3"}