{"index":28,"real_prep_time":1.6985897369,"proposed_choice":9,"real_choice":8,"correct":false,"datetime":"180529_131332353880","presses":[8,7,9],"rts":[1.6985897369,3.0763678666,4.3685205566],"will_remap":false,"is_remapped":false,"remapped_from":null,"stim_val":"\u16bb"}