{"index":0,"real_prep_time":2.2254787508,"proposed_choice":5,"real_choice":1,"correct":false,"datetime":"180523_131856227690","presses":[0,1,2,3,4,5],"rts":[0.9776573698,2.2254787508,3.5534796469,4.8660181175,6.1149567766,7.4446030921],"will_remap":true,"is_remapped":false,"remapped_from":null,"stim_val":"\u16a3"}