{"index":8,"real_prep_time":1.5048833266,"proposed_choice":8,"real_choice":1,"correct":false,"datetime":"180523_131931142150","presses":[1,2,3,6,7,8],"rts":[1.5048833266,2.7208323693,3.9848358085,5.1887801229,6.5298695952,7.8889082433],"will_remap":true,"is_remapped":false,"remapped_from":null,"stim_val":"\u16c7"}