{"index":25,"real_prep_time":1.2991540064,"proposed_choice":1,"real_choice":6,"correct":false,"datetime":"180523_132030476800","presses":[6,0,1],"rts":[1.2991540064,2.7060511608,4.0176829059],"will_remap":false,"is_remapped":false,"remapped_from":null,"stim_val":"\u16a2"}