{"index":48,"real_prep_time":1.6090268449,"proposed_choice":6,"real_choice":2,"correct":false,"datetime":"180523_132159595723","presses":[2,2,3,1,8,7,6],"rts":[1.6090268449,4.3479186516,5.6570425325,6.9530317973,8.2352542013,9.5300024369,10.6490262818],"will_remap":true,"is_remapped":false,"remapped_from":null,"stim_val":"\u16a6"}