{"index":7,"real_prep_time":0.8486665828,"proposed_choice":9,"real_choice":8,"correct":false,"datetime":"180523_131922413618","presses":[8,3,6,9],"rts":[0.8486665828,2.2704566735,3.5504852828,4.7664346189],"will_remap":true,"is_remapped":false,"remapped_from":null,"stim_val":"\u16bc"}