{"index":56,"real_prep_time":2.3479506157,"proposed_choice":2,"real_choice":7,"correct":false,"datetime":"180523_132220100874","presses":[7,6,3,2],"rts":[2.3479506157,3.7538134814,5.0985758956,6.4415447998],"will_remap":false,"is_remapped":false,"remapped_from":null,"stim_val":"\u16ac"}