{"index":15,"real_prep_time":1.3493661279,"proposed_choice":8,"real_choice":1,"correct":false,"datetime":"180523_131956894901","presses":[1,2,3,6,7,8],"rts":[1.3493661279,2.5978470256,3.8765249307,5.1403389311,6.4683163674,7.7806501503],"will_remap":true,"is_remapped":false,"remapped_from":null,"stim_val":"\u16c7"}