{"index":35,"real_prep_time":1.8447775165,"proposed_choice":6,"real_choice":5,"correct":false,"datetime":"180523_132052614756","presses":[5,4,1,8,6],"rts":[1.8447775165,2.9829601888,4.3756039827,5.8621243592,7.1719007188],"will_remap":true,"is_remapped":false,"remapped_from":null,"stim_val":"\u16a6"}