{"index":4,"real_prep_time":1.349744419,"proposed_choice":9,"real_choice":1,"correct":false,"datetime":"180523_131913385173","presses":[1,2,4,7,8,9],"rts":[1.349744419,2.4248017565,3.990018982,5.7329406145,6.9815206302,8.4709614721],"will_remap":true,"is_remapped":false,"remapped_from":null,"stim_val":"\u16bc"}