{"index":43,"real_prep_time":1.1772577889,"proposed_choice":7,"real_choice":2,"correct":false,"datetime":"180523_132137374365","presses":[2,0,6,9,1,2,7,8,7],"rts":[1.1772577889,2.9323820927,5.2784368546,6.7429060903,8.7403991058,10.755712561,10.7715881742,12.1476320302,13.4118853174],"will_remap":false,"is_remapped":false,"remapped_from":null,"stim_val":"\u16b3"}