{"index":3,"real_prep_time":0.6322078735,"proposed_choice":3,"real_choice":1,"correct":false,"datetime":"180523_131904073620","presses":[1,2,3],"rts":[0.6322078735,1.979084612,3.238271732],"will_remap":true,"is_remapped":false,"remapped_from":null,"stim_val":"\u16a0"}