{"index":20,"real_prep_time":1.4986591196,"proposed_choice":7,"real_choice":2,"correct":false,"datetime":"180523_132012536305","presses":[2,1,0,2,8,7],"rts":[1.4986591196,3.2090500702,4.5050267252,5.9466193246,7.2118711242,8.5579660611],"will_remap":false,"is_remapped":false,"remapped_from":null,"stim_val":"\u16b3"}