{"index":39,"real_prep_time":1.9965364378,"proposed_choice":4,"real_choice":3,"correct":false,"datetime":"180523_132115069954","presses":[3,2,1,7,6,8,9,5,0,1,2,3,4],"rts":[1.9965364378,3.4503774553,4.906521356,6.2342996763,7.4869845895,8.6523640403,9.7702025734,10.9223321612,12.1715989658,13.2758653554,14.4273313211,15.6598638798,16.8102506897],"will_remap":false,"is_remapped":false,"remapped_from":null,"stim_val":"\u16bb"}