{"index":9,"real_prep_time":1.0330022261,"proposed_choice":7,"real_choice":1,"correct":false,"datetime":"180523_131938355319","presses":[1,2,3,6,7],"rts":[1.0330022261,2.3922602244,3.6722624413,4.9843208635,6.3785666758],"will_remap":false,"is_remapped":false,"remapped_from":null,"stim_val":"\u16b3"}