{"index":47,"real_prep_time":1.2835431969,"proposed_choice":1,"real_choice":8,"correct":false,"datetime":"180523_132148101372","presses":[8,6,1],"rts":[1.2835431969,2.5810429865,3.8751580978],"will_remap":false,"is_remapped":false,"remapped_from":null,"stim_val":"\u16a2"}