{"index":23,"real_prep_time":1.617956859,"proposed_choice":6,"real_choice":1,"correct":false,"datetime":"180523_132023880664","presses":[1,2,3,6],"rts":[1.617956859,2.915596235,4.2252714238,5.5214205092],"will_remap":true,"is_remapped":false,"remapped_from":null,"stim_val":"\u16a6"}