{"index":695,"real_prep_time":0.6560111763,"proposed_choice":4,"real_choice":3,"correct":false,"datetime":"180529_165441788176","presses":[3,4,4],"rts":[0.6560111763,1.6173190428,1.9685877693],"will_remap":false,"is_remapped":false,"remapped_from":null,"stim_val":"\u16c7"}