{"index":708,"real_prep_time":0.6762902143,"proposed_choice":1,"real_choice":1,"correct":true,"datetime":"180529_165548635703","presses":[0,1,1],"rts":[0.630873298,0.6762902143,1.6530297152],"will_remap":false,"is_remapped":false,"remapped_from":null,"stim_val":"\u16cb"}