{"index":140,"real_prep_time":0.4898813016,"proposed_choice":7,"real_choice":6,"correct":false,"datetime":"180529_163242083858","presses":[6,7,7],"rts":[0.4898813016,0.6020173174,1.64188186],"will_remap":true,"is_remapped":false,"remapped_from":null,"stim_val":"\u16a0"}