{"index":300,"real_prep_time":0.649570845,"proposed_choice":1,"real_choice":4,"correct":false,"datetime":"180529_163841140332","presses":[4,1,1],"rts":[0.649570845,1.6127560906,1.9921602851],"will_remap":false,"is_remapped":false,"remapped_from":null,"stim_val":"\u16cb"}