{"index":218,"real_prep_time":0.9674754763,"proposed_choice":2,"real_choice":7,"correct":false,"datetime":"180529_163511903099","presses":[7,2,2],"rts":[0.9674754763,1.9275241322,2.2655588312],"will_remap":true,"is_remapped":false,"remapped_from":null,"stim_val":"\u16a2"}