{"index":836,"real_prep_time":0.5534086807,"proposed_choice":2,"real_choice":7,"correct":false,"datetime":"180529_170202417445","presses":[7,2,2],"rts":[0.5534086807,1.5617372415,1.9014460981],"will_remap":true,"is_remapped":false,"remapped_from":null,"stim_val":"\u16a2"}