{"index":657,"real_prep_time":0.9310991289,"proposed_choice":9,"real_choice":4,"correct":false,"datetime":"180529_165331558987","presses":[4,0,9],"rts":[0.9310991289,2.034931217,3.0887529387],"will_remap":true,"is_remapped":false,"remapped_from":null,"stim_val":"\u16bc"}