{"index":86,"real_prep_time":1.4244753704,"proposed_choice":1,"real_choice":1,"correct":true,"datetime":"180529_163059888859","presses":[0,1,1],"rts":[0.5460487209,1.4244753704,1.7467406122],"will_remap":false,"is_remapped":false,"remapped_from":null,"stim_val":"\u16cb"}