{"index":402,"real_prep_time":0.6008730604,"proposed_choice":3,"real_choice":6,"correct":false,"datetime":"180529_164557271309","presses":[6,3,3,3],"rts":[0.6008730604,0.6339963983,1.6106857536,2.0435383641],"will_remap":true,"is_remapped":false,"remapped_from":null,"stim_val":"\u16a3"}