{"index":101,"real_prep_time":0.5816673132,"proposed_choice":2,"real_choice":7,"correct":false,"datetime":"180529_163134486848","presses":[7,2,2],"rts":[0.5816673132,1.5550444227,1.9550974421],"will_remap":true,"is_remapped":false,"remapped_from":null,"stim_val":"\u16a2"}