{"index":334,"real_prep_time":0.7494953921,"proposed_choice":6,"real_choice":1,"correct":false,"datetime":"180529_163935760570","presses":[1,6,6],"rts":[0.7494953921,1.7066751943,1.9826115159],"will_remap":true,"is_remapped":false,"remapped_from":null,"stim_val":"\u16bb"}