{"index":465,"real_prep_time":0.697922889,"proposed_choice":9,"real_choice":6,"correct":false,"datetime":"180529_164743930562","presses":[6,9,9],"rts":[0.697922889,0.7912493369,1.7193511693],"will_remap":true,"is_remapped":false,"remapped_from":null,"stim_val":"\u16bc"}