{"index":941,"real_prep_time":0.9020120684,"proposed_choice":7,"real_choice":1,"correct":false,"datetime":"180529_170522475764","presses":[1,0,7],"rts":[0.9020120684,1.939152329,3.2351759039],"will_remap":true,"is_remapped":false,"remapped_from":null,"stim_val":"\u16a0"}