{"index":6,"real_prep_time":2.1622974054,"proposed_choice":6,"real_choice":2,"correct":false,"datetime":"180529_162846494551","presses":[2,1,1,3,6],"rts":[2.1622974054,3.1706508923,3.4889464243,4.4652067566,5.7461429712],"will_remap":true,"is_remapped":false,"remapped_from":null,"stim_val":"\u16bb"}