{"index":77,"real_prep_time":0.5209020452,"proposed_choice":3,"real_choice":6,"correct":false,"datetime":"180529_163043347815","presses":[6,3,3],"rts":[0.5209020452,0.6018120433,1.5944036975],"will_remap":true,"is_remapped":false,"remapped_from":null,"stim_val":"\u16a3"}