{"index":472,"real_prep_time":0.5907389666,"proposed_choice":9,"real_choice":9,"correct":true,"datetime":"180529_164756557686","presses":[0,9,9],"rts":[0.5259775963,0.5907389666,1.5353422052],"will_remap":true,"is_remapped":false,"remapped_from":null,"stim_val":"\u16bc"}