{"index":606,"real_prep_time":0.6855205152,"proposed_choice":7,"real_choice":2,"correct":false,"datetime":"180529_165206322497","presses":[2,7,7],"rts":[0.6855205152,1.6483729234,2.0631681491],"will_remap":true,"is_remapped":false,"remapped_from":null,"stim_val":"\u16a0"}