{"index":584,"real_prep_time":0.6743835103,"proposed_choice":7,"real_choice":2,"correct":false,"datetime":"180529_165115682692","presses":[2,7,7,7],"rts":[0.6743835103,0.7030295247,1.647384968,2.0610203947],"will_remap":true,"is_remapped":false,"remapped_from":null,"stim_val":"\u16a0"}