{"index":864,"real_prep_time":0.8528013916,"proposed_choice":9,"real_choice":1,"correct":false,"datetime":"180529_170248941923","presses":[1,9,9],"rts":[0.8528013916,1.8004456209,2.1181188789],"will_remap":true,"is_remapped":false,"remapped_from":null,"stim_val":"\u16bc"}