{"index":130,"real_prep_time":1.4733491043,"proposed_choice":6,"real_choice":6,"correct":true,"datetime":"180529_163225459461","presses":[0,6,6],"rts":[0.4994198072,1.4733491043,1.8254154677],"will_remap":true,"is_remapped":false,"remapped_from":null,"stim_val":"\u16bb"}