{"index":646,"real_prep_time":0.6170392834,"proposed_choice":8,"real_choice":3,"correct":false,"datetime":"180529_165310521017","presses":[3,8,8],"rts":[0.6170392834,0.6628268661,1.6221180602],"will_remap":true,"is_remapped":false,"remapped_from":null,"stim_val":"\u16a6"}