{"index":177,"real_prep_time":0.5906037788,"proposed_choice":5,"real_choice":4,"correct":false,"datetime":"180529_163346765780","presses":[4,5,5],"rts":[0.5906037788,1.4706494553,2.0002020485],"will_remap":false,"is_remapped":false,"remapped_from":null,"stim_val":"\u16b3"}