{"index":254,"real_prep_time":0.5695666926,"proposed_choice":7,"real_choice":2,"correct":false,"datetime":"180529_163612403874","presses":[2,7,7],"rts":[0.5695666926,0.7498956767,1.6256244368],"will_remap":true,"is_remapped":false,"remapped_from":null,"stim_val":"\u16a0"}