{"index":910,"real_prep_time":0.6857360532,"proposed_choice":2,"real_choice":7,"correct":false,"datetime":"180529_170427522250","presses":[7,2,2],"rts":[0.6857360532,1.6734283988,1.9497277625],"will_remap":true,"is_remapped":false,"remapped_from":null,"stim_val":"\u16a2"}