{"index":156,"real_prep_time":0.8318619572,"proposed_choice":9,"real_choice":8,"correct":false,"datetime":"180529_163312317301","presses":[8,3,9],"rts":[0.8318619572,1.9821135794,3.1662797248],"will_remap":true,"is_remapped":false,"remapped_from":null,"stim_val":"\u16bc"}