{"index":674,"real_prep_time":0.5255104509,"proposed_choice":2,"real_choice":7,"correct":false,"datetime":"180529_165400743703","presses":[7,2,2],"rts":[0.5255104509,0.556539992,1.7725509102],"will_remap":true,"is_remapped":false,"remapped_from":null,"stim_val":"\u16a2"}