{"index":15,"real_prep_time":0.5946406426,"proposed_choice":1,"real_choice":1,"correct":true,"datetime":"180529_162903918324","presses":[0,1,1,1],"rts":[0.5484603995,0.5946406426,0.7740417874,1.7316641022],"will_remap":false,"is_remapped":false,"remapped_from":null,"stim_val":"\u16cb"}