{"index":698,"real_prep_time":0.5743882902,"proposed_choice":4,"real_choice":5,"correct":false,"datetime":"180529_165447584990","presses":[5,4,4],"rts":[0.5743882902,0.8648357381,1.6339667802],"will_remap":false,"is_remapped":false,"remapped_from":null,"stim_val":"\u16c7"}