{"index":4,"real_prep_time":1.0346793163,"proposed_choice":7,"real_choice":2,"correct":false,"datetime":"180529_162838098657","presses":[2,1,7],"rts":[1.0346793163,2.315019356,3.6413824572],"will_remap":true,"is_remapped":false,"remapped_from":null,"stim_val":"\u16a0"}