{"index":84,"real_prep_time":0.7013835188,"proposed_choice":5,"real_choice":4,"correct":false,"datetime":"180529_163055757306","presses":[4,5,5],"rts":[0.7013835188,1.6767638113,1.9825279401],"will_remap":false,"is_remapped":false,"remapped_from":null,"stim_val":"\u16b3"}