{"index":129,"real_prep_time":0.5998326135,"proposed_choice":5,"real_choice":3,"correct":false,"datetime":"180529_163222794396","presses":[3,5,5],"rts":[0.5998326135,0.8213744984,1.6853785828],"will_remap":false,"is_remapped":false,"remapped_from":null,"stim_val":"\u16b3"}