{"index":122,"real_prep_time":1.3558439951,"proposed_choice":6,"real_choice":6,"correct":true,"datetime":"180529_163211234120","presses":[0,6,6],"rts":[0.4918138116,1.3558439951,1.6439243383],"will_remap":true,"is_remapped":false,"remapped_from":null,"stim_val":"\u16bb"}