{"index":700,"real_prep_time":0.5546373933,"proposed_choice":2,"real_choice":7,"correct":false,"datetime":"180529_165535026321","presses":[7,2,2],"rts":[0.5546373933,0.6191269219,1.9821475962],"will_remap":true,"is_remapped":false,"remapped_from":null,"stim_val":"\u16a2"}