{"index":413,"real_prep_time":0.4998517628,"proposed_choice":0,"real_choice":1,"correct":false,"datetime":"180529_164617177335","presses":[1,0,0],"rts":[0.4998517628,0.530675443,1.5205721402],"will_remap":false,"is_remapped":false,"remapped_from":null,"stim_val":"\u16ac"}