{"index":500,"real_prep_time":0.5346577625,"proposed_choice":5,"real_choice":4,"correct":false,"datetime":"180529_164848562481","presses":[4,5,5],"rts":[0.5346577625,1.5256840542,1.8797377652],"will_remap":false,"is_remapped":false,"remapped_from":null,"stim_val":"\u16b3"}