{"index":745,"real_prep_time":0.7011530251,"proposed_choice":1,"real_choice":1,"correct":true,"datetime":"180529_165652917600","presses":[0,1,1],"rts":[0.637973146,0.7011530251,1.7083499386],"will_remap":false,"is_remapped":false,"remapped_from":null,"stim_val":"\u16cb"}