{"index":417,"real_prep_time":0.7560832276,"proposed_choice":5,"real_choice":3,"correct":false,"datetime":"180529_164624856548","presses":[3,4,5],"rts":[0.7560832276,1.7665624754,2.8042431936],"will_remap":false,"is_remapped":false,"remapped_from":null,"stim_val":"\u16b3"}