{"index":565,"real_prep_time":1.6832668978,"proposed_choice":4,"real_choice":4,"correct":true,"datetime":"180529_165039852051","presses":[0,4,4],"rts":[0.7218475968,1.6832668978,1.9854498715],"will_remap":false,"is_remapped":false,"remapped_from":null,"stim_val":"\u16c7"}