{"index":475,"real_prep_time":0.6278751218,"proposed_choice":4,"real_choice":3,"correct":false,"datetime":"180529_164803203443","presses":[3,4,4],"rts":[0.6278751218,1.5406286024,1.8597241173],"will_remap":false,"is_remapped":false,"remapped_from":null,"stim_val":"\u16c7"}