{"index":352,"real_prep_time":0.5838628674,"proposed_choice":8,"real_choice":2,"correct":false,"datetime":"180529_164009892235","presses":[2,8,8],"rts":[0.5838628674,0.6612764595,1.9251426582],"will_remap":true,"is_remapped":false,"remapped_from":null,"stim_val":"\u16a6"}