{"index":210,"real_prep_time":0.4642894741,"proposed_choice":7,"real_choice":2,"correct":false,"datetime":"180529_163457660848","presses":[2,7,7],"rts":[0.4642894741,0.5099163565,1.5501196015],"will_remap":true,"is_remapped":false,"remapped_from":null,"stim_val":"\u16a0"}