{"index":376,"real_prep_time":1.4948565617,"proposed_choice":1,"real_choice":1,"correct":true,"datetime":"180529_164053568263","presses":[0,1,1],"rts":[0.5196155624,1.4948565617,1.8500164072],"will_remap":false,"is_remapped":false,"remapped_from":null,"stim_val":"\u16cb"}