{"index":242,"real_prep_time":1.7912074022,"proposed_choice":1,"real_choice":5,"correct":false,"datetime":"180529_163552131362","presses":[0,5,1],"rts":[0.7031512229,1.7912074022,2.9751964255],"will_remap":false,"is_remapped":false,"remapped_from":null,"stim_val":"\u16cb"}