{"index":349,"real_prep_time":0.4217226434,"proposed_choice":2,"real_choice":6,"correct":false,"datetime":"180529_164002029889","presses":[6,2,2],"rts":[0.4217226434,1.3831662841,1.766776547],"will_remap":true,"is_remapped":false,"remapped_from":null,"stim_val":"\u16a2"}