{"index":726,"real_prep_time":0.5478926697,"proposed_choice":2,"real_choice":7,"correct":false,"datetime":"180529_165617270195","presses":[7,2,2,2],"rts":[0.5478926697,0.6096435472,1.5065428218,1.8595959676],"will_remap":true,"is_remapped":false,"remapped_from":null,"stim_val":"\u16a2"}