{"index":648,"real_prep_time":0.4175233198,"proposed_choice":2,"real_choice":6,"correct":false,"datetime":"180529_165314318808","presses":[6,2,2],"rts":[0.4175233198,1.2339973367,1.567862037],"will_remap":true,"is_remapped":false,"remapped_from":null,"stim_val":"\u16a2"}