{"index":370,"real_prep_time":0.5768070067,"proposed_choice":2,"real_choice":7,"correct":false,"datetime":"180529_164042391530","presses":[7,2,2],"rts":[0.5768070067,1.5688086442,1.8903061606],"will_remap":true,"is_remapped":false,"remapped_from":null,"stim_val":"\u16a2"}