{"index":685,"real_prep_time":0.5227345573,"proposed_choice":2,"real_choice":7,"correct":false,"datetime":"180529_165421765891","presses":[7,2,2],"rts":[0.5227345573,0.6361467921,1.6746943539],"will_remap":true,"is_remapped":false,"remapped_from":null,"stim_val":"\u16a2"}