{"index":808,"real_prep_time":0.5248515208,"proposed_choice":8,"real_choice":9,"correct":false,"datetime":"180529_170116225441","presses":[9,8,8],"rts":[0.5248515208,0.5617806423,1.617002334],"will_remap":true,"is_remapped":false,"remapped_from":null,"stim_val":"\u16a6"}