{"index":583,"real_prep_time":0.8184126851,"proposed_choice":9,"real_choice":6,"correct":false,"datetime":"180529_165112784556","presses":[6,0,9,9],"rts":[0.8184126851,1.9528106877,2.963217503,3.315707611],"will_remap":true,"is_remapped":false,"remapped_from":null,"stim_val":"\u16bc"}