{"index":32,"real_prep_time":0.7670243423,"proposed_choice":0,"real_choice":5,"correct":false,"datetime":"180529_162934418384","presses":[5,0,0],"rts":[0.7670243423,1.7746866416,2.1437978015],"will_remap":false,"is_remapped":false,"remapped_from":null,"stim_val":"\u16ac"}