{"index":281,"real_prep_time":0.5737627904,"proposed_choice":3,"real_choice":6,"correct":false,"datetime":"180529_163656896148","presses":[6,3,3],"rts":[0.5737627904,1.577784112,1.9492858364],"will_remap":true,"is_remapped":false,"remapped_from":null,"stim_val":"\u16a3"}