{"index":658,"real_prep_time":0.5676107226,"proposed_choice":5,"real_choice":3,"correct":false,"datetime":"180529_165334324578","presses":[3,5,5],"rts":[0.5676107226,1.5738789169,1.9256441137],"will_remap":false,"is_remapped":false,"remapped_from":null,"stim_val":"\u16b3"}