{"index":120,"real_prep_time":0.6836378577,"proposed_choice":0,"real_choice":5,"correct":false,"datetime":"180529_163207318964","presses":[5,0,0],"rts":[0.6836378577,0.7324972223,1.7383314082],"will_remap":false,"is_remapped":false,"remapped_from":null,"stim_val":"\u16ac"}