{"index":351,"real_prep_time":0.5928166348,"proposed_choice":0,"real_choice":6,"correct":false,"datetime":"180529_164007126974","presses":[6,5,5,0],"rts":[0.5928166348,1.6014053072,1.9205190036,2.6906840411],"will_remap":false,"is_remapped":false,"remapped_from":null,"stim_val":"\u16ac"}