{"index":436,"real_prep_time":0.4507422568,"proposed_choice":8,"real_choice":7,"correct":false,"datetime":"180529_164655689997","presses":[7,8,8],"rts":[0.4507422568,0.5754325493,1.5036478691],"will_remap":true,"is_remapped":false,"remapped_from":null,"stim_val":"\u16a6"}