{"index":335,"real_prep_time":0.4915956344,"proposed_choice":7,"real_choice":8,"correct":false,"datetime":"180529_163938192472","presses":[8,2,7],"rts":[0.4915956344,0.5753636359,1.5991414259],"will_remap":true,"is_remapped":false,"remapped_from":null,"stim_val":"\u16a0"}