{"index":211,"real_prep_time":0.4179458915,"proposed_choice":6,"real_choice":7,"correct":false,"datetime":"180529_163500342410","presses":[7,6,6,6],"rts":[0.4179458915,1.1032842993,1.3753286221,1.8391996301],"will_remap":true,"is_remapped":false,"remapped_from":null,"stim_val":"\u16bb"}