{"index":174,"real_prep_time":0.5043264469,"proposed_choice":4,"real_choice":3,"correct":false,"datetime":"180529_163340469300","presses":[3,0,4],"rts":[0.5043264469,1.5158303062,2.0416926559],"will_remap":false,"is_remapped":false,"remapped_from":null,"stim_val":"\u16c7"}