{"index":728,"real_prep_time":1.0359684383,"proposed_choice":9,"real_choice":7,"correct":false,"datetime":"180529_165621967692","presses":[7,9,9],"rts":[1.0359684383,2.0464781839,2.3499300455],"will_remap":true,"is_remapped":false,"remapped_from":null,"stim_val":"\u16bc"}