{"index":250,"real_prep_time":0.5327161618,"proposed_choice":0,"real_choice":1,"correct":false,"datetime":"180529_163605906910","presses":[1,0,0,0],"rts":[0.5327161618,0.563980302,1.4900786582,1.8260175076],"will_remap":false,"is_remapped":false,"remapped_from":null,"stim_val":"\u16ac"}