{"index":154,"real_prep_time":0.5513764662,"proposed_choice":6,"real_choice":1,"correct":false,"datetime":"180529_163306887225","presses":[1,6,6],"rts":[0.5513764662,0.6505922307,1.6386094961],"will_remap":true,"is_remapped":false,"remapped_from":null,"stim_val":"\u16bb"}