{"index":508,"real_prep_time":0.6008692483,"proposed_choice":9,"real_choice":6,"correct":false,"datetime":"180529_164904570201","presses":[6,9,9],"rts":[0.6008692483,0.6805654895,1.6863712302],"will_remap":true,"is_remapped":false,"remapped_from":null,"stim_val":"\u16bc"}