{"index":423,"real_prep_time":0.5761164057,"proposed_choice":7,"real_choice":2,"correct":false,"datetime":"180529_164635167638","presses":[2,7,7],"rts":[0.5761164057,1.5491064267,1.9167794941],"will_remap":true,"is_remapped":false,"remapped_from":null,"stim_val":"\u16a0"}