{"index":332,"real_prep_time":0.6444313655,"proposed_choice":5,"real_choice":4,"correct":false,"datetime":"180529_163931413131","presses":[4,5,5],"rts":[0.6444313655,0.6904550137,1.8743894926],"will_remap":false,"is_remapped":false,"remapped_from":null,"stim_val":"\u16b3"}