{"index":882,"real_prep_time":0.8847282742,"proposed_choice":9,"real_choice":5,"correct":false,"datetime":"180529_170319458816","presses":[5,9,9],"rts":[0.8847282742,1.8744311339,2.1970752532],"will_remap":true,"is_remapped":false,"remapped_from":null,"stim_val":"\u16bc"}