{"index":807,"real_prep_time":0.606095236,"proposed_choice":4,"real_choice":5,"correct":false,"datetime":"180529_170113776977","presses":[5,4,4],"rts":[0.606095236,0.6380646396,1.6177029054],"will_remap":false,"is_remapped":false,"remapped_from":null,"stim_val":"\u16c7"}