{"index":473,"real_prep_time":0.4992714232,"proposed_choice":6,"real_choice":1,"correct":false,"datetime":"180529_164759122265","presses":[1,6,6],"rts":[0.4992714232,1.4245618789,1.7296233835],"will_remap":true,"is_remapped":false,"remapped_from":null,"stim_val":"\u16bb"}