{"index":955,"real_prep_time":0.6903456319,"proposed_choice":9,"real_choice":5,"correct":false,"datetime":"180529_170551910093","presses":[5,9,9],"rts":[0.6903456319,1.5227627092,1.8446191621],"will_remap":true,"is_remapped":false,"remapped_from":null,"stim_val":"\u16bc"}