{"index":207,"real_prep_time":0.437711744,"proposed_choice":9,"real_choice":6,"correct":false,"datetime":"180529_163452396905","presses":[6,9,9],"rts":[0.437711744,1.3993849985,1.7511369991],"will_remap":true,"is_remapped":false,"remapped_from":null,"stim_val":"\u16bc"}