{"index":569,"real_prep_time":0.6173501272,"proposed_choice":0,"real_choice":1,"correct":false,"datetime":"180529_165046748311","presses":[1,0,0],"rts":[0.6173501272,0.681181312,1.7184552941],"will_remap":false,"is_remapped":false,"remapped_from":null,"stim_val":"\u16ac"}