{"index":986,"real_prep_time":0.6517854603,"proposed_choice":5,"real_choice":3,"correct":false,"datetime":"180529_170646547018","presses":[3,5,5],"rts":[0.6517854603,1.6148349317,1.963697258],"will_remap":false,"is_remapped":false,"remapped_from":null,"stim_val":"\u16b3"}