{"index":952,"real_prep_time":0.6073438897,"proposed_choice":4,"real_choice":1,"correct":false,"datetime":"180529_170544997301","presses":[1,0,4],"rts":[0.6073438897,0.6392185739,1.7465892958],"will_remap":false,"is_remapped":false,"remapped_from":null,"stim_val":"\u16c7"}