{"index":624,"real_prep_time":0.6241596587,"proposed_choice":6,"real_choice":1,"correct":false,"datetime":"180529_165236539068","presses":[1,6,6],"rts":[0.6241596587,1.5848036098,1.9522051287],"will_remap":true,"is_remapped":false,"remapped_from":null,"stim_val":"\u16bb"}