{"index":604,"real_prep_time":0.7043206993,"proposed_choice":1,"real_choice":6,"correct":false,"datetime":"180529_165201991101","presses":[6,1,1],"rts":[0.7043206993,1.5362806016,1.8591420184],"will_remap":false,"is_remapped":false,"remapped_from":null,"stim_val":"\u16cb"}