{"index":520,"real_prep_time":0.5780260422,"proposed_choice":4,"real_choice":5,"correct":false,"datetime":"180529_164925525748","presses":[5,4,4],"rts":[0.5780260422,1.5274470664,1.8409608826],"will_remap":false,"is_remapped":false,"remapped_from":null,"stim_val":"\u16c7"}