{"index":368,"real_prep_time":2.0342673017,"proposed_choice":1,"real_choice":1,"correct":true,"datetime":"180529_164038093508","presses":[0,0,1,1],"rts":[0.5643489157,1.666693059,2.0342673017,2.8831459034],"will_remap":false,"is_remapped":false,"remapped_from":null,"stim_val":"\u16cb"}