{"index":280,"real_prep_time":0.5725302654,"proposed_choice":7,"real_choice":2,"correct":false,"datetime":"180529_163654114559","presses":[2,7,7],"rts":[0.5725302654,0.6837322837,1.627223816],"will_remap":true,"is_remapped":false,"remapped_from":null,"stim_val":"\u16a0"}