{"index":856,"real_prep_time":0.6311791566,"proposed_choice":8,"real_choice":6,"correct":false,"datetime":"180529_170234466561","presses":[6,8,8,8],"rts":[0.6311791566,0.7569392209,1.510925426,1.8486522137],"will_remap":true,"is_remapped":false,"remapped_from":null,"stim_val":"\u16a6"}