{"index":914,"real_prep_time":0.6185929157,"proposed_choice":0,"real_choice":6,"correct":false,"datetime":"180529_170435934272","presses":[6,5,5,0,0],"rts":[0.6185929157,1.6881618076,2.0713316108,2.5551004333,3.0007888394],"will_remap":false,"is_remapped":false,"remapped_from":null,"stim_val":"\u16ac"}