{"index":894,"real_prep_time":0.9892937775,"proposed_choice":6,"real_choice":8,"correct":false,"datetime":"180529_170343112698","presses":[8,6,6],"rts":[0.9892937775,1.968059628,2.2158449393],"will_remap":true,"is_remapped":false,"remapped_from":null,"stim_val":"\u16bb"}