{"index":730,"real_prep_time":0.7071232786,"proposed_choice":5,"real_choice":6,"correct":false,"datetime":"180529_165626298114","presses":[6,5,5,5],"rts":[0.7071232786,0.8032209282,1.6882445039,2.0037116508],"will_remap":false,"is_remapped":false,"remapped_from":null,"stim_val":"\u16b3"}