{"index":384,"real_prep_time":0.5674940097,"proposed_choice":2,"real_choice":7,"correct":false,"datetime":"180529_164106494977","presses":[7,2,2],"rts":[0.5674940097,1.5455079701,1.8494530763],"will_remap":true,"is_remapped":false,"remapped_from":null,"stim_val":"\u16a2"}