{"index":67,"real_prep_time":0.4656202374,"proposed_choice":7,"real_choice":2,"correct":false,"datetime":"180529_163028556032","presses":[2,7,7],"rts":[0.4656202374,0.5451595904,1.5506981815],"will_remap":true,"is_remapped":false,"remapped_from":null,"stim_val":"\u16a0"}