{"index":683,"real_prep_time":0.5576886476,"proposed_choice":2,"real_choice":7,"correct":false,"datetime":"180529_165417834615","presses":[7,2,2,2],"rts":[0.5576886476,0.5736630858,1.518449605,1.8697470699],"will_remap":true,"is_remapped":false,"remapped_from":null,"stim_val":"\u16a2"}