{"index":116,"real_prep_time":0.4852124867,"proposed_choice":4,"real_choice":5,"correct":false,"datetime":"180529_163200373086","presses":[5,4,4],"rts":[0.4852124867,0.5666107441,1.5446115084],"will_remap":false,"is_remapped":false,"remapped_from":null,"stim_val":"\u16c7"}