{"index":821,"real_prep_time":0.5884079314,"proposed_choice":2,"real_choice":7,"correct":false,"datetime":"180529_170137830619","presses":[7,2,2],"rts":[0.5884079314,1.4364026811,1.7459206885],"will_remap":true,"is_remapped":false,"remapped_from":null,"stim_val":"\u16a2"}