{"index":902,"real_prep_time":0.5777231163,"proposed_choice":2,"real_choice":7,"correct":false,"datetime":"180529_170410731347","presses":[7,2,2],"rts":[0.5777231163,1.5440675317,1.9060515714],"will_remap":true,"is_remapped":false,"remapped_from":null,"stim_val":"\u16a2"}