{"index":588,"real_prep_time":0.537184981,"proposed_choice":1,"real_choice":6,"correct":false,"datetime":"180529_165123445246","presses":[6,1,6],"rts":[0.537184981,1.6248699074,1.6571249354],"will_remap":false,"is_remapped":false,"remapped_from":null,"stim_val":"\u16cb"}