{"index":833,"real_prep_time":1.5506172448,"proposed_choice":6,"real_choice":6,"correct":true,"datetime":"180529_170157019534","presses":[0,6,6],"rts":[0.5585933204,1.5506172448,1.8686553044],"will_remap":true,"is_remapped":false,"remapped_from":null,"stim_val":"\u16bb"}