{"index":469,"real_prep_time":0.5340002986,"proposed_choice":7,"real_choice":2,"correct":false,"datetime":"180529_164751559585","presses":[2,7,7],"rts":[0.5340002986,0.5844288378,1.5906512853],"will_remap":true,"is_remapped":false,"remapped_from":null,"stim_val":"\u16a0"}