{"index":347,"real_prep_time":0.5423209415,"proposed_choice":7,"real_choice":6,"correct":false,"datetime":"180529_163957998681","presses":[6,7,7],"rts":[0.5423209415,0.6253886647,1.566585818],"will_remap":true,"is_remapped":false,"remapped_from":null,"stim_val":"\u16a0"}