{"index":468,"real_prep_time":0.53662165,"proposed_choice":8,"real_choice":6,"correct":false,"datetime":"180529_164749127772","presses":[6,8,8],"rts":[0.53662165,0.6019677585,1.6608063816],"will_remap":true,"is_remapped":false,"remapped_from":null,"stim_val":"\u16a6"}