{"index":313,"real_prep_time":0.526021877,"proposed_choice":0,"real_choice":6,"correct":false,"datetime":"180529_163900496099","presses":[6,0,0],"rts":[0.526021877,0.5403497227,1.6155372626],"will_remap":false,"is_remapped":false,"remapped_from":null,"stim_val":"\u16ac"}