{"index":479,"real_prep_time":0.5012622897,"proposed_choice":2,"real_choice":7,"correct":false,"datetime":"180529_164810033120","presses":[7,2,2],"rts":[0.5012622897,0.5764040828,1.715921624],"will_remap":true,"is_remapped":false,"remapped_from":null,"stim_val":"\u16a2"}