{"index":404,"real_prep_time":0.7009671053,"proposed_choice":4,"real_choice":5,"correct":false,"datetime":"180529_164601585887","presses":[5,4,4],"rts":[0.7009671053,1.7113355051,2.0471344749],"will_remap":false,"is_remapped":false,"remapped_from":null,"stim_val":"\u16c7"}