{"index":143,"real_prep_time":0.4236000227,"proposed_choice":2,"real_choice":6,"correct":false,"datetime":"180529_163247647481","presses":[6,2,2],"rts":[0.4236000227,1.3988366232,1.8325997713],"will_remap":true,"is_remapped":false,"remapped_from":null,"stim_val":"\u16a2"}