{"index":573,"real_prep_time":0.6268182528,"proposed_choice":5,"real_choice":4,"correct":false,"datetime":"180529_165055143927","presses":[4,5,5],"rts":[0.6268182528,1.6188031752,1.9385752153],"will_remap":false,"is_remapped":false,"remapped_from":null,"stim_val":"\u16b3"}