{"index":460,"real_prep_time":0.5767568612,"proposed_choice":3,"real_choice":6,"correct":false,"datetime":"180529_164735884740","presses":[6,3,3,3],"rts":[0.5767568612,0.6059057973,1.5441118123,1.9346075582],"will_remap":true,"is_remapped":false,"remapped_from":null,"stim_val":"\u16a3"}