{"index":943,"real_prep_time":1.0845456974,"proposed_choice":2,"real_choice":7,"correct":false,"datetime":"180529_170528255898","presses":[7,2,2],"rts":[1.0845456974,1.4025998857,2.3173527371],"will_remap":true,"is_remapped":false,"remapped_from":null,"stim_val":"\u16a2"}