{"index":525,"real_prep_time":0.6308284309,"proposed_choice":2,"real_choice":7,"correct":false,"datetime":"180529_164935636331","presses":[7,2,2],"rts":[0.6308284309,1.6046395487,1.9083764482],"will_remap":true,"is_remapped":false,"remapped_from":null,"stim_val":"\u16a2"}