{"index":113,"real_prep_time":0.5559045217,"proposed_choice":6,"real_choice":2,"correct":false,"datetime":"180529_163155175810","presses":[2,1,6],"rts":[0.5559045217,0.6254015677,1.787637684],"will_remap":true,"is_remapped":false,"remapped_from":null,"stim_val":"\u16bb"}