{"index":819,"real_prep_time":1.4269630004,"proposed_choice":1,"real_choice":1,"correct":true,"datetime":"180529_170134031804","presses":[0,1,1],"rts":[0.4680017114,1.4269630004,1.7337452893],"will_remap":false,"is_remapped":false,"remapped_from":null,"stim_val":"\u16cb"}