{"index":7,"proposed_prep_time":0.3666666667,"real_prep_time":0.2886395687,"proposed_choice":3,"real_choice":6,"correct":false,"datetime":"180529_130917923277","timing":0.0780249866,"presses":[3,6],"rts":[15.5522386178,0.2886395687],"will_remap":true,"is_remapped":false,"remapped_from":null,"stim_val":"3"}