{"index":10,"real_prep_time":1.410070107,"proposed_choice":1,"real_choice":1,"correct":true,"datetime":"180601_155739519940","presses":[0,1,1],"rts":[0.4505167485,1.410070107,1.6990158275],"will_remap":false,"is_remapped":false,"remapped_from":null,"stim_val":"\u16cb"}