{"index":16,"real_prep_time":0.6937347089,"proposed_choice":9,"real_choice":9,"correct":true,"datetime":"180601_155750498016","presses":[0,9,9],"rts":[0.6144088411,0.6937347089,1.7982556386],"will_remap":true,"is_remapped":false,"remapped_from":null,"stim_val":"\u16bc"}