{"index":811,"proposed_prep_time":0.3833333333,"real_prep_time":0.4363566944,"proposed_choice":5,"real_choice":8,"correct":false,"datetime":"180606_101636155991","timing":-0.0530900264,"presses":[8,1],"rts":[0.4363566944,0.4736711995],"will_remap":true,"is_remapped":true,"remapped_from":6,"stim_val":"\u16a6"}