{"index":13,"proposed_prep_time":0.4333333333,"real_prep_time":0.5404988991,"proposed_choice":4,"real_choice":8,"correct":false,"datetime":"180606_094411118860","timing":-0.1235167744,"presses":[8,4],"rts":[0.5404988991,0.701031475],"will_remap":false,"is_remapped":false,"remapped_from":null,"stim_val":"\u16bb"}