{"index":344,"proposed_prep_time":0.2333333333,"real_prep_time":0.4180960614,"proposed_choice":5,"real_choice":8,"correct":false,"datetime":"180606_095709334193","timing":-0.2017319303,"presses":[8,8],"rts":[0.5511869558,0.4180960614],"will_remap":true,"is_remapped":true,"remapped_from":6,"stim_val":"\u16a6"}