{"index":1112,"proposed_prep_time":0.6666666667,"real_prep_time":0.7103087094,"proposed_choice":3,"real_choice":3,"correct":true,"datetime":"180606_103826201112","timing":-0.0434776081,"presses":[3,3],"rts":[1.085517063,0.7103087094],"will_remap":true,"is_remapped":true,"remapped_from":8,"stim_val":"\u16c7"}