{"index":1166,"proposed_prep_time":0.2833333333,"real_prep_time":0.5536047962,"proposed_choice":9,"real_choice":9,"correct":true,"datetime":"180606_104022437844","timing":-0.2704264548,"presses":[0,9],"rts":[0.5055060486,0.5536047962],"will_remap":true,"is_remapped":true,"remapped_from":0,"stim_val":"\u16cb"}