{"index":891,"proposed_prep_time":0.3833333333,"real_prep_time":0.5070294786,"proposed_choice":3,"real_choice":7,"correct":false,"datetime":"180606_101927813116","timing":-0.1399950382,"presses":[7,8],"rts":[0.5070294786,0.5550654708],"will_remap":true,"is_remapped":true,"remapped_from":8,"stim_val":"\u16c7"}