{"index":585,"proposed_prep_time":0.2666666667,"real_prep_time":0.2932050035,"proposed_choice":9,"real_choice":3,"correct":false,"datetime":"180606_100704596842","timing":-0.0426195607,"presses":[1,3,3],"rts":[0.5747630252,0.667862635,0.2932050035],"will_remap":true,"is_remapped":true,"remapped_from":0,"stim_val":"\u16cb"}