{"index":1238,"proposed_prep_time":0.6333333333,"real_prep_time":0.6231116212,"proposed_choice":9,"real_choice":4,"correct":false,"datetime":"180606_104259570263","timing":0.0103037241,"presses":[4,9],"rts":[0.6231116212,0.6855678538],"will_remap":true,"is_remapped":true,"remapped_from":0,"stim_val":"\u16cb"}