{"index":1002,"proposed_prep_time":0.45,"real_prep_time":0.5028002374,"proposed_choice":8,"real_choice":3,"correct":false,"datetime":"180606_102656338408","timing":-0.0689251945,"presses":[3,8],"rts":[0.5028002374,0.6096385761],"will_remap":true,"is_remapped":true,"remapped_from":3,"stim_val":"\u16a0"}