{"index":152,"proposed_prep_time":0.3333333333,"real_prep_time":0.5202984222,"proposed_choice":8,"real_choice":4,"correct":false,"datetime":"180606_094949536926","timing":-0.1872175569,"presses":[4,3],"rts":[0.5202984222,0.5363327066],"will_remap":true,"is_remapped":true,"remapped_from":3,"stim_val":"\u16a0"}