{"index":1080,"proposed_prep_time":0.2166666667,"real_prep_time":0.220923747,"proposed_choice":8,"real_choice":1,"correct":false,"datetime":"180606_102943599052","timing":-0.0203727902,"presses":[1,8],"rts":[0.220923747,0.2703403568],"will_remap":true,"is_remapped":true,"remapped_from":3,"stim_val":"\u16a0"}