{"index":100,"proposed_prep_time":0.6666666667,"real_prep_time":0.5857273227,"proposed_choice":2,"real_choice":0,"correct":false,"datetime":"180606_094757996534","timing":0.0646266878,"presses":[9,8,8,7,6,5,4,3,2,1,0,0],"rts":[39.5883416401,40.0380285672,40.2789827065,40.3428541601,40.4689422615,40.5975118385,40.8057680961,40.9482626153,41.1115411775,41.2843116325,-0.1487709336,0.5857273227],"will_remap":false,"is_remapped":false,"remapped_from":null,"stim_val":"\u16ac"}