{"index":347,"proposed_prep_time":0.3166666667,"real_prep_time":0.5350022346,"proposed_choice":9,"real_choice":8,"correct":false,"datetime":"180606_095715763528","timing":-0.2186629709,"presses":[8,9],"rts":[0.5350022346,0.551616566],"will_remap":true,"is_remapped":true,"remapped_from":0,"stim_val":"\u16cb"}