{"index":727,"proposed_prep_time":0.3333333333,"real_prep_time":0.4259721507,"proposed_choice":5,"real_choice":1,"correct":false,"datetime":"180606_101327507529","timing":-0.0923220886,"presses":[0,1],"rts":[0.4099384528,0.4259721507],"will_remap":true,"is_remapped":true,"remapped_from":6,"stim_val":"\u16a6"}