{"index":565,"proposed_prep_time":0.3833333333,"real_prep_time":0.5191318765,"proposed_choice":3,"real_choice":8,"correct":false,"datetime":"180606_100621686293","timing":-0.1522857022,"presses":[8,1],"rts":[0.5191318765,0.5522558494],"will_remap":true,"is_remapped":true,"remapped_from":8,"stim_val":"\u16c7"}