{"index":600,"proposed_prep_time":0.4666666667,"real_prep_time":0.5693593207,"proposed_choice":4,"real_choice":4,"correct":true,"datetime":"180606_100831416333","timing":-0.1027588306,"presses":[9,8,7,6,5,4,3,2,0,0,4],"rts":[51.5482292435,51.7248990343,51.9037233275,52.0760917378,52.2562051548,52.4921494234,52.924930236,53.5640591331,54.1132256014,55.5982607971,0.5693593207],"will_remap":false,"is_remapped":false,"remapped_from":null,"stim_val":"\u16bb"}