{"index":1072,"proposed_prep_time":0.3166666667,"real_prep_time":0.4551871106,"proposed_choice":0,"real_choice":4,"correct":false,"datetime":"180606_102926457836","timing":-0.1546360952,"presses":[4,0],"rts":[0.4551871106,0.5025037624],"will_remap":true,"is_remapped":true,"remapped_from":9,"stim_val":"\u16bc"}