{"index":323,"proposed_prep_time":0.2166666667,"real_prep_time":0.3720198542,"proposed_choice":4,"real_choice":4,"correct":true,"datetime":"180606_095624274882","timing":-0.1549747982,"presses":[6,4],"rts":[0.5391396887,0.3720198542],"will_remap":false,"is_remapped":false,"remapped_from":null,"stim_val":"\u16bb"}