{"index":309,"proposed_prep_time":0.6833333333,"real_prep_time":0.7004229828,"proposed_choice":5,"real_choice":6,"correct":false,"datetime":"180606_095554207038","timing":-0.0176185929,"presses":[2,6],"rts":[1.0367376838,0.7004229828],"will_remap":true,"is_remapped":true,"remapped_from":6,"stim_val":"\u16a6"}