{"index":1086,"proposed_prep_time":0.3333333333,"real_prep_time":0.3600391546,"proposed_choice":9,"real_choice":2,"correct":false,"datetime":"180606_102956491701","timing":-0.0427491769,"presses":[2,7],"rts":[0.3600391546,0.3730210072],"will_remap":true,"is_remapped":true,"remapped_from":0,"stim_val":"\u16cb"}