{"index":621,"proposed_prep_time":0.2666666667,"real_prep_time":0.3706524327,"proposed_choice":7,"real_choice":4,"correct":false,"datetime":"180606_100916392691","timing":-0.1210534805,"presses":[3,4,3],"rts":[0.6486248955,0.3706524327,0.484849569],"will_remap":false,"is_remapped":false,"remapped_from":null,"stim_val":"\u16b3"}