{"index":800,"proposed_prep_time":0.35,"real_prep_time":0.5223801989,"proposed_choice":2,"real_choice":2,"correct":true,"datetime":"180606_101612534464","timing":-0.1720184466,"presses":[9,8,7,6,5,4,3,2,1,0,2],"rts":[7.4681238028,7.6634873557,7.8508751145,8.0635421347,8.2226146224,8.3973287336,8.6028592392,8.7491214251,8.9708994073,9.1806483038,0.5223801989],"will_remap":false,"is_remapped":false,"remapped_from":null,"stim_val":"\u16ac"}