{"index":74,"proposed_prep_time":0.3833333333,"real_prep_time":0.5161070102,"proposed_choice":2,"real_choice":2,"correct":true,"datetime":"180606_094621882311","timing":-0.1322318499,"presses":[2,1],"rts":[0.5161070102,0.5172327942],"will_remap":false,"is_remapped":false,"remapped_from":null,"stim_val":"\u16ac"}