{"index":708,"proposed_prep_time":0.45,"real_prep_time":0.5354948934,"proposed_choice":6,"real_choice":5,"correct":false,"datetime":"180606_101246778754","timing":-0.1015280634,"presses":[5,6],"rts":[0.5354948934,0.5519074693],"will_remap":true,"is_remapped":true,"remapped_from":5,"stim_val":"\u16a3"}