{"index":692,"proposed_prep_time":0.3166666667,"real_prep_time":0.3689422029,"proposed_choice":3,"real_choice":9,"correct":false,"datetime":"180606_101149293522","timing":-0.0683096642,"presses":[9,9],"rts":[0.6427085911,0.3689422029],"will_remap":true,"is_remapped":true,"remapped_from":8,"stim_val":"\u16c7"}