{"index":298,"proposed_prep_time":0.4166666667,"real_prep_time":0.571066618,"proposed_choice":4,"real_choice":7,"correct":false,"datetime":"180606_095511330468","timing":-0.1706548374,"presses":[9,7],"rts":[0.7035601636,0.571066618],"will_remap":false,"is_remapped":false,"remapped_from":null,"stim_val":"\u16bb"}