{"index":400,"proposed_prep_time":0.6,"real_prep_time":0.5550399582,"proposed_choice":0,"real_choice":0,"correct":true,"datetime":"180606_095942634796","timing":0.0453267794,"presses":[9,8,7,6,5,4,3,2,0,1,0],"rts":[32.2124192245,32.4169512162,32.609907779,32.7673712079,32.91192551,33.1026621757,33.32692134,33.4546528104,33.8707119623,34.1919853211,0.5550399582],"will_remap":true,"is_remapped":true,"remapped_from":9,"stim_val":"\u16bc"}