{"index":500,"proposed_prep_time":0.2,"real_prep_time":0.4183262621,"proposed_choice":3,"real_choice":8,"correct":false,"datetime":"180606_100402245789","timing":-0.2179802866,"presses":[9,8,5,4,3,2,1,0,0,0,8],"rts":[42.4713243255,42.5192752754,42.9072622599,43.1614548449,43.3193015506,43.416834503,43.6109447084,43.871275001,44.394597703,44.7610197216,0.4183262621],"will_remap":true,"is_remapped":true,"remapped_from":8,"stim_val":"\u16c7"}