{"index":956,"proposed_prep_time":0.4833333333,"real_prep_time":0.5545695863,"proposed_choice":4,"real_choice":5,"correct":false,"datetime":"180606_102328267031","timing":-0.0874667602,"presses":[5,4],"rts":[0.5545695863,0.6685687793],"will_remap":false,"is_remapped":false,"remapped_from":null,"stim_val":"\u16bb"}