{"index":1000,"proposed_prep_time":0.25,"real_prep_time":0.2138077599,"proposed_choice":7,"real_choice":8,"correct":false,"datetime":"180606_102652040858","timing":0.0203686261,"presses":[9,8,7,6,5,4,3,2,1,0,8],"rts":[108.0863997433,108.2782923977,108.472150702,108.6462208378,108.8107788466,109.0141976641,109.2597464332,109.4306356941,109.6566913035,109.9271319516,0.2138077599],"will_remap":false,"is_remapped":false,"remapped_from":null,"stim_val":"\u16b3"}