{"index":656,"proposed_prep_time":0.3166666667,"real_prep_time":0.3902359132,"proposed_choice":2,"real_choice":1,"correct":false,"datetime":"180606_101032084542","timing":-0.090713323,"presses":[1,0],"rts":[0.3902359132,0.4061760645],"will_remap":false,"is_remapped":false,"remapped_from":null,"stim_val":"\u16ac"}