{"index":195,"proposed_prep_time":0.3333333333,"real_prep_time":0.5164586161,"proposed_choice":3,"real_choice":2,"correct":false,"datetime":"180606_095121720374","timing":-0.1993865225,"presses":[2,3],"rts":[0.5164586161,0.5639952048],"will_remap":true,"is_remapped":true,"remapped_from":8,"stim_val":"\u16c7"}