{"index":581,"proposed_prep_time":0.4333333333,"real_prep_time":0.5583703903,"proposed_choice":2,"real_choice":3,"correct":false,"datetime":"180606_100656017721","timing":-0.1251918144,"presses":[3,2],"rts":[0.5583703903,0.5772251462],"will_remap":false,"is_remapped":false,"remapped_from":null,"stim_val":"\u16ac"}