{"index":382,"proposed_prep_time":0.3333333333,"real_prep_time":0.5013284193,"proposed_choice":3,"real_choice":5,"correct":false,"datetime":"180606_095830822737","timing":-0.1674994751,"presses":[5,9],"rts":[0.5013284193,0.5189002096],"will_remap":true,"is_remapped":true,"remapped_from":8,"stim_val":"\u16c7"}