{"index":286,"proposed_prep_time":0.2833333333,"real_prep_time":0.451129127,"proposed_choice":7,"real_choice":2,"correct":false,"datetime":"180606_095445577151","timing":-0.1675290933,"presses":[2,7],"rts":[0.451129127,0.5110912744],"will_remap":false,"is_remapped":false,"remapped_from":null,"stim_val":"\u16b3"}