{"index":1141,"proposed_prep_time":0.4333333333,"real_prep_time":0.5352039901,"proposed_choice":9,"real_choice":9,"correct":true,"datetime":"180606_103928850394","timing":-0.1185714185,"presses":[0,9],"rts":[0.4688281876,0.5352039901],"will_remap":true,"is_remapped":true,"remapped_from":0,"stim_val":"\u16cb"}