{"index":200,"proposed_prep_time":0.35,"real_prep_time":0.5158093622,"proposed_choice":7,"real_choice":7,"correct":true,"datetime":"180606_095141127319","timing":-0.183307371,"presses":[9,8,8,6,4,3,2,2,1,0,7],"rts":[7.101505014,7.3130222037,7.5174899738,7.7293353094,8.0954473635,8.3176042237,8.4949358781,8.6699426522,8.8621130136,9.3275744061,0.5158093622],"will_remap":false,"is_remapped":false,"remapped_from":null,"stim_val":"\u16b3"}