{"index":227,"proposed_prep_time":0.2833333333,"real_prep_time":0.5004630406,"proposed_choice":3,"real_choice":3,"correct":true,"datetime":"180606_095239030295","timing":-0.2170322117,"presses":[3,8],"rts":[0.5004630406,0.5169122727],"will_remap":true,"is_remapped":true,"remapped_from":8,"stim_val":"\u16c7"}