{"index":1015,"proposed_prep_time":0.3666666667,"real_prep_time":0.5780544552,"proposed_choice":6,"real_choice":1,"correct":false,"datetime":"180606_102724223510","timing":-0.2273396308,"presses":[1,0],"rts":[0.5780544552,0.6254109889],"will_remap":true,"is_remapped":true,"remapped_from":5,"stim_val":"\u16a3"}