{"index":645,"proposed_prep_time":0.6333333333,"real_prep_time":0.6177170074,"proposed_choice":0,"real_choice":0,"correct":true,"datetime":"180606_101008481008","timing":0.0155352914,"presses":[3,0],"rts":[1.7091527207,0.6177170074],"will_remap":true,"is_remapped":true,"remapped_from":9,"stim_val":"\u16bc"}