{"index":1100,"proposed_prep_time":0.3666666667,"real_prep_time":0.5185703042,"proposed_choice":2,"real_choice":2,"correct":true,"datetime":"180606_103800447794","timing":-0.1524129724,"presses":[9,8,7,6,5,4,3,2,0,1,2],"rts":[450.7616117919,450.9713011588,451.1454003263,451.292097401,451.4494546736,451.6099714141,451.8035986379,451.9579146222,454.4419354687,454.7454534631,0.5185703042],"will_remap":false,"is_remapped":false,"remapped_from":null,"stim_val":"\u16ac"}