{"index":300,"proposed_prep_time":0.6833333333,"real_prep_time":0.6618850416,"proposed_choice":2,"real_choice":2,"correct":true,"datetime":"180606_095534884041","timing":0.0217677184,"presses":[9,8,7,6,5,4,3,2,1,0,2],"rts":[18.3254565598,18.6099875428,18.833483086,19.0258827683,19.2682961161,19.4912083864,19.7293860416,19.9235076837,20.1294015251,20.356504621,0.6618850416],"will_remap":false,"is_remapped":false,"remapped_from":null,"stim_val":"\u16ac"}