{"index":519,"proposed_prep_time":0.4166666667,"real_prep_time":0.5467465751,"proposed_choice":4,"real_choice":4,"correct":true,"datetime":"180606_100443006563","timing":-0.1464940289,"presses":[1,4],"rts":[0.4840322832,0.5467465751],"will_remap":false,"is_remapped":false,"remapped_from":null,"stim_val":"\u16bb"}