{"index":197,"proposed_prep_time":0.3333333333,"real_prep_time":0.4408856363,"proposed_choice":2,"real_choice":1,"correct":false,"datetime":"180606_095126001930","timing":-0.1235936058,"presses":[1,2],"rts":[0.4408856363,0.4878926168],"will_remap":false,"is_remapped":false,"remapped_from":null,"stim_val":"\u16ac"}