{"index":1143,"proposed_prep_time":0.2666666667,"real_prep_time":0.3872828929,"proposed_choice":8,"real_choice":8,"correct":true,"datetime":"180606_103933147945","timing":-0.1202661061,"presses":[8,1],"rts":[0.3872828929,0.4370050685],"will_remap":true,"is_remapped":true,"remapped_from":3,"stim_val":"\u16a0"}