{"index":722,"proposed_prep_time":0.3333333333,"real_prep_time":0.468339341,"proposed_choice":7,"real_choice":8,"correct":false,"datetime":"180606_101316796635","timing":-0.1349881,"presses":[8,7],"rts":[0.468339341,0.5473618121],"will_remap":false,"is_remapped":false,"remapped_from":null,"stim_val":"\u16b3"}