{"index":1188,"proposed_prep_time":0.35,"real_prep_time":0.5981332337,"proposed_choice":5,"real_choice":5,"correct":true,"datetime":"180606_104109645931","timing":-0.2652004593,"presses":[5,4],"rts":[0.5981332337,0.6032049801],"will_remap":true,"is_remapped":true,"remapped_from":6,"stim_val":"\u16a6"}