{"index":473,"proposed_prep_time":0.2833333333,"real_prep_time":0.3596321246,"proposed_choice":4,"real_choice":8,"correct":false,"datetime":"180606_100220050064","timing":-0.0765831063,"presses":[5,8],"rts":[1.06697755,0.3596321246],"will_remap":false,"is_remapped":false,"remapped_from":null,"stim_val":"\u16bb"}