{"index":749,"proposed_prep_time":0.2166666667,"real_prep_time":0.3358396372,"proposed_choice":2,"real_choice":9,"correct":false,"datetime":"180606_101414681634","timing":-0.1194403161,"presses":[0,9],"rts":[0.2549359719,0.3358396372],"will_remap":false,"is_remapped":false,"remapped_from":null,"stim_val":"\u16ac"}