{"index":383,"proposed_prep_time":0.2333333333,"real_prep_time":0.4592339508,"proposed_choice":7,"real_choice":8,"correct":false,"datetime":"180606_095832971511","timing":-0.2427651296,"presses":[8,7],"rts":[0.4592339508,0.5061327223],"will_remap":false,"is_remapped":false,"remapped_from":null,"stim_val":"\u16b3"}