{"index":1121,"proposed_prep_time":0.4666666667,"real_prep_time":0.4701786005,"proposed_choice":1,"real_choice":1,"correct":true,"datetime":"180606_103845956848","timing":-0.0198182558,"presses":[7,1],"rts":[1.3366255453,0.4701786005],"will_remap":false,"is_remapped":false,"remapped_from":null,"stim_val":"\u16a2"}