{"index":248,"proposed_prep_time":0.5666666667,"real_prep_time":0.7005886686,"proposed_choice":6,"real_choice":5,"correct":false,"datetime":"180606_095324071619","timing":-0.1501637504,"presses":[5,6],"rts":[0.7005886686,0.7686703022],"will_remap":true,"is_remapped":true,"remapped_from":5,"stim_val":"\u16a3"}