{"index":224,"proposed_prep_time":0.45,"real_prep_time":0.6662271837,"proposed_choice":3,"real_choice":1,"correct":false,"datetime":"180606_095232598962","timing":-0.2161392676,"presses":[1,3],"rts":[0.6662271837,0.7591602279],"will_remap":true,"is_remapped":true,"remapped_from":8,"stim_val":"\u16c7"}