{"index":1009,"proposed_prep_time":0.6833333333,"real_prep_time":0.7017156256,"proposed_choice":5,"real_choice":6,"correct":false,"datetime":"180606_102711346864","timing":-0.0347244102,"presses":[6,5],"rts":[0.7017156256,0.7690043131],"will_remap":true,"is_remapped":true,"remapped_from":6,"stim_val":"\u16a6"}