{"index":491,"proposed_prep_time":0.2666666667,"real_prep_time":0.4177098521,"proposed_choice":3,"real_choice":7,"correct":false,"datetime":"180606_100258761983","timing":-0.1500919043,"presses":[7,7],"rts":[0.4177098521,0.5778752799],"will_remap":true,"is_remapped":true,"remapped_from":8,"stim_val":"\u16c7"}