{"index":1023,"proposed_prep_time":0.4833333333,"real_prep_time":0.5817889848,"proposed_choice":4,"real_choice":4,"correct":true,"datetime":"180606_102741363738","timing":-0.1149952435,"presses":[0,4],"rts":[0.562362686,0.5817889848],"will_remap":false,"is_remapped":false,"remapped_from":null,"stim_val":"\u16bb"}