{"index":1133,"proposed_prep_time":0.4833333333,"real_prep_time":0.6197738579,"proposed_choice":2,"real_choice":7,"correct":false,"datetime":"180606_103911659195","timing":-0.1367965683,"presses":[7,2],"rts":[0.6197738579,0.6855182946],"will_remap":false,"is_remapped":false,"remapped_from":null,"stim_val":"\u16ac"}