{"index":562,"proposed_prep_time":0.3833333333,"real_prep_time":0.4565489603,"proposed_choice":8,"real_choice":0,"correct":false,"datetime":"180606_100615272949","timing":-0.089606307,"presses":[0,0],"rts":[0.6850285683,0.4565489603],"will_remap":true,"is_remapped":true,"remapped_from":3,"stim_val":"\u16a0"}