{"index":789,"proposed_prep_time":0.5833333333,"real_prep_time":0.6100192137,"proposed_choice":5,"real_choice":5,"correct":true,"datetime":"180606_101540485717","timing":-0.042979964,"presses":[5,9],"rts":[0.6100192137,0.6739683783],"will_remap":true,"is_remapped":true,"remapped_from":6,"stim_val":"\u16a6"}