{"index":1087,"proposed_prep_time":0.5333333333,"real_prep_time":0.5690200313,"proposed_choice":1,"real_choice":8,"correct":false,"datetime":"180606_102958623485","timing":-0.0519088182,"presses":[8,1],"rts":[0.5690200313,0.6523559061],"will_remap":false,"is_remapped":false,"remapped_from":null,"stim_val":"\u16a2"}