{"index":202,"proposed_prep_time":0.5333333333,"real_prep_time":0.6727449423,"proposed_choice":5,"real_choice":5,"correct":true,"datetime":"180606_095145424857","timing":-0.1558630502,"presses":[0,5],"rts":[0.8381926695,0.6727449423],"will_remap":true,"is_remapped":true,"remapped_from":6,"stim_val":"\u16a6"}