{"index":946,"proposed_prep_time":0.4833333333,"real_prep_time":0.4868073012,"proposed_choice":8,"real_choice":9,"correct":false,"datetime":"180606_102306845245","timing":-0.0205299718,"presses":[9,8],"rts":[0.4868073012,0.5514435489],"will_remap":true,"is_remapped":true,"remapped_from":3,"stim_val":"\u16a0"}