{"index":1217,"proposed_prep_time":0.3,"real_prep_time":0.4190775668,"proposed_choice":8,"real_choice":3,"correct":false,"datetime":"180606_104214527941","timing":-0.1358033329,"presses":[3,6],"rts":[0.4190775668,0.4687325883],"will_remap":true,"is_remapped":true,"remapped_from":3,"stim_val":"\u16a0"}