{"index":277,"proposed_prep_time":0.2666666667,"real_prep_time":0.3279996176,"proposed_choice":5,"real_choice":4,"correct":false,"datetime":"180606_095426271157","timing":-0.0775675441,"presses":[2,4],"rts":[0.5887378199,0.3279996176],"will_remap":true,"is_remapped":true,"remapped_from":6,"stim_val":"\u16a6"}