{"index":666,"proposed_prep_time":0.6666666667,"real_prep_time":0.6624554114,"proposed_choice":8,"real_choice":3,"correct":false,"datetime":"180606_101053556313","timing":-0.0121318988,"presses":[3,8],"rts":[0.6624554114,0.7252421359],"will_remap":true,"is_remapped":true,"remapped_from":3,"stim_val":"\u16a0"}