{"index":900,"proposed_prep_time":0.3333333333,"real_prep_time":0.5227098111,"proposed_choice":6,"real_choice":4,"correct":false,"datetime":"180606_102128131523","timing":-0.1895647242,"presses":[9,8,8,7,7,6,4,3,2,1,4],"rts":[100.1313841835,100.3224841851,100.4991029504,100.6769850337,100.8824624612,101.0780570945,101.2422884236,101.4792957208,101.5544132844,101.6662969771,0.5227098111],"will_remap":true,"is_remapped":true,"remapped_from":5,"stim_val":"\u16a3"}