{"index":700,"proposed_prep_time":0.4333333333,"real_prep_time":0.4901591405,"proposed_choice":1,"real_choice":1,"correct":true,"datetime":"180606_101229654511","timing":-0.0570776301,"presses":[9,8,7,6,5,4,3,2,1,0,1],"rts":[22.1151531289,22.3559972998,22.5469691514,22.7405339131,22.9370428977,23.1240157088,23.3950507732,23.5722085307,23.764135202,23.9887641537,0.4901591405],"will_remap":false,"is_remapped":false,"remapped_from":null,"stim_val":"\u16a2"}