{"index":401,"proposed_prep_time":0.4333333333,"real_prep_time":0.6234488579,"proposed_choice":9,"real_choice":9,"correct":true,"datetime":"180606_095944783572","timing":-0.2074356288,"presses":[0,9],"rts":[0.5905157903,0.6234488579],"will_remap":true,"is_remapped":true,"remapped_from":0,"stim_val":"\u16cb"}