{"index":214,"proposed_prep_time":0.3666666667,"real_prep_time":0.6415311953,"proposed_choice":9,"real_choice":9,"correct":true,"datetime":"180606_095211177175","timing":-0.2750609665,"presses":[0,9],"rts":[0.579683455,0.6415311953],"will_remap":true,"is_remapped":true,"remapped_from":0,"stim_val":"\u16cb"}