{"index":83,"proposed_prep_time":0.5333333333,"real_prep_time":0.4920852018,"proposed_choice":3,"real_choice":8,"correct":false,"datetime":"180606_094641188306","timing":0.0412195299,"presses":[3,8],"rts":[0.9326690846,0.4920852018],"will_remap":true,"is_remapped":true,"remapped_from":8,"stim_val":"\u16c7"}