{"index":837,"proposed_prep_time":0.3666666667,"real_prep_time":0.3502155969,"proposed_choice":7,"real_choice":6,"correct":false,"datetime":"180606_101731925188","timing":0.0162373302,"presses":[6,3],"rts":[0.3502155969,0.4257287538],"will_remap":false,"is_remapped":false,"remapped_from":null,"stim_val":"\u16b3"}