{"index":1200,"proposed_prep_time":0.2,"real_prep_time":0.4105624873,"proposed_choice":8,"real_choice":8,"correct":true,"datetime":"180606_104138114700","timing":-0.226527037,"presses":[9,8,7,6,5,4,3,2,1,0,8],"rts":[1.4194857698,1.6434349696,1.8258245877,1.9975369993,2.1555631735,2.3186783959,2.5555590094,2.7819756087,2.9713844416,3.3233894456,0.4105624873],"will_remap":true,"is_remapped":true,"remapped_from":3,"stim_val":"\u16a0"}