{"index":90,"proposed_prep_time":0.4833333333,"real_prep_time":0.4281788516,"proposed_choice":3,"real_choice":8,"correct":false,"datetime":"180606_094656230729","timing":0.0387318963,"presses":[8,7],"rts":[0.4281788516,0.4427105266],"will_remap":true,"is_remapped":true,"remapped_from":8,"stim_val":"\u16c7"}