{"index":736,"real_prep_time":0.5889357632,"proposed_choice":6,"real_choice":4,"correct":false,"datetime":"180605_143548923187","presses":[4,4,6],"rts":[0.5889357632,1.0215139405,2.016707878],"will_remap":true,"is_remapped":false,"remapped_from":null,"stim_val":"\u16a3"}