{"index":625,"real_prep_time":0.5945714279,"proposed_choice":8,"real_choice":7,"correct":false,"datetime":"180605_143253051449","presses":[7,8,8],"rts":[0.5945714279,0.6074641327,1.9513162201],"will_remap":false,"is_remapped":false,"remapped_from":null,"stim_val":"\u16a6"}