{"index":82,"real_prep_time":0.8369413748,"proposed_choice":6,"real_choice":3,"correct":false,"datetime":"180605_141538825070","presses":[3,6,6],"rts":[0.8369413748,1.1296894959,2.1479486626],"will_remap":true,"is_remapped":false,"remapped_from":null,"stim_val":"\u16a3"}