{"index":482,"real_prep_time":0.6968790652,"proposed_choice":5,"real_choice":4,"correct":false,"datetime":"180605_142611852177","presses":[4,5,5],"rts":[0.6968790652,1.665491128,2.237518724],"will_remap":false,"is_remapped":false,"remapped_from":null,"stim_val":"\u16ac"}