{"index":123,"real_prep_time":0.7686509477,"proposed_choice":5,"real_choice":4,"correct":false,"datetime":"180605_141647105143","presses":[4,5,5],"rts":[0.7686509477,1.7766663304,2.3207915502],"will_remap":false,"is_remapped":false,"remapped_from":null,"stim_val":"\u16ac"}