{"index":4,"real_prep_time":0.3857929141,"proposed_choice":3,"real_choice":2,"correct":false,"datetime":"180523_152620485723","presses":[2,3,3],"rts":[0.3857929141,1.3786332434,2.0984193007],"will_remap":true,"is_remapped":false,"remapped_from":null,"stim_val":"3"}