{"index":1,"real_prep_time":0.4230824384,"proposed_choice":4,"real_choice":3,"correct":false,"datetime":"180523_152614871490","presses":[3,4,4],"rts":[0.4230824384,0.5194352144,1.4969116497],"will_remap":false,"is_remapped":false,"remapped_from":null,"stim_val":"4"}