{"index":44,"proposed_prep_time":0.3333333333,"real_prep_time":0.4165910818,"proposed_choice":4,"real_choice":6,"correct":false,"datetime":"180523_152857250923","timing":-0.0826140965,"presses":[6,4],"rts":[0.4165910818,0.4811369141],"will_remap":false,"is_remapped":false,"remapped_from":null,"stim_val":"4"}