{"index":16,"proposed_prep_time":0.2833333333,"real_prep_time":0.3500845876,"proposed_choice":5,"real_choice":3,"correct":false,"datetime":"180523_152757249388","timing":-0.0828624783,"presses":[3,5],"rts":[0.3500845876,0.4778578054],"will_remap":false,"is_remapped":false,"remapped_from":null,"stim_val":"5"}