{"index":9,"proposed_prep_time":0.2833333333,"real_prep_time":0.2989833356,"proposed_choice":0,"real_choice":2,"correct":false,"datetime":"180523_152742307491","timing":-0.0328488862,"presses":[2,1],"rts":[0.2989833356,0.349296628],"will_remap":false,"is_remapped":false,"remapped_from":null,"stim_val":"0"}