{"index":13,"proposed_prep_time":0.5166666667,"real_prep_time":0.3873870149,"proposed_choice":0,"real_choice":1,"correct":false,"datetime":"180529_130546421734","timing":0.1128840644,"presses":[1,0],"rts":[0.3873870149,0.4359965315],"will_remap":false,"is_remapped":false,"remapped_from":null,"stim_val":"0"}