{"index":191,"proposed_prep_time":0.3666666667,"real_prep_time":0.5554077581,"proposed_choice":6,"real_choice":2,"correct":false,"datetime":"180523_154903050396","timing":-0.1885543506,"presses":[2,7],"rts":[0.5554077581,0.5695834077],"will_remap":true,"is_remapped":false,"remapped_from":null,"stim_val":"\u16bb"}