{"index":241,"proposed_prep_time":0.5333333333,"real_prep_time":0.668814128,"proposed_choice":6,"real_choice":8,"correct":false,"datetime":"180523_155111231062","timing":-0.1351815929,"presses":[8,7],"rts":[0.668814128,0.7029069466],"will_remap":true,"is_remapped":false,"remapped_from":null,"stim_val":"\u16bb"}