{"index":259,"proposed_prep_time":0.2333333333,"real_prep_time":0.2510142745,"proposed_choice":7,"real_choice":2,"correct":false,"datetime":"180523_155149843477","timing":-0.0344060376,"presses":[2,7],"rts":[0.2510142745,0.3664003674],"will_remap":true,"is_remapped":false,"remapped_from":null,"stim_val":"\u16a0"}