{"index":172,"proposed_prep_time":0.5666666667,"real_prep_time":0.650524197,"proposed_choice":2,"real_choice":2,"correct":true,"datetime":"180523_154822305133","timing":-0.0838216953,"presses":[3,2],"rts":[0.9604767992,0.650524197],"will_remap":true,"is_remapped":false,"remapped_from":null,"stim_val":"\u16a2"}