{"index":392,"proposed_prep_time":0.5166666667,"real_prep_time":0.5598918264,"proposed_choice":9,"real_choice":9,"correct":true,"datetime":"180523_155640170114","timing":-0.0596198674,"presses":[6,9],"rts":[0.8383474489,0.5598918264],"will_remap":true,"is_remapped":false,"remapped_from":null,"stim_val":"\u16bc"}