{"index":229,"proposed_prep_time":0.3833333333,"real_prep_time":0.5425704963,"proposed_choice":7,"real_choice":3,"correct":false,"datetime":"180523_155045510905","timing":-0.1756719284,"presses":[3,7],"rts":[0.5425704963,0.5885824145],"will_remap":true,"is_remapped":false,"remapped_from":null,"stim_val":"\u16a0"}