{"index":357,"proposed_prep_time":0.4333333333,"real_prep_time":0.5172751434,"proposed_choice":2,"real_choice":7,"correct":false,"datetime":"180523_155525110172","timing":-0.08338886,"presses":[7,2],"rts":[0.5172751434,0.5607900476],"will_remap":true,"is_remapped":false,"remapped_from":null,"stim_val":"\u16a2"}