{"index":100,"proposed_prep_time":0.6,"real_prep_time":0.650204849,"proposed_choice":6,"real_choice":0,"correct":false,"datetime":"180523_154547955783","timing":-0.0673947742,"presses":[0,1,2,3,4,5,6,7,8,9,0],"rts":[12.4169720121,12.674391428,12.9435405049,13.2148478933,13.7930560431,14.0984345497,14.4312749317,14.7523208448,15.1509519005,15.615324364,0.650204849],"will_remap":true,"is_remapped":false,"remapped_from":null,"stim_val":"\u16bb"}