{"index":366,"proposed_prep_time":0.4833333333,"real_prep_time":0.5699449836,"proposed_choice":4,"real_choice":8,"correct":false,"datetime":"180523_155544417272","timing":-0.0862404119,"presses":[4,8,3],"rts":[0.8773627427,0.5699449836,0.7004759136],"will_remap":false,"is_remapped":false,"remapped_from":null,"stim_val":"\u16c7"}