{"index":88,"proposed_prep_time":0.4166666667,"real_prep_time":0.4954313295,"proposed_choice":8,"real_choice":9,"correct":false,"datetime":"180523_154507561172","timing":-0.0787499564,"presses":[9,8],"rts":[0.4954313295,0.6526546499],"will_remap":true,"is_remapped":false,"remapped_from":null,"stim_val":"\u16a6"}