{"index":18,"proposed_prep_time":0.4833333333,"real_prep_time":0.5417549712,"proposed_choice":4,"real_choice":3,"correct":false,"datetime":"180523_154236442550","timing":-0.0586888023,"presses":[3,4],"rts":[0.5417549712,0.6053791224],"will_remap":false,"is_remapped":false,"remapped_from":null,"stim_val":"\u16c7"}