{"index":231,"proposed_prep_time":0.4166666667,"real_prep_time":0.6004499024,"proposed_choice":4,"real_choice":6,"correct":false,"datetime":"180523_155049776231","timing":-0.1999972141,"presses":[6,1],"rts":[0.6004499024,0.6616993243],"will_remap":false,"is_remapped":false,"remapped_from":null,"stim_val":"\u16c7"}