{"index":406,"proposed_prep_time":0.4166666667,"real_prep_time":0.5347169988,"proposed_choice":8,"real_choice":2,"correct":false,"datetime":"180523_155736689728","timing":-0.1178324042,"presses":[2,8],"rts":[0.5347169988,0.550970903],"will_remap":true,"is_remapped":false,"remapped_from":null,"stim_val":"\u16a6"}