{"index":77,"proposed_prep_time":0.6166666667,"real_prep_time":0.8062557605,"proposed_choice":6,"real_choice":6,"correct":true,"datetime":"180523_154444006479","timing":-0.1901977172,"presses":[0,6,7],"rts":[1.9744721007,0.8062557605,0.8717968794],"will_remap":true,"is_remapped":false,"remapped_from":null,"stim_val":"\u16bb"}