{"index":426,"proposed_prep_time":0.4166666667,"real_prep_time":0.4388120137,"proposed_choice":8,"real_choice":1,"correct":false,"datetime":"180523_155819601085","timing":-0.0216412083,"presses":[1,8],"rts":[0.4388120137,0.5199856425],"will_remap":true,"is_remapped":false,"remapped_from":null,"stim_val":"\u16a6"}