{"index":209,"proposed_prep_time":0.3666666667,"real_prep_time":0.5365550826,"proposed_choice":2,"real_choice":2,"correct":true,"datetime":"180523_155002619085","timing":-0.1705776093,"presses":[2,0],"rts":[0.5365550826,0.6496538344],"will_remap":true,"is_remapped":false,"remapped_from":null,"stim_val":"\u16a2"}