{"index":39,"proposed_prep_time":0.4666666667,"real_prep_time":0.5232289749,"proposed_choice":3,"real_choice":2,"correct":false,"datetime":"180523_154321484977","timing":-0.0737063693,"presses":[2,3],"rts":[0.5232289749,0.6177169814],"will_remap":true,"is_remapped":false,"remapped_from":null,"stim_val":"\u16a3"}