{"index":497,"proposed_prep_time":0.2833333333,"real_prep_time":0.2693760515,"proposed_choice":4,"real_choice":7,"correct":false,"datetime":"180523_160052983812","timing":-0.0016759465,"presses":[7,3],"rts":[0.2693760515,0.3023228535],"will_remap":false,"is_remapped":false,"remapped_from":null,"stim_val":"\u16c7"}