{"index":238,"proposed_prep_time":0.5666666667,"real_prep_time":0.6841372604,"proposed_choice":9,"real_choice":9,"correct":true,"datetime":"180523_155104785238","timing":-0.1172118896,"presses":[0,9],"rts":[0.6373605492,0.6841372604],"will_remap":true,"is_remapped":false,"remapped_from":null,"stim_val":"\u16bc"}