{"index":371,"proposed_prep_time":0.4833333333,"real_prep_time":0.5336900413,"proposed_choice":1,"real_choice":1,"correct":true,"datetime":"180523_155555128029","timing":-0.0504971888,"presses":[1,1],"rts":[0.8073240661,0.5336900413],"will_remap":false,"is_remapped":false,"remapped_from":null,"stim_val":"\u16cb"}