{"index":16,"proposed_prep_time":0.6166666667,"real_prep_time":0.5883384315,"proposed_choice":9,"real_choice":9,"correct":true,"datetime":"180523_154232144754","timing":0.0120662813,"presses":[9,0],"rts":[0.5883384315,0.6371802011],"will_remap":true,"is_remapped":false,"remapped_from":null,"stim_val":"\u16bc"}