{"index":69,"proposed_prep_time":0.6666666667,"real_prep_time":0.7411518756,"proposed_choice":9,"real_choice":8,"correct":false,"datetime":"180523_154425867460","timing":-0.0743738037,"presses":[8,9],"rts":[0.7411518756,0.7925252627],"will_remap":true,"is_remapped":false,"remapped_from":null,"stim_val":"\u16bc"}