{"index":300,"proposed_prep_time":0.3166666667,"real_prep_time":0.3150809381,"proposed_choice":8,"real_choice":2,"correct":false,"datetime":"180523_155322893336","timing":0.001129272,"presses":[0,1,2,3,4,5,6,7,8,0,2],"rts":[1.5057871195,1.7340845783,1.9380189222,2.1003861208,2.4654155498,3.1838538354,4.7044268554,5.0242578385,5.313977736,5.7469212536,0.3150809381],"will_remap":true,"is_remapped":false,"remapped_from":null,"stim_val":"\u16a6"}