{"index":6,"proposed_prep_time":0.2833333333,"real_prep_time":0.4813374963,"proposed_choice":7,"real_choice":2,"correct":false,"datetime":"180523_154210673083","timing":-0.2147024712,"presses":[0,2],"rts":[0.4003635699,0.4813374963],"will_remap":true,"is_remapped":false,"remapped_from":null,"stim_val":"\u16a0"}