{"index":160,"proposed_prep_time":0.3666666667,"real_prep_time":0.4581362334,"proposed_choice":8,"real_choice":2,"correct":false,"datetime":"180523_154756586446","timing":-0.0914010052,"presses":[2,8],"rts":[0.4581362334,0.5411966254],"will_remap":true,"is_remapped":false,"remapped_from":null,"stim_val":"\u16a6"}