{"index":207,"proposed_prep_time":0.3333333333,"real_prep_time":0.402652084,"proposed_choice":0,"real_choice":3,"correct":false,"datetime":"180523_154958353370","timing":-0.0696208263,"presses":[3,1],"rts":[0.402652084,0.4845714447],"will_remap":false,"is_remapped":false,"remapped_from":null,"stim_val":"\u16ac"}