{"index":230,"proposed_prep_time":0.2666666667,"real_prep_time":0.3872920022,"proposed_choice":8,"real_choice":8,"correct":true,"datetime":"180523_155047644375","timing":-0.1370583855,"presses":[8,1],"rts":[0.3872920022,0.4189998278],"will_remap":true,"is_remapped":false,"remapped_from":null,"stim_val":"\u16a6"}