{"index":409,"proposed_prep_time":0.6166666667,"real_prep_time":0.8164660991,"proposed_choice":4,"real_choice":4,"correct":true,"datetime":"180523_155743136570","timing":-0.2169555021,"presses":[0,4],"rts":[0.7019618055,0.8164660991],"will_remap":false,"is_remapped":false,"remapped_from":null,"stim_val":"\u16c7"}