{"index":461,"proposed_prep_time":0.4,"real_prep_time":0.519220263,"proposed_choice":9,"real_choice":7,"correct":false,"datetime":"180523_155935758835","timing":-0.1356748374,"presses":[4,7,9],"rts":[1.8500416267,0.519220263,0.568624484],"will_remap":true,"is_remapped":false,"remapped_from":null,"stim_val":"\u16bc"}