{"index":394,"proposed_prep_time":0.6,"real_prep_time":0.766910855,"proposed_choice":3,"real_choice":6,"correct":false,"datetime":"180523_155644451384","timing":-0.1665838532,"presses":[0,6,3],"rts":[0.7005049452,0.766910855,0.8908205191],"will_remap":true,"is_remapped":false,"remapped_from":null,"stim_val":"\u16a3"}