{"index":123,"proposed_prep_time":0.4166666667,"real_prep_time":0.4878998192,"proposed_choice":2,"real_choice":2,"correct":true,"datetime":"180523_154637245536","timing":-0.0873418546,"presses":[2,7],"rts":[0.4878998192,0.5037733796],"will_remap":true,"is_remapped":false,"remapped_from":null,"stim_val":"\u16a2"}