{"index":65,"proposed_prep_time":0.4666666667,"real_prep_time":0.560692689,"proposed_choice":8,"real_choice":3,"correct":false,"datetime":"180523_154417271135","timing":-0.0938939137,"presses":[3,8],"rts":[0.560692689,0.6116423314],"will_remap":true,"is_remapped":false,"remapped_from":null,"stim_val":"\u16a6"}