{"index":400,"proposed_prep_time":0.5,"real_prep_time":0.5506855719,"proposed_choice":1,"real_choice":1,"correct":true,"datetime":"180523_155723830226","timing":-0.0669252828,"presses":[0,1,2,3,6,1,0,5,6,1,1],"rts":[13.5998827591,14.2273470392,14.4795246319,14.7354839618,15.1054200306,15.3148847547,26.5924477277,26.9115693418,27.2809755099,27.4394879523,0.5506855719],"will_remap":false,"is_remapped":false,"remapped_from":null,"stim_val":"\u16cb"}