{"index":147,"proposed_prep_time":0.2333333333,"real_prep_time":0.2883260857,"proposed_choice":8,"real_choice":3,"correct":false,"datetime":"180523_154728701682","timing":-0.0718627138,"presses":[7,3],"rts":[0.5178519639,0.2883260857],"will_remap":true,"is_remapped":false,"remapped_from":null,"stim_val":"\u16a6"}