{"index":296,"proposed_prep_time":0.2833333333,"real_prep_time":0.3169442413,"proposed_choice":8,"real_choice":7,"correct":false,"datetime":"180523_155309284358","timing":-0.0504215305,"presses":[6,5,7],"rts":[0.6134009448,0.6914901822,0.3169442413],"will_remap":true,"is_remapped":false,"remapped_from":null,"stim_val":"\u16a6"}