{"index":200,"proposed_prep_time":0.3833333333,"real_prep_time":0.4847195353,"proposed_choice":7,"real_choice":8,"correct":false,"datetime":"180523_154943361672","timing":-0.1174453157,"presses":[0,2,3,1,3,8,6,7,6,7,8],"rts":[18.5326493011,19.1746220682,19.4763217679,19.7007322131,19.9134168095,20.1000661863,20.5171596033,20.7404513041,21.672275051,21.7655381571,0.4847195353],"will_remap":true,"is_remapped":false,"remapped_from":null,"stim_val":"\u16a0"}