{"index":185,"proposed_prep_time":0.2833333333,"real_prep_time":0.4520603823,"proposed_choice":8,"real_choice":7,"correct":false,"datetime":"180608_140021197154","timing":-0.1848362395,"presses":[7,8],"rts":[0.4520603823,0.5167613812],"will_remap":false,"is_remapped":false,"remapped_from":null,"stim_val":"\u16a6"}