{"index":800,"proposed_prep_time":0.35,"real_prep_time":0.5063228889,"proposed_choice":6,"real_choice":6,"correct":true,"datetime":"180608_142922575844","timing":-0.1723549744,"presses":[0,6,6,7,6,6,6,6,6,6,6],"rts":[0.6716534641,203.9839595715,204.3078325935,204.3099788831,204.6913773936,204.9118499292,205.091077869,205.3598021859,205.5706326936,205.8914855438,0.5063228889],"will_remap":true,"is_remapped":false,"remapped_from":null,"stim_val":"\u16a3"}