{"index":1031,"proposed_prep_time":0.65,"real_prep_time":0.5937348518,"proposed_choice":9,"real_choice":9,"correct":true,"datetime":"180608_143751234406","timing":0.04005204,"presses":[8,1,9],"rts":[1.0068576285,1.1350661027,0.5937348518],"will_remap":false,"is_remapped":false,"remapped_from":null,"stim_val":"\u16c7"}