{"index":568,"proposed_prep_time":0.5166666667,"real_prep_time":0.601081913,"proposed_choice":6,"real_choice":5,"correct":false,"datetime":"180608_141646482566","timing":-0.1007004546,"presses":[5,6],"rts":[0.601081913,0.7022111856],"will_remap":true,"is_remapped":false,"remapped_from":null,"stim_val":"\u16a3"}