{"index":680,"proposed_prep_time":0.4666666667,"real_prep_time":0.5840766952,"proposed_choice":3,"real_choice":2,"correct":false,"datetime":"180608_142129030247","timing":-0.1336065143,"presses":[2,3],"rts":[0.5840766952,0.5858857484],"will_remap":true,"is_remapped":false,"remapped_from":null,"stim_val":"\u16a0"}