{"index":894,"proposed_prep_time":0.2833333333,"real_prep_time":0.4199730739,"proposed_choice":3,"real_choice":8,"correct":false,"datetime":"180608_143246433445","timing":-0.153427216,"presses":[8,6],"rts":[0.4199730739,0.5172525733],"will_remap":true,"is_remapped":false,"remapped_from":null,"stim_val":"\u16a0"}