{"index":500,"proposed_prep_time":0.5333333333,"real_prep_time":0.53444723,"proposed_choice":4,"real_choice":4,"correct":true,"datetime":"180608_141420695806","timing":-0.0171851847,"presses":[6,6,6,6,6,6,6,6,6,6,4],"rts":[2.4041722298,3.1709225409,3.4424362425,3.6828763976,3.8744287142,4.0784476335,4.2584042972,4.4184103498,4.6144933639,4.8185031925,0.53444723],"will_remap":true,"is_remapped":false,"remapped_from":null,"stim_val":"\u16b3"}