{"index":497,"proposed_prep_time":0.5333333333,"real_prep_time":0.4903469752,"proposed_choice":7,"real_choice":7,"correct":true,"datetime":"180608_141410417675","timing":0.0257271183,"presses":[3,7],"rts":[0.8165876898,0.4903469752],"will_remap":true,"is_remapped":false,"remapped_from":null,"stim_val":"\u16cb"}