{"index":713,"proposed_prep_time":0.3666666667,"real_prep_time":0.4671392473,"proposed_choice":4,"real_choice":2,"correct":false,"datetime":"180608_142250886508","timing":-0.1167367776,"presses":[2,5],"rts":[0.4671392473,0.5758454883],"will_remap":true,"is_remapped":false,"remapped_from":null,"stim_val":"\u16b3"}