{"index":40,"proposed_prep_time":0.2333333333,"real_prep_time":0.4274899262,"proposed_choice":6,"real_choice":7,"correct":false,"datetime":"180608_135457638899","timing":-0.2101116663,"presses":[5,7],"rts":[0.5730449601,0.4274899262],"will_remap":true,"is_remapped":false,"remapped_from":null,"stim_val":"\u16a3"}