{"index":1038,"proposed_prep_time":0.6166666667,"real_prep_time":0.6366817582,"proposed_choice":4,"real_choice":4,"correct":true,"datetime":"180608_143807543094","timing":-0.0362622069,"presses":[6,4],"rts":[2.3563928728,0.6366817582],"will_remap":true,"is_remapped":false,"remapped_from":null,"stim_val":"\u16b3"}