{"index":200,"proposed_prep_time":0.6333333333,"real_prep_time":0.5413306644,"proposed_choice":6,"real_choice":6,"correct":true,"datetime":"180608_140149666636","timing":0.0921820396,"presses":[6,6,6,6,6,6,6,6,6,6,6],"rts":[53.8079866959,54.5273426858,55.0394000594,55.2801818496,55.9047914252,56.1913907364,56.4794084933,56.8180240235,57.0553616039,57.3141172134,0.5413306644],"will_remap":true,"is_remapped":false,"remapped_from":null,"stim_val":"\u16a3"}