{"index":947,"proposed_prep_time":0.5833333333,"real_prep_time":0.5185645695,"proposed_choice":8,"real_choice":8,"correct":true,"datetime":"180608_143444618961","timing":0.0484973187,"presses":[8,9],"rts":[0.5185645695,0.5850567334],"will_remap":false,"is_remapped":false,"remapped_from":null,"stim_val":"\u16a6"}