{"index":717,"proposed_prep_time":0.3666666667,"real_prep_time":0.5411670314,"proposed_choice":4,"real_choice":6,"correct":false,"datetime":"180608_142259481586","timing":-0.1908147074,"presses":[6,4],"rts":[0.5411670314,0.6208143467],"will_remap":true,"is_remapped":false,"remapped_from":null,"stim_val":"\u16b3"}