{"index":1000,"proposed_prep_time":0.2333333333,"real_prep_time":0.3593670044,"proposed_choice":0,"real_choice":8,"correct":false,"datetime":"180608_143644603451","timing":-0.1420863964,"presses":[6,6,6,6,6,6,6,6,6,6,8],"rts":[2.8871873929,3.2232020975,3.4334252865,3.6235057863,3.8004478499,3.9912550208,4.1703304711,4.330108376,4.6661579774,4.9998844599,0.3593670044],"will_remap":false,"is_remapped":false,"remapped_from":null,"stim_val":"\u16bc"}