{"index":208,"proposed_prep_time":0.5833333333,"real_prep_time":0.6157742757,"proposed_choice":1,"real_choice":1,"correct":true,"datetime":"180608_140206840829","timing":-0.0487991892,"presses":[0,1],"rts":[0.5662453949,0.6157742757],"will_remap":true,"is_remapped":false,"remapped_from":null,"stim_val":"\u16a2"}