{"index":728,"proposed_prep_time":0.6666666667,"real_prep_time":0.6174387571,"proposed_choice":8,"real_choice":8,"correct":true,"datetime":"180608_142323069118","timing":0.0329260886,"presses":[8,7],"rts":[0.6174387571,0.6477627592],"will_remap":false,"is_remapped":false,"remapped_from":null,"stim_val":"\u16a6"}