{"index":809,"proposed_prep_time":0.6,"real_prep_time":0.6008742926,"proposed_choice":0,"real_choice":0,"correct":true,"datetime":"180608_142941898811","timing":-0.017312748,"presses":[3,6,0],"rts":[0.924648783,1.020387552,0.6008742926],"will_remap":false,"is_remapped":false,"remapped_from":null,"stim_val":"\u16bc"}