{"index":280,"proposed_prep_time":0.5833333333,"real_prep_time":0.5164033241,"proposed_choice":9,"real_choice":9,"correct":true,"datetime":"180608_140446154863","timing":0.0505688298,"presses":[5,9],"rts":[5.7155569488,0.5164033241],"will_remap":false,"is_remapped":false,"remapped_from":null,"stim_val":"\u16c7"}