{"index":970,"proposed_prep_time":0.5666666667,"real_prep_time":0.5234278113,"proposed_choice":6,"real_choice":6,"correct":true,"datetime":"180608_143535974638","timing":0.0270188803,"presses":[4,6],"rts":[0.9268660389,0.5234278113],"will_remap":true,"is_remapped":false,"remapped_from":null,"stim_val":"\u16a3"}