{"index":1130,"proposed_prep_time":0.4166666667,"real_prep_time":0.5201126311,"proposed_choice":5,"real_choice":4,"correct":false,"datetime":"180608_144133314604","timing":-0.1197903797,"presses":[4,4],"rts":[0.8767145904,0.5201126311],"will_remap":false,"is_remapped":false,"remapped_from":null,"stim_val":"\u16ac"}