{"index":875,"proposed_prep_time":0.65,"real_prep_time":0.6196970679,"proposed_choice":1,"real_choice":1,"correct":true,"datetime":"180608_143205670719","timing":0.0297326067,"presses":[5,5,1],"rts":[1.0682525378,3.2235660196,0.6196970679],"will_remap":true,"is_remapped":false,"remapped_from":null,"stim_val":"\u16a2"}