{"index":456,"proposed_prep_time":0.2833333333,"real_prep_time":0.532269856,"proposed_choice":0,"real_choice":1,"correct":false,"datetime":"180608_141242464895","timing":-0.2659624096,"presses":[0,1],"rts":[0.5161432123,0.532269856],"will_remap":false,"is_remapped":false,"remapped_from":null,"stim_val":"\u16bc"}