{"index":549,"proposed_prep_time":0.4333333333,"real_prep_time":0.5076733007,"proposed_choice":9,"real_choice":9,"correct":true,"datetime":"180608_141605821785","timing":-0.0904285277,"presses":[5,9,8],"rts":[0.8177724159,0.5076733007,0.5582030404],"will_remap":false,"is_remapped":false,"remapped_from":null,"stim_val":"\u16c7"}