{"index":129,"proposed_prep_time":0.3666666667,"real_prep_time":0.548900888,"proposed_choice":0,"real_choice":0,"correct":true,"datetime":"180608_135820945813","timing":-0.1979685174,"presses":[2,0],"rts":[0.6826969292,0.548900888],"will_remap":false,"is_remapped":false,"remapped_from":null,"stim_val":"\u16bc"}