{"index":52,"proposed_prep_time":0.4166666667,"real_prep_time":0.4524767959,"proposed_choice":2,"real_choice":7,"correct":false,"datetime":"180608_135523475147","timing":-0.0355660337,"presses":[7,2],"rts":[0.4524767959,0.6449707352],"will_remap":true,"is_remapped":false,"remapped_from":null,"stim_val":"\u16bb"}