{"index":211,"proposed_prep_time":0.5666666667,"real_prep_time":0.5834154186,"proposed_choice":4,"real_choice":5,"correct":false,"datetime":"180608_140213271159","timing":-0.0329317777,"presses":[5,4],"rts":[0.5834154186,0.6963462051],"will_remap":true,"is_remapped":false,"remapped_from":null,"stim_val":"\u16b3"}