{"index":220,"proposed_prep_time":0.5333333333,"real_prep_time":0.5446326484,"proposed_choice":0,"real_choice":0,"correct":true,"datetime":"180608_140232627107","timing":-0.0274620968,"presses":[0,0],"rts":[0.9443891344,0.5446326484],"will_remap":false,"is_remapped":false,"remapped_from":null,"stim_val":"\u16bc"}