{"index":824,"proposed_prep_time":0.3333333333,"real_prep_time":0.5019449742,"proposed_choice":1,"real_choice":8,"correct":false,"datetime":"180608_143014097428","timing":-0.1681556484,"presses":[8,1],"rts":[0.5019449742,0.5844315265],"will_remap":true,"is_remapped":false,"remapped_from":null,"stim_val":"\u16a2"}