{"index":31,"proposed_prep_time":0.3666666667,"real_prep_time":0.6007927694,"proposed_choice":9,"real_choice":9,"correct":true,"datetime":"180608_135438348913","timing":-0.2511448295,"presses":[0,9],"rts":[0.4564271536,0.6007927694],"will_remap":false,"is_remapped":false,"remapped_from":null,"stim_val":"\u16c7"}