{"index":326,"proposed_prep_time":0.4833333333,"real_prep_time":0.5565200842,"proposed_choice":8,"real_choice":8,"correct":true,"datetime":"180608_140632397214","timing":-0.0891443903,"presses":[8,9],"rts":[0.5565200842,0.5886044601],"will_remap":false,"is_remapped":false,"remapped_from":null,"stim_val":"\u16a6"}