{"index":933,"proposed_prep_time":0.3333333333,"real_prep_time":0.4025537885,"proposed_choice":8,"real_choice":7,"correct":false,"datetime":"180608_143414568120","timing":-0.0854227669,"presses":[7,8],"rts":[0.4025537885,0.526016907],"will_remap":false,"is_remapped":false,"remapped_from":null,"stim_val":"\u16a6"}