{"index":86,"proposed_prep_time":0.2833333333,"real_prep_time":0.4776226067,"proposed_choice":5,"real_choice":7,"correct":false,"datetime":"180608_135636435488","timing":-0.2103248583,"presses":[7,5],"rts":[0.4776226067,0.5736739792],"will_remap":false,"is_remapped":false,"remapped_from":null,"stim_val":"\u16ac"}