{"index":984,"proposed_prep_time":0.6833333333,"real_prep_time":0.5909862287,"proposed_choice":1,"real_choice":8,"correct":false,"datetime":"180608_143605958517","timing":0.076021379,"presses":[8,9],"rts":[0.5909862287,0.6076902798],"will_remap":true,"is_remapped":false,"remapped_from":null,"stim_val":"\u16a2"}