{"index":511,"proposed_prep_time":0.4666666667,"real_prep_time":0.6440502265,"proposed_choice":9,"real_choice":9,"correct":true,"datetime":"180608_141444265353","timing":-0.1936709529,"presses":[0,9],"rts":[0.6085987652,0.6440502265],"will_remap":false,"is_remapped":false,"remapped_from":null,"stim_val":"\u16c7"}