{"index":299,"proposed_prep_time":0.5166666667,"real_prep_time":0.6099626665,"proposed_choice":1,"real_choice":1,"correct":true,"datetime":"180608_140527065519","timing":-0.1096231428,"presses":[6,1],"rts":[0.8400443862,0.6099626665],"will_remap":true,"is_remapped":false,"remapped_from":null,"stim_val":"\u16a2"}