{"index":762,"proposed_prep_time":0.6833333333,"real_prep_time":0.6842599465,"proposed_choice":5,"real_choice":5,"correct":true,"datetime":"180608_142435980487","timing":-0.000469697,"presses":[3,5],"rts":[1.0369804617,0.6842599465],"will_remap":false,"is_remapped":false,"remapped_from":null,"stim_val":"\u16ac"}