{"index":100,"proposed_prep_time":0.3,"real_prep_time":0.5049232113,"proposed_choice":6,"real_choice":6,"correct":true,"datetime":"180608_135718712362","timing":-0.2213064479,"presses":[6,6,6,6,6,6,6,6,6,6,6],"rts":[9.3613807455,9.5849388473,9.8094523545,10.0018808993,10.1765936838,11.8256191733,12.0473465215,12.2583025397,12.5926064296,12.9435615857,0.5049232113],"will_remap":true,"is_remapped":false,"remapped_from":null,"stim_val":"\u16a3"}