{"index":715,"proposed_prep_time":0.4333333333,"real_prep_time":0.5318510964,"proposed_choice":8,"real_choice":8,"correct":true,"datetime":"180608_142255184041","timing":-0.1146403403,"presses":[8,9],"rts":[0.5318510964,0.5532826149],"will_remap":false,"is_remapped":false,"remapped_from":null,"stim_val":"\u16a6"}