{"index":614,"proposed_prep_time":0.2333333333,"real_prep_time":0.4646739027,"proposed_choice":7,"real_choice":2,"correct":false,"datetime":"180608_141907524033","timing":-0.2307965729,"presses":[4,2],"rts":[0.6135878109,0.4646739027],"will_remap":true,"is_remapped":false,"remapped_from":null,"stim_val":"\u16cb"}