{"index":49,"proposed_prep_time":0.2666666667,"real_prep_time":0.4918789081,"proposed_choice":4,"real_choice":5,"correct":false,"datetime":"180608_135517027843","timing":-0.2413951792,"presses":[6,5],"rts":[0.7074981723,0.4918789081],"will_remap":true,"is_remapped":false,"remapped_from":null,"stim_val":"\u16b3"}