{"index":702,"proposed_prep_time":0.55,"real_prep_time":0.5870622635,"proposed_choice":6,"real_choice":6,"correct":true,"datetime":"180608_142227299962","timing":-0.0533298867,"presses":[7,2,6],"rts":[0.8345673741,0.9006765548,0.5870622635],"will_remap":true,"is_remapped":false,"remapped_from":null,"stim_val":"\u16a3"}