{"index":586,"proposed_prep_time":0.6833333333,"real_prep_time":0.6200134836,"proposed_choice":6,"real_choice":3,"correct":false,"datetime":"180608_141725095517","timing":0.0635638671,"presses":[3,6],"rts":[0.6200134836,0.7680834211],"will_remap":true,"is_remapped":false,"remapped_from":null,"stim_val":"\u16a3"}