{"index":639,"proposed_prep_time":0.3166666667,"real_prep_time":0.4272394915,"proposed_choice":7,"real_choice":7,"correct":true,"datetime":"180608_142001161405","timing":-0.1266236685,"presses":[5,7],"rts":[0.7053108278,0.4272394915],"will_remap":true,"is_remapped":false,"remapped_from":null,"stim_val":"\u16cb"}