{"index":162,"proposed_prep_time":0.4333333333,"real_prep_time":0.6323317022,"proposed_choice":1,"real_choice":1,"correct":true,"datetime":"180608_135931841333","timing":-0.1994201001,"presses":[0,1],"rts":[0.6157810204,0.6323317022],"will_remap":true,"is_remapped":false,"remapped_from":null,"stim_val":"\u16a2"}