{"index":647,"proposed_prep_time":0.5333333333,"real_prep_time":0.6397623393,"proposed_choice":0,"real_choice":4,"correct":false,"datetime":"180608_142018285628","timing":-0.1225187687,"presses":[4,0],"rts":[0.6397623393,0.7196524647],"will_remap":false,"is_remapped":false,"remapped_from":null,"stim_val":"\u16bc"}