{"index":1195,"proposed_prep_time":0.2666666667,"real_prep_time":0.5032077045,"proposed_choice":0,"real_choice":0,"correct":true,"datetime":"180608_144352673028","timing":-0.2527172308,"presses":[2,0],"rts":[0.5699602735,0.5032077045],"will_remap":false,"is_remapped":false,"remapped_from":null,"stim_val":"\u16bc"}