{"index":676,"proposed_prep_time":0.4833333333,"real_prep_time":0.5195399157,"proposed_choice":1,"real_choice":8,"correct":false,"datetime":"180608_142120452131","timing":-0.0525747704,"presses":[3,8,1],"rts":[0.7977364694,0.5195399157,0.6010581598],"will_remap":true,"is_remapped":false,"remapped_from":null,"stim_val":"\u16a2"}