{"index":7,"proposed_prep_time":0.4666666667,"real_prep_time":0.4761323151,"proposed_choice":8,"real_choice":2,"correct":false,"datetime":"180608_135346877303","timing":-0.0256193199,"presses":[2,9,8],"rts":[0.4761323151,0.5552248032,0.578023742],"will_remap":false,"is_remapped":false,"remapped_from":null,"stim_val":"\u16a6"}