{"index":1097,"proposed_prep_time":0.5333333333,"real_prep_time":0.5839957584,"proposed_choice":1,"real_choice":1,"correct":true,"datetime":"180608_144014090840","timing":-0.0510698164,"presses":[1,0],"rts":[0.5839957584,0.6627914785],"will_remap":true,"is_remapped":false,"remapped_from":null,"stim_val":"\u16a2"}