{"index":135,"proposed_prep_time":0.4833333333,"real_prep_time":0.5223941085,"proposed_choice":1,"real_choice":1,"correct":true,"datetime":"180608_135833839452","timing":-0.0553292585,"presses":[0,1],"rts":[0.5078181657,0.5223941085],"will_remap":true,"is_remapped":false,"remapped_from":null,"stim_val":"\u16a2"}