{"index":432,"proposed_prep_time":0.6333333333,"real_prep_time":0.6079459929,"proposed_choice":4,"real_choice":5,"correct":false,"datetime":"180608_141150976297","timing":0.0090869956,"presses":[5,4],"rts":[0.6079459929,0.7524488493],"will_remap":true,"is_remapped":false,"remapped_from":null,"stim_val":"\u16b3"}