{"index":2,"proposed_prep_time":0.4666666667,"real_prep_time":0.5471880204,"proposed_choice":4,"real_choice":4,"correct":true,"datetime":"180608_135336149429","timing":-0.0977222175,"presses":[0,4],"rts":[0.5147376697,0.5471880204],"will_remap":true,"is_remapped":false,"remapped_from":null,"stim_val":"\u16b3"}