{"index":59,"proposed_prep_time":0.2833333333,"real_prep_time":0.4465074188,"proposed_choice":1,"real_choice":2,"correct":false,"datetime":"180608_135538499568","timing":-0.1792627485,"presses":[2,8],"rts":[0.4465074188,0.5279517641],"will_remap":true,"is_remapped":false,"remapped_from":null,"stim_val":"\u16a2"}