{"index":600,"proposed_prep_time":0.6833333333,"real_prep_time":0.627873144,"proposed_choice":9,"real_choice":9,"correct":true,"datetime":"180608_141837490181","timing":0.0391678941,"presses":[6,6,6,6,6,6,6,6,6,6,9],"rts":[40.5300133047,40.8094420908,41.295864221,41.5348686288,41.7948937134,41.96959946,42.1945065074,42.7220142924,43.0552252431,43.4544544674,0.627873144],"will_remap":false,"is_remapped":false,"remapped_from":null,"stim_val":"\u16c7"}