{"index":254,"proposed_prep_time":0.3833333333,"real_prep_time":0.4021344424,"proposed_choice":6,"real_choice":6,"correct":true,"datetime":"180608_140345604436","timing":-0.0350572466,"presses":[6,6],"rts":[0.6945377384,0.4021344424],"will_remap":true,"is_remapped":false,"remapped_from":null,"stim_val":"\u16a3"}