{"index":262,"proposed_prep_time":0.6666666667,"real_prep_time":0.5671659036,"proposed_choice":7,"real_choice":6,"correct":false,"datetime":"180608_140402778630","timing":0.0831364801,"presses":[6,7],"rts":[0.5671659036,0.6166337886],"will_remap":true,"is_remapped":false,"remapped_from":null,"stim_val":"\u16cb"}