{"index":903,"proposed_prep_time":0.2666666667,"real_prep_time":0.4370079098,"proposed_choice":4,"real_choice":6,"correct":false,"datetime":"180608_143310286823","timing":-0.1873285629,"presses":[5,6],"rts":[0.5888285024,0.4370079098],"will_remap":true,"is_remapped":false,"remapped_from":null,"stim_val":"\u16b3"}