{"index":189,"proposed_prep_time":0.4166666667,"real_prep_time":0.5182663352,"proposed_choice":2,"real_choice":6,"correct":false,"datetime":"180608_140029793243","timing":-0.1015702312,"presses":[6,2],"rts":[0.5182663352,0.5501782807],"will_remap":true,"is_remapped":false,"remapped_from":null,"stim_val":"\u16bb"}