{"index":0,"proposed_prep_time":0.6666666667,"real_prep_time":0.5658644644,"proposed_choice":7,"real_choice":7,"correct":true,"datetime":"180608_135331851895","timing":0.0845118181,"presses":[7,2],"rts":[0.5658644644,0.7747788829],"will_remap":true,"is_remapped":false,"remapped_from":null,"stim_val":"\u16cb"}