{"index":492,"proposed_prep_time":0.5666666667,"real_prep_time":0.5996203598,"proposed_choice":2,"real_choice":2,"correct":true,"datetime":"180608_141359706793","timing":-0.049163991,"presses":[1,2],"rts":[0.9868243213,0.5996203598],"will_remap":true,"is_remapped":false,"remapped_from":null,"stim_val":"\u16bb"}