{"index":1096,"proposed_prep_time":0.3833333333,"real_prep_time":0.5516495111,"proposed_choice":9,"real_choice":9,"correct":true,"datetime":"180608_144011942064","timing":-0.1841374271,"presses":[6,9],"rts":[0.7495667979,0.5516495111],"will_remap":false,"is_remapped":false,"remapped_from":null,"stim_val":"\u16c7"}