{"index":617,"proposed_prep_time":0.5666666667,"real_prep_time":0.5570115695,"proposed_choice":9,"real_choice":6,"correct":false,"datetime":"180608_141913937369","timing":-0.0062774939,"presses":[6,9],"rts":[0.5570115695,0.7515198364],"will_remap":false,"is_remapped":false,"remapped_from":null,"stim_val":"\u16c7"}