{"index":539,"proposed_prep_time":0.4333333333,"real_prep_time":0.4435922302,"proposed_choice":4,"real_choice":5,"correct":false,"datetime":"180608_141544334050","timing":-0.0264386577,"presses":[4,5],"rts":[0.7857997678,0.4435922302],"will_remap":true,"is_remapped":false,"remapped_from":null,"stim_val":"\u16b3"}