{"index":581,"proposed_prep_time":0.3833333333,"real_prep_time":0.5841195095,"proposed_choice":6,"real_choice":6,"correct":true,"datetime":"180608_141714368643","timing":-0.2169311724,"presses":[6,3],"rts":[0.5841195095,0.6174264407],"will_remap":true,"is_remapped":false,"remapped_from":null,"stim_val":"\u16a3"}