{"index":906,"proposed_prep_time":0.4166666667,"real_prep_time":0.5427523356,"proposed_choice":8,"real_choice":8,"correct":true,"datetime":"180608_143316699162","timing":-0.1422435779,"presses":[8,8],"rts":[0.7223301216,0.5427523356],"will_remap":false,"is_remapped":false,"remapped_from":null,"stim_val":"\u16a6"}