{"index":1233,"proposed_prep_time":0.3166666667,"real_prep_time":0.4569614533,"proposed_choice":9,"real_choice":7,"correct":false,"datetime":"180608_144634702511","timing":-0.1565558899,"presses":[7,5],"rts":[0.4569614533,0.5539169126],"will_remap":false,"is_remapped":false,"remapped_from":null,"stim_val":"\u16c7"}