{"index":41,"proposed_prep_time":0.4666666667,"real_prep_time":0.4592924898,"proposed_choice":3,"real_choice":2,"correct":false,"datetime":"180608_135459787672","timing":-0.0102073241,"presses":[6,2],"rts":[0.8164137931,0.4592924898],"will_remap":true,"is_remapped":false,"remapped_from":null,"stim_val":"\u16a0"}