{"index":992,"proposed_prep_time":0.6833333333,"real_prep_time":0.569301343,"proposed_choice":9,"real_choice":9,"correct":true,"datetime":"180608_143623115720","timing":0.0967502729,"presses":[9,9],"rts":[0.9894301321,0.569301343],"will_remap":false,"is_remapped":false,"remapped_from":null,"stim_val":"\u16c7"}