{"index":442,"proposed_prep_time":0.5,"real_prep_time":0.5890358295,"proposed_choice":4,"real_choice":0,"correct":false,"datetime":"180608_141212431046","timing":-0.1052730867,"presses":[6,7,0],"rts":[0.8182999709,0.8345647349,0.5890358295],"will_remap":true,"is_remapped":false,"remapped_from":null,"stim_val":"\u16b3"}