{"index":671,"proposed_prep_time":0.2333333333,"real_prep_time":0.4202824516,"proposed_choice":8,"real_choice":2,"correct":false,"datetime":"180608_142109741248","timing":-0.2029962719,"presses":[2,1],"rts":[0.4202824516,0.4690943385],"will_remap":false,"is_remapped":false,"remapped_from":null,"stim_val":"\u16a6"}