{"index":524,"proposed_prep_time":0.6333333333,"real_prep_time":0.6028167742,"proposed_choice":3,"real_choice":6,"correct":false,"datetime":"180608_141512151428","timing":0.0140534611,"presses":[6,3],"rts":[0.6028167742,0.6840590709],"will_remap":true,"is_remapped":false,"remapped_from":null,"stim_val":"\u16a0"}