{"index":973,"proposed_prep_time":0.2666666667,"real_prep_time":0.4989277349,"proposed_choice":1,"real_choice":2,"correct":false,"datetime":"180608_143542371984","timing":-0.2480146894,"presses":[2,1],"rts":[0.4989277349,0.5317613621],"will_remap":true,"is_remapped":false,"remapped_from":null,"stim_val":"\u16a2"}