{"index":105,"proposed_prep_time":0.4666666667,"real_prep_time":0.5849913389,"proposed_choice":3,"real_choice":3,"correct":true,"datetime":"180608_135729457213","timing":-0.1344440336,"presses":[3,6],"rts":[0.5849913389,0.6170745418],"will_remap":true,"is_remapped":false,"remapped_from":null,"stim_val":"\u16a0"}