{"index":735,"proposed_prep_time":0.6333333333,"real_prep_time":0.6146045053,"proposed_choice":1,"real_choice":1,"correct":true,"datetime":"180608_142338078548","timing":0.0189213949,"presses":[1,0],"rts":[0.6146045053,0.6760979463],"will_remap":true,"is_remapped":false,"remapped_from":null,"stim_val":"\u16a2"}