{"index":1200,"proposed_prep_time":0.4166666667,"real_prep_time":0.5199196732,"proposed_choice":3,"real_choice":6,"correct":false,"datetime":"180608_144523906935","timing":-0.119628213,"presses":[6,6,6,5,6,6,7,8,8,9,6,3],"rts":[5.5918615771,5.9321973061,6.1673152846,77.9280642544,79.1287788436,79.5305517099,79.5468196996,80.0593368877,80.5074821023,81.274801903,0.5199196732,0.585559069],"will_remap":true,"is_remapped":false,"remapped_from":null,"stim_val":"\u16a0"}