{"index":1113,"proposed_prep_time":0.5333333333,"real_prep_time":0.7029953335,"proposed_choice":4,"real_choice":9,"correct":false,"datetime":"180608_144056834430","timing":-0.1858796195,"presses":[9,5],"rts":[0.7029953335,0.7520189462],"will_remap":true,"is_remapped":false,"remapped_from":null,"stim_val":"\u16b3"}