{"index":159,"proposed_prep_time":0.2166666667,"real_prep_time":0.4755924437,"proposed_choice":8,"real_choice":8,"correct":true,"datetime":"180608_135925411004","timing":-0.2751874374,"presses":[4,8],"rts":[0.7063336805,0.4755924437],"will_remap":false,"is_remapped":false,"remapped_from":null,"stim_val":"\u16a6"}