{"index":629,"proposed_prep_time":0.6166666667,"real_prep_time":0.4874831052,"proposed_choice":7,"real_choice":7,"correct":true,"datetime":"180608_141939672676","timing":0.1130367374,"presses":[5,7],"rts":[0.9410452158,0.4874831052],"will_remap":true,"is_remapped":false,"remapped_from":null,"stim_val":"\u16cb"}