{"index":1215,"proposed_prep_time":0.5333333333,"real_prep_time":0.5685494525,"proposed_choice":1,"real_choice":8,"correct":false,"datetime":"180608_144556073568","timing":-0.0515369621,"presses":[8,1],"rts":[0.5685494525,0.6664386167],"will_remap":true,"is_remapped":false,"remapped_from":null,"stim_val":"\u16a2"}