{"index":145,"proposed_prep_time":0.3333333333,"real_prep_time":0.5174478772,"proposed_choice":6,"real_choice":3,"correct":false,"datetime":"180608_135855311190","timing":-0.200112461,"presses":[3,6],"rts":[0.5174478772,0.5498319536],"will_remap":true,"is_remapped":false,"remapped_from":null,"stim_val":"\u16a3"}