{"index":862,"proposed_prep_time":0.4333333333,"real_prep_time":0.5687333196,"proposed_choice":2,"real_choice":2,"correct":true,"datetime":"180608_143135603886","timing":-0.1515586332,"presses":[5,2],"rts":[0.7343624224,0.5687333196],"will_remap":true,"is_remapped":false,"remapped_from":null,"stim_val":"\u16bb"}