{"index":748,"proposed_prep_time":0.3166666667,"real_prep_time":0.4270761518,"proposed_choice":7,"real_choice":8,"correct":false,"datetime":"180608_142405946635","timing":-0.1265415588,"presses":[8,6],"rts":[0.4270761518,0.4588666922],"will_remap":true,"is_remapped":false,"remapped_from":null,"stim_val":"\u16cb"}