{"index":663,"proposed_prep_time":0.5333333333,"real_prep_time":0.4858851913,"proposed_choice":8,"real_choice":9,"correct":false,"datetime":"180608_142052600034","timing":0.0311302316,"presses":[9,8],"rts":[0.4858851913,0.6007801597],"will_remap":false,"is_remapped":false,"remapped_from":null,"stim_val":"\u16a6"}