{"index":470,"proposed_prep_time":0.2666666667,"real_prep_time":0.4365545468,"proposed_choice":1,"real_choice":7,"correct":false,"datetime":"180608_141312431785","timing":-0.1698691024,"presses":[7,1],"rts":[0.4365545468,0.5492008818],"will_remap":true,"is_remapped":false,"remapped_from":null,"stim_val":"\u16a2"}