{"index":97,"proposed_prep_time":0.4666666667,"real_prep_time":0.6082272187,"proposed_choice":5,"real_choice":5,"correct":true,"datetime":"180608_135700073002","timing":-0.1410940417,"presses":[8,5],"rts":[0.805153617,0.6082272187],"will_remap":false,"is_remapped":false,"remapped_from":null,"stim_val":"\u16ac"}