{"index":648,"proposed_prep_time":0.4666666667,"real_prep_time":0.5365043719,"proposed_choice":8,"real_choice":8,"correct":true,"datetime":"180608_142020434400","timing":-0.0859922565,"presses":[8,9],"rts":[0.5365043719,0.5687814125],"will_remap":false,"is_remapped":false,"remapped_from":null,"stim_val":"\u16a6"}