{"index":1119,"proposed_prep_time":0.6333333333,"real_prep_time":0.7564792639,"proposed_choice":3,"real_choice":3,"correct":true,"datetime":"180608_144109712078","timing":-0.1404389234,"presses":[3,2],"rts":[0.7564792639,0.8351494734],"will_remap":true,"is_remapped":false,"remapped_from":null,"stim_val":"\u16a0"}