{"index":1029,"proposed_prep_time":0.6666666667,"real_prep_time":0.5986274186,"proposed_choice":0,"real_choice":0,"correct":true,"datetime":"180608_143746803935","timing":0.0683021849,"presses":[0,0],"rts":[0.9688856918,0.5986274186],"will_remap":false,"is_remapped":false,"remapped_from":null,"stim_val":"\u16bc"}