{"index":300,"proposed_prep_time":0.2333333333,"real_prep_time":0.2881576366,"proposed_choice":5,"real_choice":6,"correct":false,"datetime":"180608_140536544091","timing":-0.0709603114,"presses":[6,6,6,6,6,6,6,6,6,6,6,3],"rts":[5.0475482769,5.5131426882,5.7542532106,5.9579565939,6.1660669235,6.3578441622,6.5980939986,6.9182577137,7.2724034192,8.0059834531,0.2881576366,0.449532869],"will_remap":false,"is_remapped":false,"remapped_from":null,"stim_val":"\u16ac"}