{"index":1128,"proposed_prep_time":0.6666666667,"real_prep_time":0.6365465704,"proposed_choice":3,"real_choice":6,"correct":false,"datetime":"180608_144129017054","timing":0.0137182774,"presses":[5,6],"rts":[0.9925371055,0.6365465704],"will_remap":true,"is_remapped":false,"remapped_from":null,"stim_val":"\u16a0"}