{"index":972,"proposed_prep_time":0.2666666667,"real_prep_time":0.4699236467,"proposed_choice":8,"real_choice":2,"correct":false,"datetime":"180608_143540273185","timing":-0.2192674874,"presses":[2,1],"rts":[0.4699236467,0.5183463922],"will_remap":false,"is_remapped":false,"remapped_from":null,"stim_val":"\u16a6"}