{"index":5,"proposed_prep_time":0.4333333333,"real_prep_time":0.5150690411,"proposed_choice":9,"real_choice":9,"correct":true,"datetime":"180608_135342595748","timing":-0.0986254245,"presses":[5,9],"rts":[0.7908723895,0.5150690411],"will_remap":false,"is_remapped":false,"remapped_from":null,"stim_val":"\u16c7"}