{"index":1111,"proposed_prep_time":0.4333333333,"real_prep_time":0.4689975663,"proposed_choice":7,"real_choice":7,"correct":true,"datetime":"180608_144052569865","timing":-0.0519005909,"presses":[4,7],"rts":[2.6067776888,0.4689975663],"will_remap":true,"is_remapped":false,"remapped_from":null,"stim_val":"\u16cb"}