{"index":222,"proposed_prep_time":0.6666666667,"real_prep_time":0.6000018768,"proposed_choice":2,"real_choice":7,"correct":false,"datetime":"180608_140236924652","timing":0.0503371631,"presses":[7,2],"rts":[0.6000018768,0.644807982],"will_remap":true,"is_remapped":false,"remapped_from":null,"stim_val":"\u16bb"}