{"index":400,"proposed_prep_time":0.35,"real_prep_time":0.414062933,"proposed_choice":9,"real_choice":5,"correct":false,"datetime":"180608_141042312501","timing":-0.0801524953,"presses":[6,6,6,6,6,6,6,6,6,6,5,9],"rts":[87.0982296263,87.6554294617,88.1207241726,88.3748660952,88.6329530969,88.8389015947,89.1947850939,89.4019118664,89.7036181945,90.0708425133,0.414062933,0.5604613511],"will_remap":false,"is_remapped":false,"remapped_from":null,"stim_val":"\u16c7"}