{"index":1045,"proposed_prep_time":0.5166666667,"real_prep_time":0.5199607281,"proposed_choice":6,"real_choice":3,"correct":false,"datetime":"180608_143822551525","timing":-0.0195379216,"presses":[3,6],"rts":[0.5199607281,0.6358638867],"will_remap":true,"is_remapped":false,"remapped_from":null,"stim_val":"\u16a3"}