{"index":609,"proposed_prep_time":0.3166666667,"real_prep_time":0.5049927113,"proposed_choice":8,"real_choice":8,"correct":true,"datetime":"180608_141856779167","timing":-0.2044499073,"presses":[8,7],"rts":[0.5049927113,0.5531629693],"will_remap":false,"is_remapped":false,"remapped_from":null,"stim_val":"\u16a6"}