{"index":82,"proposed_prep_time":0.6833333333,"real_prep_time":0.6728068125,"proposed_choice":6,"real_choice":5,"correct":false,"datetime":"180608_135627840395","timing":-0.0057273588,"presses":[5,6],"rts":[0.6728068125,0.7444041488],"will_remap":true,"is_remapped":false,"remapped_from":null,"stim_val":"\u16a3"}