{"index":455,"proposed_prep_time":0.3333333333,"real_prep_time":0.4950216579,"proposed_choice":5,"real_choice":5,"correct":true,"datetime":"180608_141240316123","timing":-0.1778595519,"presses":[3,5],"rts":[0.6379268936,0.4950216579],"will_remap":false,"is_remapped":false,"remapped_from":null,"stim_val":"\u16ac"}