{"index":904,"proposed_prep_time":0.6166666667,"real_prep_time":0.5432144961,"proposed_choice":3,"real_choice":3,"correct":true,"datetime":"180608_143312434615","timing":0.0570440615,"presses":[5,3],"rts":[0.9175653527,0.5432144961],"will_remap":true,"is_remapped":false,"remapped_from":null,"stim_val":"\u16a0"}