{"index":1,"proposed_prep_time":0.3666666667,"real_prep_time":0.3750473231,"proposed_choice":6,"real_choice":1,"correct":false,"datetime":"180608_135334000656","timing":-0.0245932416,"presses":[1,6],"rts":[0.3750473231,0.4377278362],"will_remap":true,"is_remapped":false,"remapped_from":null,"stim_val":"\u16a3"}