{"index":743,"proposed_prep_time":0.3666666667,"real_prep_time":0.4863672926,"proposed_choice":2,"real_choice":2,"correct":true,"datetime":"180608_142355201772","timing":-0.1359155572,"presses":[3,2],"rts":[0.6842341406,0.4863672926],"will_remap":true,"is_remapped":false,"remapped_from":null,"stim_val":"\u16bb"}