{"index":266,"proposed_prep_time":0.2666666667,"real_prep_time":0.5180546094,"proposed_choice":0,"real_choice":0,"correct":true,"datetime":"180608_140411356733","timing":-0.267487891,"presses":[5,0],"rts":[0.6194504454,0.5180546094],"will_remap":false,"is_remapped":false,"remapped_from":null,"stim_val":"\u16bc"}