{"index":749,"proposed_prep_time":0.5833333333,"real_prep_time":0.5824649985,"proposed_choice":1,"real_choice":8,"correct":false,"datetime":"180608_142408095408","timing":-0.0154723171,"presses":[8,1],"rts":[0.5824649985,0.7849047718],"will_remap":true,"is_remapped":false,"remapped_from":null,"stim_val":"\u16a2"}