{"index":394,"proposed_prep_time":0.3666666667,"real_prep_time":0.5136095407,"proposed_choice":0,"real_choice":0,"correct":true,"datetime":"180608_140900117853","timing":-0.1630859592,"presses":[9,0],"rts":[0.6779650629,0.5136095407],"will_remap":false,"is_remapped":false,"remapped_from":null,"stim_val":"\u16bc"}