{"index":514,"proposed_prep_time":0.2666666667,"real_prep_time":0.5069360726,"proposed_choice":2,"real_choice":2,"correct":true,"datetime":"180608_141450695677","timing":-0.2565975019,"presses":[2,7],"rts":[0.5069360726,0.5555444447],"will_remap":true,"is_remapped":false,"remapped_from":null,"stim_val":"\u16bb"}