{"index":700,"proposed_prep_time":0.2333333333,"real_prep_time":0.4247638832,"proposed_choice":1,"real_choice":8,"correct":false,"datetime":"180608_142222985425","timing":-0.2084753367,"presses":[6,6,6,6,6,6,6,6,6,6,8],"rts":[7.8371262651,8.3821545065,8.6922621259,8.9286671744,9.1811715944,9.8531666936,10.6716165147,11.0080309178,11.2615007136,11.6132068804,0.4247638832],"will_remap":true,"is_remapped":false,"remapped_from":null,"stim_val":"\u16a2"}