{"index":306,"proposed_prep_time":0.4166666667,"real_prep_time":0.4562550164,"proposed_choice":9,"real_choice":7,"correct":false,"datetime":"180608_140549471709","timing":-0.0556623894,"presses":[7,9],"rts":[0.4562550164,0.6992036236],"will_remap":false,"is_remapped":false,"remapped_from":null,"stim_val":"\u16c7"}