{"index":301,"proposed_prep_time":0.2166666667,"real_prep_time":0.3495194088,"proposed_choice":8,"real_choice":6,"correct":false,"datetime":"180608_140538692864","timing":-0.1490146979,"presses":[5,6,8],"rts":[0.607011115,0.3495194088,0.4581309304],"will_remap":false,"is_remapped":false,"remapped_from":null,"stim_val":"\u16a6"}