{"index":856,"proposed_prep_time":0.3166666667,"real_prep_time":0.4313948302,"proposed_choice":7,"real_choice":7,"correct":true,"datetime":"180608_143122761219","timing":-0.1309015853,"presses":[7,2],"rts":[0.4313948302,0.4818606416],"will_remap":true,"is_remapped":false,"remapped_from":null,"stim_val":"\u16cb"}