{"index":192,"proposed_prep_time":0.35,"real_prep_time":0.4845858048,"proposed_choice":1,"real_choice":2,"correct":false,"datetime":"180608_140036222572","timing":-0.1516598041,"presses":[3,2,1],"rts":[0.6334343185,0.4845858048,0.5164822081],"will_remap":true,"is_remapped":false,"remapped_from":null,"stim_val":"\u16a2"}