{"index":1156,"proposed_prep_time":0.2166666667,"real_prep_time":0.2352385038,"proposed_choice":7,"real_choice":6,"correct":false,"datetime":"180608_144229018794","timing":-0.0348173689,"presses":[8,6],"rts":[0.5588939351,0.2352385038],"will_remap":true,"is_remapped":false,"remapped_from":null,"stim_val":"\u16cb"}