{"index":964,"proposed_prep_time":0.2833333333,"real_prep_time":0.4322904127,"proposed_choice":2,"real_choice":6,"correct":false,"datetime":"180608_143523081010","timing":-0.1650782931,"presses":[6,7],"rts":[0.4322904127,0.5237448135],"will_remap":true,"is_remapped":false,"remapped_from":null,"stim_val":"\u16bb"}