{"index":656,"proposed_prep_time":0.5833333333,"real_prep_time":0.6669896316,"proposed_choice":4,"real_choice":5,"correct":false,"datetime":"180608_142037591617","timing":-0.0999421127,"presses":[5,4],"rts":[0.6669896316,0.7276766378],"will_remap":true,"is_remapped":false,"remapped_from":null,"stim_val":"\u16b3"}