{"index":156,"proposed_prep_time":0.2833333333,"real_prep_time":0.4501492784,"proposed_choice":2,"real_choice":5,"correct":false,"datetime":"180608_135918914713","timing":-0.1829905301,"presses":[5,3,6],"rts":[0.4501492784,0.5289103951,0.5468657397],"will_remap":true,"is_remapped":false,"remapped_from":null,"stim_val":"\u16bb"}