{"index":1234,"proposed_prep_time":0.2666666667,"real_prep_time":0.4525762074,"proposed_choice":9,"real_choice":9,"correct":true,"datetime":"180608_144636835295","timing":-0.2018737147,"presses":[9,8],"rts":[0.4525762074,0.47030663],"will_remap":false,"is_remapped":false,"remapped_from":null,"stim_val":"\u16c7"}