{"index":792,"proposed_prep_time":0.5166666667,"real_prep_time":0.6000109675,"proposed_choice":5,"real_choice":5,"correct":true,"datetime":"180608_142540328744","timing":-0.0836735364,"presses":[2,5],"rts":[0.8763644511,0.6000109675],"will_remap":false,"is_remapped":false,"remapped_from":null,"stim_val":"\u16ac"}