{"index":1230,"proposed_prep_time":0.2666666667,"real_prep_time":0.4219105702,"proposed_choice":7,"real_choice":6,"correct":false,"datetime":"180608_144628256192","timing":-0.1714057273,"presses":[6,7],"rts":[0.4219105702,0.4702981258],"will_remap":true,"is_remapped":false,"remapped_from":null,"stim_val":"\u16cb"}