{"index":798,"proposed_prep_time":0.2833333333,"real_prep_time":0.4513645024,"proposed_choice":1,"real_choice":1,"correct":true,"datetime":"180608_142553138430","timing":-0.1840893342,"presses":[4,1],"rts":[0.5885871584,0.4513645024],"will_remap":true,"is_remapped":false,"remapped_from":null,"stim_val":"\u16a2"}