{"index":582,"proposed_prep_time":0.4166666667,"real_prep_time":0.4843365431,"proposed_choice":7,"real_choice":2,"correct":false,"datetime":"180608_141716500425","timing":-0.084025142,"presses":[2,7],"rts":[0.4843365431,0.5975371187],"will_remap":true,"is_remapped":false,"remapped_from":null,"stim_val":"\u16cb"}