{"index":212,"proposed_prep_time":0.4166666667,"real_prep_time":0.5561881263,"proposed_choice":1,"real_choice":2,"correct":false,"datetime":"180608_140215419933","timing":-0.1390553745,"presses":[2,1],"rts":[0.5561881263,0.5930477694],"will_remap":true,"is_remapped":false,"remapped_from":null,"stim_val":"\u16a2"}