{"index":108,"proposed_prep_time":0.5666666667,"real_prep_time":0.4936982251,"proposed_choice":3,"real_choice":3,"correct":true,"datetime":"180608_135735886545","timing":0.0569874645,"presses":[1,3],"rts":[0.8998393289,0.4936982251],"will_remap":true,"is_remapped":false,"remapped_from":null,"stim_val":"\u16a0"}