{"index":1192,"proposed_prep_time":0.4166666667,"real_prep_time":0.5520210576,"proposed_choice":6,"real_choice":3,"correct":false,"datetime":"180608_144346260689","timing":-0.1515844391,"presses":[3,6],"rts":[0.5520210576,0.6543104234],"will_remap":true,"is_remapped":false,"remapped_from":null,"stim_val":"\u16a3"}