{"index":12,"proposed_prep_time":0.6666666667,"real_prep_time":0.5867540588,"proposed_choice":8,"real_choice":8,"correct":true,"datetime":"180608_135357605178","timing":0.0636981752,"presses":[8,9],"rts":[0.5867540588,0.6039792133],"will_remap":false,"is_remapped":false,"remapped_from":null,"stim_val":"\u16a6"}