{"index":634,"proposed_prep_time":0.2166666667,"real_prep_time":0.5173414278,"proposed_choice":1,"real_choice":1,"correct":true,"datetime":"180608_141950384558","timing":-0.3167853983,"presses":[0,1],"rts":[0.4679104922,0.5173414278],"will_remap":true,"is_remapped":false,"remapped_from":null,"stim_val":"\u16a2"}