{"index":305,"proposed_prep_time":0.2666666667,"real_prep_time":-0.4891147428,"proposed_choice":0,"real_choice":7,"correct":false,"datetime":"180608_140547338928","timing":0.7396975899,"presses":[7,7,7,0],"rts":[0.7998569531,0.9441466175,-0.4891147428,0.4708538327],"will_remap":false,"is_remapped":false,"remapped_from":null,"stim_val":"\u16bc"}