{"index":8,"proposed_prep_time":0.5166666667,"real_prep_time":0.4722517508,"proposed_choice":6,"real_choice":5,"correct":false,"datetime":"180608_135349026076","timing":0.0282006738,"presses":[5,6],"rts":[0.4722517508,0.508906706],"will_remap":true,"is_remapped":false,"remapped_from":null,"stim_val":"\u16a3"}