{"index":837,"proposed_prep_time":0.4333333333,"real_prep_time":0.523674727,"proposed_choice":7,"real_choice":7,"correct":true,"datetime":"180608_143041982503","timing":-0.1065246735,"presses":[2,7],"rts":[0.7696807486,0.523674727],"will_remap":true,"is_remapped":false,"remapped_from":null,"stim_val":"\u16cb"}