{"index":584,"proposed_prep_time":0.4166666667,"real_prep_time":0.5384747121,"proposed_choice":6,"real_choice":6,"correct":true,"datetime":"180608_141720798970","timing":-0.137940735,"presses":[6,3],"rts":[0.5384747121,0.572540865],"will_remap":true,"is_remapped":false,"remapped_from":null,"stim_val":"\u16a3"}