{"index":147,"proposed_prep_time":0.4333333333,"real_prep_time":0.5804703186,"proposed_choice":6,"real_choice":3,"correct":false,"datetime":"180608_135859607754","timing":-0.1634789129,"presses":[3,6],"rts":[0.5804703186,0.654901027],"will_remap":true,"is_remapped":false,"remapped_from":null,"stim_val":"\u16a3"}