{"index":900,"proposed_prep_time":0.4,"real_prep_time":0.4778662966,"proposed_choice":1,"real_choice":1,"correct":true,"datetime":"180608_143303839506","timing":-0.0940797714,"presses":[6,6,6,6,6,6,6,6,6,6,1],"rts":[3.3510375591,3.5719880906,3.7661066295,3.9546777765,4.1499130077,4.2927921442,4.4595842726,4.7540787274,5.0425674422,5.3819178545,0.4778662966],"will_remap":true,"is_remapped":false,"remapped_from":null,"stim_val":"\u16a2"}