{"index":1100,"proposed_prep_time":0.5833333333,"real_prep_time":0.5525676738,"proposed_choice":2,"real_choice":2,"correct":true,"datetime":"180608_144027117398","timing":0.0144763262,"presses":[6,6,6,6,6,6,6,6,6,6,2],"rts":[4.4961043333,4.7670027985,5.0071294703,5.2493253073,5.4375513002,5.7289918597,6.0172999331,6.2697281083,6.5742062262,7.598119218,0.5525676738],"will_remap":true,"is_remapped":false,"remapped_from":null,"stim_val":"\u16bb"}