{"index":26,"proposed_prep_time":0.4833333333,"real_prep_time":0.4765290948,"proposed_choice":8,"real_choice":8,"correct":true,"datetime":"180523_124852084387","timing":-0.0090831193,"presses":[8,7],"rts":[0.4765290948,0.5117849383],"will_remap":true,"is_remapped":false,"remapped_from":null,"stim_val":"8"}