{"index":558,"real_prep_time":0.5721771938,"proposed_choice":5,"real_choice":4,"correct":false,"datetime":"180601_144512616287","presses":[4,5,5,5],"rts":[0.5721771938,0.8465713197,1.3313805892,2.1231762486],"will_remap":false,"is_remapped":false,"remapped_from":null,"stim_val":"\u16ac"}