{"index":804,"real_prep_time":0.725433737,"proposed_choice":6,"real_choice":4,"correct":false,"datetime":"180601_145348820865","presses":[4,6,6],"rts":[0.725433737,1.6872791286,2.333291692],"will_remap":true,"is_remapped":false,"remapped_from":null,"stim_val":"\u16a3"}