{"index":890,"real_prep_time":0.4186302866,"proposed_choice":0,"real_choice":7,"correct":false,"datetime":"180611_121859888934","presses":[7,0,0],"rts":[0.4186302866,1.4252483306,1.7177548503],"will_remap":false,"is_remapped":false,"remapped_from":null,"stim_val":"\u16a6"}