{"index":810,"real_prep_time":1.1529255549,"proposed_choice":0,"real_choice":9,"correct":false,"datetime":"180611_121637183416","presses":[9,0,0],"rts":[1.1529255549,2.1305295402,2.4342804006],"will_remap":false,"is_remapped":false,"remapped_from":null,"stim_val":"\u16a6"}