{"index":146,"real_prep_time":0.8500171991,"proposed_choice":4,"real_choice":5,"correct":false,"datetime":"180611_115738046850","presses":[5,4,4],"rts":[0.8500171991,1.8084180653,2.1157368865],"will_remap":true,"is_remapped":false,"remapped_from":null,"stim_val":"\u16a3"}