{"index":284,"real_prep_time":0.5931606703,"proposed_choice":6,"real_choice":3,"correct":false,"datetime":"180611_120119477417","presses":[3,6,6],"rts":[0.5931606703,1.5759613216,1.8731545472],"will_remap":false,"is_remapped":false,"remapped_from":null,"stim_val":"\u16a0"}