{"index":731,"real_prep_time":1.5224973322,"proposed_choice":9,"real_choice":9,"correct":true,"datetime":"180611_121427636399","presses":[0,9,9],"rts":[0.5347055824,1.5224973322,1.8264786862],"will_remap":false,"is_remapped":false,"remapped_from":null,"stim_val":"\u16bb"}