{"index":136,"real_prep_time":0.9528669638,"proposed_choice":8,"real_choice":1,"correct":false,"datetime":"180611_115720174056","presses":[1,8,8],"rts":[0.9528669638,1.9281082418,2.1844008527],"will_remap":true,"is_remapped":false,"remapped_from":null,"stim_val":"\u16ac"}