{"index":303,"real_prep_time":0.5522280914,"proposed_choice":6,"real_choice":3,"correct":false,"datetime":"180611_120220777431","presses":[3,6,6],"rts":[0.5522280914,1.5000661276,1.7524576468],"will_remap":false,"is_remapped":false,"remapped_from":null,"stim_val":"\u16a0"}