{"index":502,"real_prep_time":0.7174821286,"proposed_choice":3,"real_choice":6,"correct":false,"datetime":"180611_120748718164","presses":[6,3,3],"rts":[0.7174821286,1.0678496137,1.867484284],"will_remap":true,"is_remapped":false,"remapped_from":null,"stim_val":"\u16c7"}