{"index":966,"real_prep_time":0.7184451584,"proposed_choice":0,"real_choice":9,"correct":false,"datetime":"180611_122119414267","presses":[9,0,0],"rts":[0.7184451584,1.7032885826,1.9799684522],"will_remap":false,"is_remapped":false,"remapped_from":null,"stim_val":"\u16a6"}