{"index":155,"real_prep_time":1.8594568853,"proposed_choice":4,"real_choice":5,"correct":false,"datetime":"180611_115753638949","presses":[5,4,4],"rts":[1.8594568853,2.8173193462,3.1270994064],"will_remap":true,"is_remapped":false,"remapped_from":null,"stim_val":"\u16a3"}