{"index":512,"real_prep_time":1.0851023336,"proposed_choice":4,"real_choice":5,"correct":false,"datetime":"180611_120806640932","presses":[5,4,4],"rts":[1.0851023336,2.0975264151,2.3966178417],"will_remap":true,"is_remapped":false,"remapped_from":null,"stim_val":"\u16a3"}