{"index":689,"real_prep_time":0.6188680529,"proposed_choice":5,"real_choice":4,"correct":false,"datetime":"180611_121310877215","presses":[4,5,5],"rts":[0.6188680529,1.6104644156,1.8673197714],"will_remap":false,"is_remapped":false,"remapped_from":null,"stim_val":"\u16b3"}