{"index":545,"real_prep_time":0.6510213424,"proposed_choice":0,"real_choice":9,"correct":false,"datetime":"180611_120900596122","presses":[9,0,0],"rts":[0.6510213424,1.6562103839,1.977544749],"will_remap":false,"is_remapped":false,"remapped_from":null,"stim_val":"\u16a6"}