{"index":668,"real_prep_time":1.0033547689,"proposed_choice":5,"real_choice":9,"correct":false,"datetime":"180611_121236412894","presses":[9,5,5],"rts":[1.0033547689,1.9830123772,2.2840093359],"will_remap":false,"is_remapped":false,"remapped_from":null,"stim_val":"\u16b3"}