{"index":847,"real_prep_time":0.5515571377,"proposed_choice":9,"real_choice":6,"correct":false,"datetime":"180611_121741297822","presses":[6,9,9],"rts":[0.5515571377,1.5401435923,1.8145557673],"will_remap":false,"is_remapped":false,"remapped_from":null,"stim_val":"\u16bb"}