{"index":763,"real_prep_time":0.7204591928,"proposed_choice":4,"real_choice":5,"correct":false,"datetime":"180607_150350214272","presses":[5,4,4],"rts":[0.7204591928,1.7002645986,2.1608476774],"will_remap":true,"is_remapped":false,"remapped_from":null,"stim_val":"\u16b3"}