{"index":898,"real_prep_time":0.6176120673,"proposed_choice":2,"real_choice":7,"correct":false,"datetime":"180607_150722966790","presses":[7,2,2],"rts":[0.6176120673,0.7473844386,1.9296961852],"will_remap":true,"is_remapped":false,"remapped_from":null,"stim_val":"\u16bb"}