{"index":237,"real_prep_time":1.3133612174,"proposed_choice":6,"real_choice":4,"correct":false,"datetime":"180607_144250110773","presses":[4,6,6],"rts":[1.3133612174,2.2269243074,2.7839135901],"will_remap":true,"is_remapped":false,"remapped_from":null,"stim_val":"\u16a3"}