{"index":247,"real_prep_time":0.6329029513,"proposed_choice":8,"real_choice":7,"correct":false,"datetime":"180607_144306301532","presses":[7,8,8],"rts":[0.6329029513,0.634130785,1.7514564946],"will_remap":false,"is_remapped":false,"remapped_from":null,"stim_val":"\u16a6"}