{"index":992,"real_prep_time":2.0340626339,"proposed_choice":2,"real_choice":9,"correct":false,"datetime":"180607_150958133191","presses":[9,7,2],"rts":[2.0340626339,3.0240370362,3.7161856747],"will_remap":true,"is_remapped":false,"remapped_from":null,"stim_val":"\u16bb"}