{"index":796,"real_prep_time":0.6340170043,"proposed_choice":4,"real_choice":4,"correct":true,"datetime":"180607_150442469449","presses":[0,4,4],"rts":[0.551075916,0.6340170043,1.8656368152],"will_remap":true,"is_remapped":false,"remapped_from":null,"stim_val":"\u16b3"}