{"index":7,"real_prep_time":0.808118184,"proposed_choice":1,"real_choice":1,"correct":true,"datetime":"180529_130239222914","presses":[0,1,1],"rts":[0.4439960669,0.808118184,2.2824276782],"will_remap":true,"is_remapped":false,"remapped_from":null,"stim_val":"1"}