{"index":494,"proposed_prep_time":0.4666666667,"real_prep_time":0.5419235893,"proposed_choice":8,"real_choice":8,"correct":true,"datetime":"180601_161959397545","timing":-0.0757321324,"presses":[8,3],"rts":[0.5419235893,0.6220966531],"will_remap":true,"is_remapped":false,"remapped_from":null,"stim_val":"\u16a6"}