{"index":5,"proposed_prep_time":0.3833333333,"real_prep_time":0.4683981838,"proposed_choice":1,"real_choice":4,"correct":false,"datetime":"180601_155915384114","timing":-0.0855589015,"presses":[4,0],"rts":[0.4683981838,0.5649503691],"will_remap":false,"is_remapped":false,"remapped_from":null,"stim_val":"\u16cb"}