{"index":1007,"proposed_prep_time":0.4333333333,"real_prep_time":0.5689021907,"proposed_choice":1,"real_choice":1,"correct":true,"datetime":"180601_164459937294","timing":-0.1521847479,"presses":[0,1],"rts":[0.5640999475,0.5689021907],"will_remap":false,"is_remapped":false,"remapped_from":null,"stim_val":"\u16cb"}