{"index":740,"proposed_prep_time":0.5333333333,"real_prep_time":0.5449463985,"proposed_choice":2,"real_choice":2,"correct":true,"datetime":"180601_163116766045","timing":-0.0283481027,"presses":[6,3,2],"rts":[1.4675193171,1.4964755886,0.5449463985],"will_remap":true,"is_remapped":false,"remapped_from":null,"stim_val":"\u16a2"}