{"index":326,"proposed_prep_time":0.4333333333,"real_prep_time":0.5591543055,"proposed_choice":4,"real_choice":3,"correct":false,"datetime":"180601_161158339817","timing":-0.1252662626,"presses":[3,1],"rts":[0.5591543055,0.6058260336],"will_remap":false,"is_remapped":false,"remapped_from":null,"stim_val":"\u16c7"}