{"index":29,"proposed_prep_time":0.3333333333,"real_prep_time":0.3645221085,"proposed_choice":9,"real_choice":2,"correct":false,"datetime":"180601_160006674189","timing":-0.0473896307,"presses":[2,0],"rts":[0.3645221085,0.459132693],"will_remap":true,"is_remapped":false,"remapped_from":null,"stim_val":"\u16bc"}