{"index":409,"proposed_prep_time":0.2333333333,"real_prep_time":0.4386231614,"proposed_choice":5,"real_choice":3,"correct":false,"datetime":"180601_161657812706","timing":-0.2219181525,"presses":[3,6],"rts":[0.4386231614,0.4531102413],"will_remap":false,"is_remapped":false,"remapped_from":null,"stim_val":"\u16b3"}