{"index":1047,"proposed_prep_time":0.5666666667,"real_prep_time":0.7267671396,"proposed_choice":6,"real_choice":7,"correct":false,"datetime":"180601_164625524810","timing":-0.1594227162,"presses":[7,6],"rts":[0.7267671396,0.8219929603],"will_remap":true,"is_remapped":false,"remapped_from":null,"stim_val":"\u16bb"}