{"index":383,"proposed_prep_time":0.4166666667,"real_prep_time":0.488616226,"proposed_choice":2,"real_choice":8,"correct":false,"datetime":"180601_161405738506","timing":-0.087803135,"presses":[8,2],"rts":[0.488616226,0.5032499303],"will_remap":true,"is_remapped":false,"remapped_from":null,"stim_val":"\u16a2"}