{"index":174,"proposed_prep_time":0.4333333333,"real_prep_time":0.5841350023,"proposed_choice":4,"real_choice":3,"correct":false,"datetime":"180601_160535596697","timing":-0.1672354521,"presses":[3,1,0],"rts":[0.5841350023,0.6152806699,0.6312706502],"will_remap":false,"is_remapped":false,"remapped_from":null,"stim_val":"\u16c7"}