{"index":761,"proposed_prep_time":0.3166666667,"real_prep_time":0.3881735083,"proposed_choice":0,"real_choice":3,"correct":false,"datetime":"180601_163201673519","timing":-0.0710697689,"presses":[3,1],"rts":[0.3881735083,0.4528252034],"will_remap":false,"is_remapped":false,"remapped_from":null,"stim_val":"\u16ac"}