{"index":418,"proposed_prep_time":0.5666666667,"real_prep_time":0.608591077,"proposed_choice":4,"real_choice":5,"correct":false,"datetime":"180601_161717067093","timing":-0.0418498666,"presses":[5,4],"rts":[0.608591077,0.7002565634],"will_remap":false,"is_remapped":false,"remapped_from":null,"stim_val":"\u16c7"}