{"index":90,"proposed_prep_time":0.5666666667,"real_prep_time":0.5188038496,"proposed_choice":8,"real_choice":8,"correct":true,"datetime":"180601_160217087449","timing":0.031600174,"presses":[0,8],"rts":[0.4704230671,0.5188038496],"will_remap":true,"is_remapped":false,"remapped_from":null,"stim_val":"\u16a6"}