{"index":1156,"proposed_prep_time":0.4666666667,"real_prep_time":0.6043820763,"proposed_choice":9,"real_choice":8,"correct":false,"datetime":"180601_165057597443","timing":-0.1546187135,"presses":[0,8],"rts":[0.5712563925,0.6043820763],"will_remap":true,"is_remapped":false,"remapped_from":null,"stim_val":"\u16bc"}