{"index":1167,"proposed_prep_time":0.4166666667,"real_prep_time":0.363089881,"proposed_choice":6,"real_choice":7,"correct":false,"datetime":"180601_165121131407","timing":0.0529592476,"presses":[7,2],"rts":[0.363089881,0.4571025312],"will_remap":true,"is_remapped":false,"remapped_from":null,"stim_val":"\u16bb"}