{"index":285,"proposed_prep_time":0.3833333333,"real_prep_time":0.4833345211,"proposed_choice":0,"real_choice":7,"correct":false,"datetime":"180601_161013612907","timing":-0.0999031693,"presses":[7,0],"rts":[0.4833345211,0.517114443],"will_remap":false,"is_remapped":false,"remapped_from":null,"stim_val":"\u16ac"}