{"index":916,"proposed_prep_time":0.2666666667,"real_prep_time":0.2354193004,"proposed_choice":0,"real_choice":1,"correct":false,"datetime":"180601_164128933988","timing":0.014369751,"presses":[1,8],"rts":[0.2354193004,0.2849041648],"will_remap":false,"is_remapped":false,"remapped_from":null,"stim_val":"\u16ac"}