{"index":157,"proposed_prep_time":0.2166666667,"real_prep_time":0.1919061557,"proposed_choice":3,"real_choice":2,"correct":false,"datetime":"180601_160458616493","timing":0.0248393216,"presses":[2,7],"rts":[0.1919061557,0.2398112885],"will_remap":true,"is_remapped":false,"remapped_from":null,"stim_val":"\u16a3"}