{"index":814,"proposed_prep_time":0.5166666667,"real_prep_time":0.5166493503,"proposed_choice":3,"real_choice":3,"correct":true,"datetime":"180601_163744455416","timing":-0.0001660082,"presses":[3,8],"rts":[0.5166493503,0.5480592351],"will_remap":true,"is_remapped":false,"remapped_from":null,"stim_val":"\u16a3"}