{"index":395,"proposed_prep_time":0.5333333333,"real_prep_time":0.5836009962,"proposed_choice":5,"real_choice":3,"correct":false,"datetime":"180601_161431439931","timing":-0.0659511101,"presses":[3,4],"rts":[0.5836009962,0.6608937697],"will_remap":false,"is_remapped":false,"remapped_from":null,"stim_val":"\u16b3"}