{"index":800,"proposed_prep_time":0.2166666667,"real_prep_time":0.2577701416,"proposed_choice":2,"real_choice":2,"correct":true,"datetime":"180601_163714505343","timing":-0.0562211131,"presses":[1,7,3,6,3,9,0,8,3,6,2],"rts":[227.8490445807,228.0912783979,228.5057141007,228.6170542391,228.8617378573,229.1614246969,229.3365045266,229.5627838466,229.8802010984,230.0607960593,0.2577701416],"will_remap":true,"is_remapped":false,"remapped_from":null,"stim_val":"\u16a2"}