{"index":1050,"proposed_prep_time":0.3333333333,"real_prep_time":0.3696803558,"proposed_choice":6,"real_choice":3,"correct":false,"datetime":"180601_164631970048","timing":-0.0352696556,"presses":[3,6],"rts":[0.3696803558,0.4638413899],"will_remap":true,"is_remapped":false,"remapped_from":null,"stim_val":"\u16bb"}