{"index":199,"proposed_prep_time":0.5833333333,"real_prep_time":0.617373587,"proposed_choice":4,"real_choice":5,"correct":false,"datetime":"180601_160629117693","timing":-0.0346855037,"presses":[5,4],"rts":[0.617373587,0.6665795718],"will_remap":false,"is_remapped":false,"remapped_from":null,"stim_val":"\u16c7"}