{"index":804,"proposed_prep_time":0.2666666667,"real_prep_time":0.3534129622,"proposed_choice":5,"real_choice":1,"correct":false,"datetime":"180601_163723033690","timing":-0.102917181,"presses":[1,8],"rts":[0.3534129622,0.3902585077],"will_remap":false,"is_remapped":false,"remapped_from":null,"stim_val":"\u16b3"}