{"index":71,"proposed_prep_time":0.2166666667,"real_prep_time":0.2529450249,"proposed_choice":5,"real_choice":1,"correct":false,"datetime":"180601_160136458356","timing":-0.0523299941,"presses":[1,2],"rts":[0.2529450249,0.2854405169],"will_remap":false,"is_remapped":false,"remapped_from":null,"stim_val":"\u16b3"}