{"index":621,"proposed_prep_time":0.6333333333,"real_prep_time":0.701216367,"proposed_choice":9,"real_choice":9,"correct":true,"datetime":"180601_162607298505","timing":-0.0674396414,"presses":[9,9],"rts":[0.701216367,0.7761751728],"will_remap":true,"is_remapped":false,"remapped_from":null,"stim_val":"\u16bc"}