{"index":100,"proposed_prep_time":0.6166666667,"real_prep_time":0.6440709627,"proposed_choice":4,"real_choice":4,"correct":true,"datetime":"180601_160256931863","timing":-0.043202037,"presses":[0,1,8,2,7,1,1,7,1,1,4],"rts":[2.6759902207,2.9815273749,3.213643227,3.3736890677,3.5440871794,3.7005169684,18.1164819639,18.4382870982,19.2212055284,19.5402793429,0.6440709627],"will_remap":false,"is_remapped":false,"remapped_from":null,"stim_val":"\u16c7"}