{"index":880,"proposed_prep_time":0.4666666667,"real_prep_time":0.4655055772,"proposed_choice":0,"real_choice":7,"correct":false,"datetime":"180601_164005846139","timing":-0.0156815118,"presses":[7,1],"rts":[0.4655055772,0.4962582913],"will_remap":false,"is_remapped":false,"remapped_from":null,"stim_val":"\u16ac"}