{"index":1164,"proposed_prep_time":0.6666666667,"real_prep_time":0.6397616707,"proposed_choice":7,"real_choice":8,"correct":false,"datetime":"180601_165114685791","timing":0.0263392896,"presses":[8,7],"rts":[0.6397616707,0.7364833538],"will_remap":true,"is_remapped":false,"remapped_from":null,"stim_val":"\u16a0"}