{"index":1249,"proposed_prep_time":0.4333333333,"real_prep_time":0.4721942903,"proposed_choice":2,"real_choice":2,"correct":true,"datetime":"180601_165458014740","timing":-0.0378860218,"presses":[2,2,7],"rts":[9.5897642074,0.4721942903,0.5064293344],"will_remap":true,"is_remapped":false,"remapped_from":null,"stim_val":"\u16a2"}