{"index":207,"proposed_prep_time":0.3666666667,"real_prep_time":0.3597588674,"proposed_choice":2,"real_choice":8,"correct":false,"datetime":"180601_160726885952","timing":-0.0092573092,"presses":[8,7,2],"rts":[0.3597588674,0.4075939137,0.4882874942],"will_remap":true,"is_remapped":false,"remapped_from":null,"stim_val":"\u16a2"}