{"index":1015,"proposed_prep_time":0.5333333333,"real_prep_time":0.5650990462,"proposed_choice":3,"real_choice":6,"correct":false,"datetime":"180601_164517061294","timing":-0.0481664469,"presses":[6,3],"rts":[0.5650990462,0.611552304],"will_remap":true,"is_remapped":false,"remapped_from":null,"stim_val":"\u16a3"}