{"index":307,"proposed_prep_time":0.4666666667,"real_prep_time":0.4848394741,"proposed_choice":7,"real_choice":2,"correct":false,"datetime":"180601_161117694748","timing":-0.017626045,"presses":[2,7],"rts":[0.4848394741,0.5186733539],"will_remap":true,"is_remapped":false,"remapped_from":null,"stim_val":"\u16a0"}