{"index":232,"proposed_prep_time":0.4166666667,"real_prep_time":0.4504138181,"proposed_choice":0,"real_choice":8,"correct":false,"datetime":"180601_160820224556","timing":-0.0498300477,"presses":[8,1],"rts":[0.4504138181,0.4825752997],"will_remap":false,"is_remapped":false,"remapped_from":null,"stim_val":"\u16ac"}