{"index":270,"proposed_prep_time":0.3666666667,"real_prep_time":0.4707620628,"proposed_choice":7,"real_choice":2,"correct":false,"datetime":"180601_160941497364","timing":-0.1196344183,"presses":[2,8],"rts":[0.4707620628,0.5026080087],"will_remap":true,"is_remapped":false,"remapped_from":null,"stim_val":"\u16a0"}