{"index":603,"proposed_prep_time":0.3833333333,"real_prep_time":0.3850037815,"proposed_choice":9,"real_choice":7,"correct":false,"datetime":"180601_162528751865","timing":-0.0178257474,"presses":[7,2],"rts":[0.3850037815,0.4344379138],"will_remap":true,"is_remapped":false,"remapped_from":null,"stim_val":"\u16bc"}