{"index":1150,"proposed_prep_time":0.4333333333,"real_prep_time":0.4292632445,"proposed_choice":2,"real_choice":7,"correct":false,"datetime":"180601_165044734600","timing":-0.0125809917,"presses":[7,2],"rts":[0.4292632445,0.528630912],"will_remap":true,"is_remapped":false,"remapped_from":null,"stim_val":"\u16a2"}