{"index":168,"proposed_prep_time":0.5166666667,"real_prep_time":0.6889770395,"proposed_choice":6,"real_choice":6,"correct":true,"datetime":"180601_160522786804","timing":-0.1883713633,"presses":[0,6],"rts":[0.5927952277,0.6889770395],"will_remap":true,"is_remapped":false,"remapped_from":null,"stim_val":"\u16bb"}