{"index":908,"proposed_prep_time":0.2333333333,"real_prep_time":0.1858537926,"proposed_choice":7,"real_choice":8,"correct":false,"datetime":"180601_164111810178","timing":0.0313262796,"presses":[8,6],"rts":[0.1858537926,0.2697962772],"will_remap":true,"is_remapped":false,"remapped_from":null,"stim_val":"\u16a0"}