{"index":978,"proposed_prep_time":0.6833333333,"real_prep_time":-0.2910562325,"proposed_choice":7,"real_choice":7,"correct":true,"datetime":"180601_164341695761","timing":0.9585671332,"presses":[7,2],"rts":[-0.2910562325,0.6384402914],"will_remap":true,"is_remapped":false,"remapped_from":null,"stim_val":"\u16a0"}