{"index":1000,"proposed_prep_time":0.2333333333,"real_prep_time":0.203533766,"proposed_choice":4,"real_choice":2,"correct":false,"datetime":"180601_164444977547","timing":0.013985595,"presses":[1,2,8,1,6,3,1,3,6,6,2],"rts":[1.2931429914,1.5699206439,1.8376113942,1.984158697,2.1410529922,2.3177260428,15.3940892175,15.9817587483,16.5608865265,16.7988606109,0.203533766],"will_remap":false,"is_remapped":false,"remapped_from":null,"stim_val":"\u16c7"}