{"index":78,"proposed_prep_time":0.4333333333,"real_prep_time":0.5355996778,"proposed_choice":5,"real_choice":7,"correct":false,"datetime":"180601_160151417112","timing":-0.1185121551,"presses":[7,5],"rts":[0.5355996778,0.665181068],"will_remap":false,"is_remapped":false,"remapped_from":null,"stim_val":"\u16b3"}