{"index":832,"proposed_prep_time":0.5166666667,"real_prep_time":0.539383761,"proposed_choice":4,"real_choice":8,"correct":false,"datetime":"180601_163823035163","timing":-0.0235622816,"presses":[8,3],"rts":[0.539383761,0.6269106262],"will_remap":false,"is_remapped":false,"remapped_from":null,"stim_val":"\u16c7"}