{"index":192,"proposed_prep_time":0.4333333333,"real_prep_time":0.4836984428,"proposed_choice":0,"real_choice":1,"correct":false,"datetime":"180601_160614159290","timing":-0.0664296923,"presses":[1,0],"rts":[0.4836984428,0.5776216522],"will_remap":false,"is_remapped":false,"remapped_from":null,"stim_val":"\u16ac"}