{"index":400,"proposed_prep_time":0.6833333333,"real_prep_time":0.6033850302,"proposed_choice":4,"real_choice":4,"correct":true,"datetime":"180601_161638671610","timing":0.0638276365,"presses":[0,1,8,2,7,3,6,1,2,7,4],"rts":[2.3163633153,2.580947094,2.7324101272,2.9056439553,3.0859518256,3.2415743006,3.3869881964,3.5664902187,117.2095034329,117.5974150699,0.6033850302],"will_remap":false,"is_remapped":false,"remapped_from":null,"stim_val":"\u16c7"}