{"index":148,"proposed_prep_time":0.6333333333,"real_prep_time":0.6810426053,"proposed_choice":1,"real_choice":2,"correct":false,"datetime":"180601_160439360107","timing":-0.064923273,"presses":[2,1],"rts":[0.6810426053,0.7154313119],"will_remap":false,"is_remapped":false,"remapped_from":null,"stim_val":"\u16cb"}