{"index":410,"proposed_prep_time":0.5166666667,"real_prep_time":0.5477049905,"proposed_choice":6,"real_choice":1,"correct":false,"datetime":"180601_161659943970","timing":-0.0311580133,"presses":[1,6],"rts":[0.5477049905,0.6172920639],"will_remap":true,"is_remapped":false,"remapped_from":null,"stim_val":"\u16bb"}