{"index":328,"proposed_prep_time":0.6333333333,"real_prep_time":0.6529877806,"proposed_choice":6,"real_choice":6,"correct":true,"datetime":"180601_161202605627","timing":-0.0357221385,"presses":[8,6],"rts":[0.9181712533,0.6529877806],"will_remap":true,"is_remapped":false,"remapped_from":null,"stim_val":"\u16bb"}