{"index":152,"proposed_prep_time":0.5333333333,"real_prep_time":0.5479052794,"proposed_choice":3,"real_choice":6,"correct":false,"datetime":"180601_160447906087","timing":-0.0313741378,"presses":[6,3],"rts":[0.5479052794,0.5793439026],"will_remap":true,"is_remapped":false,"remapped_from":null,"stim_val":"\u16a3"}