{"index":700,"proposed_prep_time":0.6833333333,"real_prep_time":0.7085437761,"proposed_choice":2,"real_choice":2,"correct":true,"datetime":"180601_162949912942","timing":-0.026349612,"presses":[0,1,8,2,7,6,1,2,7,1,2],"rts":[1.9320947088,2.0930490344,2.3486696619,2.4904282107,2.6508045428,2.9220421381,3.4854588157,8.623509526,8.8625527958,54.6872908586,0.7085437761],"will_remap":true,"is_remapped":false,"remapped_from":null,"stim_val":"\u16a2"}