{"index":1099,"proposed_prep_time":0.4833333333,"real_prep_time":0.4930134927,"proposed_choice":7,"real_choice":2,"correct":false,"datetime":"180601_164816680413","timing":-0.0252481692,"presses":[2,7],"rts":[0.4930134927,0.524284964],"will_remap":true,"is_remapped":false,"remapped_from":null,"stim_val":"\u16a0"}