{"index":558,"proposed_prep_time":0.4666666667,"real_prep_time":0.5586724976,"proposed_choice":9,"real_choice":6,"correct":false,"datetime":"180601_162307428516","timing":-0.1088754111,"presses":[0,6],"rts":[0.5118342042,0.5586724976],"will_remap":true,"is_remapped":false,"remapped_from":null,"stim_val":"\u16bc"}