{"index":300,"proposed_prep_time":0.2833333333,"real_prep_time":0.2671508793,"proposed_choice":5,"real_choice":1,"correct":false,"datetime":"180601_161102736808","timing":-0.0000205568,"presses":[0,1,8,2,7,3,6,1,8,1,1],"rts":[1.9548989127,2.2235685277,2.3692328581,2.5625375175,2.769162713,2.9152346592,3.1251372038,3.6820024088,3.8235336897,17.7300661892,0.2671508793],"will_remap":false,"is_remapped":false,"remapped_from":null,"stim_val":"\u16b3"}