{"index":600,"proposed_prep_time":0.2666666667,"real_prep_time":0.2174328819,"proposed_choice":7,"real_choice":2,"correct":false,"datetime":"180601_162522339515","timing":0.0496185566,"presses":[1,2,3,6,8,0,6,1,6,0,2],"rts":[41.9863803503,42.2940960502,42.5634234224,42.695320892,43.1112034846,43.2523978227,43.6827499002,44.5143406022,44.8825423972,45.4443746513,0.2174328819],"will_remap":true,"is_remapped":false,"remapped_from":null,"stim_val":"\u16a0"}