{"index":12,"proposed_prep_time":0.4333333333,"real_prep_time":0.4751138759,"proposed_choice":2,"real_choice":3,"correct":false,"datetime":"180601_155930310186","timing":-0.0420310944,"presses":[3,2],"rts":[0.4751138759,0.5541723007],"will_remap":true,"is_remapped":false,"remapped_from":null,"stim_val":"\u16a2"}