{"index":942,"proposed_prep_time":0.4833333333,"real_prep_time":0.5192859508,"proposed_choice":7,"real_choice":2,"correct":false,"datetime":"180601_164224704744","timing":-0.035210126,"presses":[3,2],"rts":[0.9276024298,0.5192859508],"will_remap":true,"is_remapped":false,"remapped_from":null,"stim_val":"\u16a0"}