{"index":55,"proposed_prep_time":0.3166666667,"real_prep_time":0.4212370233,"proposed_choice":8,"real_choice":9,"correct":false,"datetime":"180601_160102294019","timing":-0.1050098048,"presses":[9,8],"rts":[0.4212370233,0.4697503543],"will_remap":true,"is_remapped":false,"remapped_from":null,"stim_val":"\u16a6"}