{"index":247,"proposed_prep_time":0.2833333333,"real_prep_time":0.3269012129,"proposed_choice":3,"real_choice":4,"correct":false,"datetime":"180601_160852356510","timing":-0.0596078441,"presses":[4,4],"rts":[0.6541947928,0.3269012129],"will_remap":true,"is_remapped":false,"remapped_from":null,"stim_val":"\u16a3"}