{"index":750,"proposed_prep_time":0.4333333333,"real_prep_time":0.4583104233,"proposed_choice":1,"real_choice":2,"correct":false,"datetime":"180601_163138136658","timing":-0.0392405383,"presses":[2,7],"rts":[0.4583104233,0.4738244606],"will_remap":false,"is_remapped":false,"remapped_from":null,"stim_val":"\u16cb"}