{"index":99,"proposed_prep_time":0.3333333333,"real_prep_time":0.3300867752,"proposed_choice":6,"real_choice":7,"correct":false,"datetime":"180601_160236276807","timing":0.0035855245,"presses":[7,2],"rts":[0.3300867752,0.447447606],"will_remap":true,"is_remapped":false,"remapped_from":null,"stim_val":"\u16bb"}