{"index":238,"proposed_prep_time":0.6166666667,"real_prep_time":0.6216943156,"proposed_choice":3,"real_choice":6,"correct":false,"datetime":"180601_160833067167","timing":-0.0048307176,"presses":[6,3],"rts":[0.6216943156,0.7080760441],"will_remap":true,"is_remapped":false,"remapped_from":null,"stim_val":"\u16a3"}