{"index":1101,"proposed_prep_time":0.3666666667,"real_prep_time":0.4345528673,"proposed_choice":1,"real_choice":8,"correct":false,"datetime":"180601_164900223594","timing":-0.0681416791,"presses":[8,1],"rts":[0.4345528673,0.4691189895],"will_remap":false,"is_remapped":false,"remapped_from":null,"stim_val":"\u16cb"}