{"index":153,"proposed_prep_time":0.4666666667,"real_prep_time":0.5425071545,"proposed_choice":9,"real_choice":6,"correct":false,"datetime":"180601_160450038034","timing":-0.0922725408,"presses":[6,9],"rts":[0.5425071545,0.5885387204],"will_remap":true,"is_remapped":false,"remapped_from":null,"stim_val":"\u16bc"}