{"index":38,"proposed_prep_time":0.5666666667,"real_prep_time":0.6362151192,"proposed_choice":3,"real_choice":4,"correct":false,"datetime":"180601_160025929261","timing":-0.0857943804,"presses":[4,3],"rts":[0.6362151192,0.6511828338],"will_remap":true,"is_remapped":false,"remapped_from":null,"stim_val":"\u16a3"}