{"index":816,"proposed_prep_time":0.4833333333,"real_prep_time":0.4571805354,"proposed_choice":2,"real_choice":7,"correct":false,"datetime":"180601_163748702998","timing":0.0107094189,"presses":[7,2],"rts":[0.4571805354,0.4867564419],"will_remap":true,"is_remapped":false,"remapped_from":null,"stim_val":"\u16a2"}