{"index":104,"proposed_prep_time":0.3333333333,"real_prep_time":0.3275926937,"proposed_choice":3,"real_choice":3,"correct":true,"datetime":"180601_160305460882","timing":-0.0089798957,"presses":[3,6],"rts":[0.3275926937,0.4143835044],"will_remap":true,"is_remapped":false,"remapped_from":null,"stim_val":"\u16a3"}