{"index":760,"proposed_prep_time":0.4333333333,"real_prep_time":0.431412172,"proposed_choice":2,"real_choice":8,"correct":false,"datetime":"180601_163159558607","timing":0.0022541746,"presses":[8,7],"rts":[0.431412172,0.4928897417],"will_remap":true,"is_remapped":false,"remapped_from":null,"stim_val":"\u16a2"}