{"index":1112,"proposed_prep_time":0.5833333333,"real_prep_time":0.573346377,"proposed_choice":0,"real_choice":1,"correct":false,"datetime":"180601_164923630660","timing":0.0106015033,"presses":[1,0],"rts":[0.573346377,0.5894087898],"will_remap":false,"is_remapped":false,"remapped_from":null,"stim_val":"\u16ac"}