{"index":773,"proposed_prep_time":0.2666666667,"real_prep_time":0.3345083816,"proposed_choice":9,"real_choice":3,"correct":false,"datetime":"180601_163227409926","timing":-0.0839040983,"presses":[0,3],"rts":[0.2031449181,0.3345083816],"will_remap":true,"is_remapped":false,"remapped_from":null,"stim_val":"\u16bc"}