{"index":336,"proposed_prep_time":0.5666666667,"real_prep_time":0.6177336966,"proposed_choice":3,"real_choice":6,"correct":false,"datetime":"180601_161225375588","timing":-0.0675704303,"presses":[6,3],"rts":[0.6177336966,0.6515790131],"will_remap":true,"is_remapped":false,"remapped_from":null,"stim_val":"\u16a3"}