{"index":622,"proposed_prep_time":0.3833333333,"real_prep_time":0.4895338018,"proposed_choice":6,"real_choice":3,"correct":false,"datetime":"180601_162609447067","timing":-0.1224422761,"presses":[3,6],"rts":[0.4895338018,0.619806966],"will_remap":true,"is_remapped":false,"remapped_from":null,"stim_val":"\u16bb"}