{"index":542,"proposed_prep_time":0.6333333333,"real_prep_time":0.6468641581,"proposed_choice":9,"real_choice":9,"correct":true,"datetime":"180601_162233230294","timing":-0.0140138056,"presses":[9,0],"rts":[0.6468641581,0.7196162663],"will_remap":true,"is_remapped":false,"remapped_from":null,"stim_val":"\u16bc"}