{"index":422,"proposed_prep_time":0.3833333333,"real_prep_time":0.4509325753,"proposed_choice":8,"real_choice":8,"correct":true,"datetime":"180601_161725612846","timing":-0.083235784,"presses":[8,3],"rts":[0.4509325753,0.5337249378],"will_remap":true,"is_remapped":false,"remapped_from":null,"stim_val":"\u16a6"}