{"index":415,"proposed_prep_time":0.2166666667,"real_prep_time":0.2349143259,"proposed_choice":4,"real_choice":2,"correct":false,"datetime":"180601_161710654746","timing":-0.033988158,"presses":[5,2],"rts":[0.5446639999,0.2349143259],"will_remap":false,"is_remapped":false,"remapped_from":null,"stim_val":"\u16c7"}