{"index":912,"proposed_prep_time":0.6166666667,"real_prep_time":0.6677411305,"proposed_choice":2,"real_choice":1,"correct":false,"datetime":"180601_164120388520","timing":-0.0673484409,"presses":[1,2],"rts":[0.6677411305,0.8088970529],"will_remap":true,"is_remapped":false,"remapped_from":null,"stim_val":"\u16a2"}