{"index":764,"proposed_prep_time":0.2333333333,"real_prep_time":0.260928725,"proposed_choice":3,"real_choice":8,"correct":false,"datetime":"180601_163208087637","timing":-0.0446495134,"presses":[8,1],"rts":[0.260928725,0.2686558323],"will_remap":true,"is_remapped":false,"remapped_from":null,"stim_val":"\u16a3"}