{"index":346,"proposed_prep_time":0.3333333333,"real_prep_time":0.3212731809,"proposed_choice":9,"real_choice":8,"correct":false,"datetime":"180601_161246747262","timing":-0.0044263275,"presses":[8,2],"rts":[0.3212731809,0.4506035501],"will_remap":true,"is_remapped":false,"remapped_from":null,"stim_val":"\u16bc"}