{"index":1129,"proposed_prep_time":0.2333333333,"real_prep_time":0.2181357994,"proposed_choice":9,"real_choice":3,"correct":false,"datetime":"180601_164959925746","timing":0.015094369,"presses":[3,6],"rts":[0.2181357994,0.2225052074],"will_remap":true,"is_remapped":false,"remapped_from":null,"stim_val":"\u16bc"}