{"index":672,"proposed_prep_time":0.2166666667,"real_prep_time":0.2284678364,"proposed_choice":4,"real_choice":8,"correct":false,"datetime":"180601_162756422812","timing":-0.0113643022,"presses":[8,1],"rts":[0.2284678364,0.2352591866],"will_remap":false,"is_remapped":false,"remapped_from":null,"stim_val":"\u16c7"}