{"index":634,"proposed_prep_time":0.4833333333,"real_prep_time":0.5380216201,"proposed_choice":5,"real_choice":6,"correct":false,"datetime":"180601_162635067178","timing":-0.0539633902,"presses":[6,5],"rts":[0.5380216201,0.6685809953],"will_remap":false,"is_remapped":false,"remapped_from":null,"stim_val":"\u16b3"}