{"index":1108,"proposed_prep_time":0.6166666667,"real_prep_time":0.6392429136,"proposed_choice":3,"real_choice":6,"correct":false,"datetime":"180601_164915115513","timing":-0.0370312015,"presses":[6,3],"rts":[0.6392429136,0.6703258258],"will_remap":true,"is_remapped":false,"remapped_from":null,"stim_val":"\u16a3"}