{"index":371,"proposed_prep_time":0.3833333333,"real_prep_time":0.3620177632,"proposed_choice":1,"real_choice":7,"correct":false,"datetime":"180601_161340118158","timing":0.0055236062,"presses":[7,2],"rts":[0.3620177632,0.4097214341],"will_remap":false,"is_remapped":false,"remapped_from":null,"stim_val":"\u16cb"}