{"index":200,"proposed_prep_time":0.6833333333,"real_prep_time":0.6622652946,"proposed_choice":1,"real_choice":1,"correct":true,"datetime":"180601_160711943995","timing":0.0214420337,"presses":[5,6,8,1,7,6,3,6,7,1,1],"rts":[30.9742199067,31.1996309169,31.4865989672,31.6511142136,31.8304100821,32.1138048951,32.3029973258,41.1335754396,41.4538606651,41.7929202688,0.6622652946],"will_remap":false,"is_remapped":false,"remapped_from":null,"stim_val":"\u16cb"}