{"index":884,"proposed_prep_time":0.5166666667,"real_prep_time":0.5412268301,"proposed_choice":9,"real_choice":8,"correct":false,"datetime":"180601_164014425823","timing":-0.0412724596,"presses":[8,9],"rts":[0.5412268301,0.653213289],"will_remap":true,"is_remapped":false,"remapped_from":null,"stim_val":"\u16bc"}