{"index":233,"proposed_prep_time":0.4166666667,"real_prep_time":0.5232046352,"proposed_choice":5,"real_choice":6,"correct":false,"datetime":"180601_160822373039","timing":-0.1063566967,"presses":[0,6],"rts":[0.4816779583,0.5232046352],"will_remap":false,"is_remapped":false,"remapped_from":null,"stim_val":"\u16b3"}