{"index":809,"proposed_prep_time":0.5666666667,"real_prep_time":0.7010580125,"proposed_choice":1,"real_choice":1,"correct":true,"datetime":"180601_163733744204","timing":-0.1340490658,"presses":[0,1],"rts":[0.6179184434,0.7010580125],"will_remap":false,"is_remapped":false,"remapped_from":null,"stim_val":"\u16cb"}