{"index":929,"proposed_prep_time":0.5333333333,"real_prep_time":0.5052912357,"proposed_choice":1,"real_choice":7,"correct":false,"datetime":"180601_164156752434","timing":0.0285014133,"presses":[7,0],"rts":[0.5052912357,0.5863396473],"will_remap":false,"is_remapped":false,"remapped_from":null,"stim_val":"\u16cb"}