{"index":1040,"proposed_prep_time":0.3166666667,"real_prep_time":0.3982369293,"proposed_choice":7,"real_choice":1,"correct":false,"datetime":"180601_164610517504","timing":-0.0979076107,"presses":[0,1],"rts":[0.3521813169,0.3982369293],"will_remap":true,"is_remapped":false,"remapped_from":null,"stim_val":"\u16a0"}