{"index":677,"proposed_prep_time":0.5333333333,"real_prep_time":0.5999824638,"proposed_choice":0,"real_choice":1,"correct":false,"datetime":"180601_162807084518","timing":-0.0663701628,"presses":[1,0],"rts":[0.5999824638,0.6336254386],"will_remap":false,"is_remapped":false,"remapped_from":null,"stim_val":"\u16ac"}