{"index":15,"proposed_prep_time":0.4833333333,"real_prep_time":0.5279708089,"proposed_choice":1,"real_choice":1,"correct":true,"datetime":"180601_155936740448","timing":-0.0607312805,"presses":[1,1],"rts":[0.5279708089,0.5926585736],"will_remap":false,"is_remapped":false,"remapped_from":null,"stim_val":"\u16cb"}