{"index":332,"proposed_prep_time":0.5666666667,"real_prep_time":0.5729953581,"proposed_choice":5,"real_choice":6,"correct":false,"datetime":"180601_161211150112","timing":-0.0059459431,"presses":[6,0],"rts":[0.5729953581,0.6339213266],"will_remap":false,"is_remapped":false,"remapped_from":null,"stim_val":"\u16b3"}