{"index":26,"proposed_prep_time":0.4666666667,"real_prep_time":0.5245576854,"proposed_choice":4,"real_choice":3,"correct":false,"datetime":"180601_160000245101","timing":-0.0580254733,"presses":[0,3],"rts":[0.4613549329,0.5245576854],"will_remap":false,"is_remapped":false,"remapped_from":null,"stim_val":"\u16c7"}