{"index":18,"proposed_prep_time":0.5666666667,"real_prep_time":0.5512289619,"proposed_choice":7,"real_choice":2,"correct":false,"datetime":"180601_155943152627","timing":0.0156544743,"presses":[2,7],"rts":[0.5512289619,0.6298111506],"will_remap":true,"is_remapped":false,"remapped_from":null,"stim_val":"\u16a0"}