{"index":201,"proposed_prep_time":0.5166666667,"real_prep_time":0.5683992689,"proposed_choice":5,"real_choice":4,"correct":false,"datetime":"180601_160714076401","timing":-0.0677108965,"presses":[4,5],"rts":[0.5683992689,0.6833712944],"will_remap":false,"is_remapped":false,"remapped_from":null,"stim_val":"\u16b3"}