{"index":73,"proposed_prep_time":0.2833333333,"real_prep_time":0.341809105,"proposed_choice":1,"real_choice":1,"correct":true,"datetime":"180601_160140739933","timing":-0.0747403648,"presses":[1,0],"rts":[0.341809105,0.4239108664],"will_remap":false,"is_remapped":false,"remapped_from":null,"stim_val":"\u16cb"}