{"index":1113,"proposed_prep_time":0.5166666667,"real_prep_time":0.4725717015,"proposed_choice":7,"real_choice":2,"correct":false,"datetime":"180601_164925760157","timing":0.0280242974,"presses":[2,7],"rts":[0.4725717015,0.5030560929],"will_remap":true,"is_remapped":false,"remapped_from":null,"stim_val":"\u16a0"}