{"index":160,"proposed_prep_time":0.4333333333,"real_prep_time":0.57156577,"proposed_choice":6,"real_choice":3,"correct":false,"datetime":"180601_160505029887","timing":-0.1543847009,"presses":[3,6],"rts":[0.57156577,0.6569129165],"will_remap":true,"is_remapped":false,"remapped_from":null,"stim_val":"\u16bb"}