{"index":430,"proposed_prep_time":0.4166666667,"real_prep_time":0.5804717377,"proposed_choice":5,"real_choice":6,"correct":false,"datetime":"180601_161742703956","timing":-0.1792146678,"presses":[0,6],"rts":[0.4842004848,0.5804717377],"will_remap":false,"is_remapped":false,"remapped_from":null,"stim_val":"\u16b3"}