{"index":579,"proposed_prep_time":0.6333333333,"real_prep_time":0.6502054355,"proposed_choice":6,"real_choice":8,"correct":false,"datetime":"180601_162352338661","timing":-0.0341514977,"presses":[8,6],"rts":[0.6502054355,0.7901508267],"will_remap":true,"is_remapped":false,"remapped_from":null,"stim_val":"\u16bb"}