{"index":1029,"proposed_prep_time":0.5666666667,"real_prep_time":0.5713490591,"proposed_choice":9,"real_choice":7,"correct":false,"datetime":"180601_164546928566","timing":-0.0039867475,"presses":[7,9],"rts":[0.5713490591,0.733242954],"will_remap":true,"is_remapped":false,"remapped_from":null,"stim_val":"\u16bc"}