{"index":334,"proposed_prep_time":0.6166666667,"real_prep_time":0.6155102837,"proposed_choice":5,"real_choice":5,"correct":true,"datetime":"180601_161221078856","timing":0.0016515483,"presses":[2,5],"rts":[6.6652194835,0.6155102837],"will_remap":false,"is_remapped":false,"remapped_from":null,"stim_val":"\u16b3"}