{"index":768,"proposed_prep_time":0.6333333333,"real_prep_time":0.6321756162,"proposed_choice":3,"real_choice":8,"correct":false,"datetime":"180601_163216682252","timing":0.0006430654,"presses":[8,3],"rts":[0.6321756162,0.7037931447],"will_remap":true,"is_remapped":false,"remapped_from":null,"stim_val":"\u16a3"}