{"index":243,"proposed_prep_time":0.45,"real_prep_time":0.5132652585,"proposed_choice":9,"real_choice":8,"correct":false,"datetime":"180601_160843777779","timing":-0.0793305891,"presses":[8,0,9],"rts":[0.5132652585,0.5592906662,0.6570129144],"will_remap":true,"is_remapped":false,"remapped_from":null,"stim_val":"\u16bc"}