{"index":1038,"proposed_prep_time":0.5166666667,"real_prep_time":0.5419403046,"proposed_choice":0,"real_choice":1,"correct":false,"datetime":"180601_164606218715","timing":-0.0250986123,"presses":[1,0],"rts":[0.5419403046,0.5907342746],"will_remap":false,"is_remapped":false,"remapped_from":null,"stim_val":"\u16ac"}