{"index":1030,"proposed_prep_time":0.3666666667,"real_prep_time":0.4921979676,"proposed_choice":3,"real_choice":3,"correct":true,"datetime":"180601_164549062335","timing":-0.1408058126,"presses":[3,2],"rts":[0.4921979676,0.5404303662],"will_remap":true,"is_remapped":false,"remapped_from":null,"stim_val":"\u16a3"}