{"index":327,"proposed_prep_time":0.4333333333,"real_prep_time":0.585331751,"proposed_choice":8,"real_choice":2,"correct":false,"datetime":"180601_161200472818","timing":-0.1677594879,"presses":[2,7],"rts":[0.585331751,0.6506488278],"will_remap":true,"is_remapped":false,"remapped_from":null,"stim_val":"\u16a6"}