{"index":1061,"proposed_prep_time":0.2666666667,"real_prep_time":0.3511930683,"proposed_choice":0,"real_choice":1,"correct":false,"datetime":"180601_164655441272","timing":-0.1012175106,"presses":[1,0],"rts":[0.3511930683,0.3678100146],"will_remap":false,"is_remapped":false,"remapped_from":null,"stim_val":"\u16ac"}