{"index":855,"proposed_prep_time":0.5833333333,"real_prep_time":0.61662287,"proposed_choice":5,"real_choice":4,"correct":false,"datetime":"180601_163912308503","timing":-0.0496323979,"presses":[4,5],"rts":[0.61662287,0.706750266],"will_remap":false,"is_remapped":false,"remapped_from":null,"stim_val":"\u16b3"}