{"index":920,"proposed_prep_time":0.6166666667,"real_prep_time":0.6435073384,"proposed_choice":9,"real_choice":9,"correct":true,"datetime":"180601_164137462216","timing":-0.0277469426,"presses":[0,9],"rts":[0.5837394097,0.6435073384],"will_remap":true,"is_remapped":false,"remapped_from":null,"stim_val":"\u16bc"}