{"index":1159,"proposed_prep_time":0.4333333333,"real_prep_time":0.4461458743,"proposed_choice":7,"real_choice":7,"correct":true,"datetime":"180601_165104024325","timing":-0.0131082532,"presses":[7,2],"rts":[0.4461458743,0.5562754815],"will_remap":true,"is_remapped":false,"remapped_from":null,"stim_val":"\u16a0"}