{"index":896,"proposed_prep_time":0.4333333333,"real_prep_time":0.4525985221,"proposed_choice":9,"real_choice":1,"correct":false,"datetime":"180601_164040160748","timing":-0.0353849023,"presses":[1,0],"rts":[0.4525985221,0.5678453217],"will_remap":true,"is_remapped":false,"remapped_from":null,"stim_val":"\u16bc"}