{"index":155,"proposed_prep_time":0.4166666667,"real_prep_time":0.644447201,"proposed_choice":4,"real_choice":3,"correct":false,"datetime":"180601_160454319290","timing":-0.244758426,"presses":[3,2],"rts":[0.644447201,0.6958015269],"will_remap":false,"is_remapped":false,"remapped_from":null,"stim_val":"\u16c7"}