{"index":843,"proposed_prep_time":0.4166666667,"real_prep_time":0.4552233926,"proposed_choice":4,"real_choice":3,"correct":false,"datetime":"180601_163846605654","timing":-0.055516436,"presses":[3,0],"rts":[0.4552233926,0.518529662],"will_remap":false,"is_remapped":false,"remapped_from":null,"stim_val":"\u16c7"}