{"index":492,"proposed_prep_time":0.3166666667,"real_prep_time":0.353337304,"proposed_choice":6,"real_choice":7,"correct":false,"datetime":"180601_161955149564","timing":-0.0371212288,"presses":[7,2],"rts":[0.353337304,0.4062904225],"will_remap":true,"is_remapped":false,"remapped_from":null,"stim_val":"\u16bb"}