{"index":1100,"proposed_prep_time":0.65,"real_prep_time":0.6426970918,"proposed_choice":7,"real_choice":7,"correct":true,"datetime":"180601_164858093373","timing":0.0075696035,"presses":[7,2,8,1,8,2,7,2,6,1,7],"rts":[29.2284822057,29.8489038212,30.1668404167,30.347644464,30.4544920301,38.3777279842,38.5990414283,38.7432131219,38.9481650394,40.3590538972,0.6426970918],"will_remap":true,"is_remapped":false,"remapped_from":null,"stim_val":"\u16a0"}