{"index":1223,"proposed_prep_time":0.6333333333,"real_prep_time":0.6519980658,"proposed_choice":4,"real_choice":7,"correct":false,"datetime":"180601_165353765907","timing":-0.0182700195,"presses":[7,2],"rts":[0.6519980658,0.6673288225],"will_remap":false,"is_remapped":false,"remapped_from":null,"stim_val":"\u16c7"}