{"index":588,"proposed_prep_time":0.5166666667,"real_prep_time":0.5734710079,"proposed_choice":0,"real_choice":6,"correct":false,"datetime":"180601_162411527034","timing":-0.0566284359,"presses":[0,6],"rts":[0.5416326865,0.5734710079],"will_remap":false,"is_remapped":false,"remapped_from":null,"stim_val":"\u16ac"}