{"index":1225,"proposed_prep_time":0.5166666667,"real_prep_time":0.5403655581,"proposed_choice":8,"real_choice":8,"correct":true,"datetime":"180601_165358080966","timing":-0.0237786992,"presses":[5,8],"rts":[0.9087227751,0.5403655581],"will_remap":true,"is_remapped":false,"remapped_from":null,"stim_val":"\u16a6"}