{"index":838,"proposed_prep_time":0.5333333333,"real_prep_time":0.5510591709,"proposed_choice":7,"real_choice":2,"correct":false,"datetime":"180601_163835860687","timing":-0.0173964311,"presses":[2,7],"rts":[0.5510591709,0.6118514178],"will_remap":true,"is_remapped":false,"remapped_from":null,"stim_val":"\u16a0"}