{"index":720,"proposed_prep_time":0.2833333333,"real_prep_time":0.3236367668,"proposed_choice":8,"real_choice":7,"correct":false,"datetime":"180601_163033387664","timing":-0.0553454721,"presses":[3,7],"rts":[1.3360162671,0.3236367668],"will_remap":true,"is_remapped":false,"remapped_from":null,"stim_val":"\u16a6"}