{"index":1230,"proposed_prep_time":0.3833333333,"real_prep_time":0.4325276908,"proposed_choice":5,"real_choice":1,"correct":false,"datetime":"180601_165408773872","timing":-0.0653297159,"presses":[1,8],"rts":[0.4325276908,0.4615936374],"will_remap":false,"is_remapped":false,"remapped_from":null,"stim_val":"\u16b3"}