{"index":608,"proposed_prep_time":0.5833333333,"real_prep_time":0.5982244369,"proposed_choice":9,"real_choice":5,"correct":false,"datetime":"180601_162539463229","timing":-0.0305539207,"presses":[5,9],"rts":[0.5982244369,0.6728911669],"will_remap":true,"is_remapped":false,"remapped_from":null,"stim_val":"\u16bc"}