{"index":500,"proposed_prep_time":0.65,"real_prep_time":0.5866789361,"proposed_choice":2,"real_choice":2,"correct":true,"datetime":"180601_162103462362","timing":0.0636490481,"presses":[8,7,1,6,2,7,2,1,7,3,2],"rts":[3.3596137092,3.6488778979,3.8425256585,3.9844431482,4.0815381372,4.2747621532,4.4030717231,51.6803206266,51.9381810888,52.2231943421,0.5866789361],"will_remap":true,"is_remapped":false,"remapped_from":null,"stim_val":"\u16a2"}