{"index":132,"proposed_prep_time":0.4166666667,"real_prep_time":0.5487999817,"proposed_choice":7,"real_choice":2,"correct":false,"datetime":"180601_160405261915","timing":-0.148819424,"presses":[2,7],"rts":[0.5487999817,0.5503814728],"will_remap":true,"is_remapped":false,"remapped_from":null,"stim_val":"\u16a0"}