{"index":947,"proposed_prep_time":0.4333333333,"real_prep_time":0.444669073,"proposed_choice":8,"real_choice":8,"correct":true,"datetime":"180601_164235431687","timing":-0.0276836008,"presses":[8,1],"rts":[0.444669073,0.4937131844],"will_remap":true,"is_remapped":false,"remapped_from":null,"stim_val":"\u16a6"}