{"index":1200,"proposed_prep_time":0.5166666667,"real_prep_time":0.5705863188,"proposed_choice":8,"real_choice":8,"correct":true,"datetime":"180601_165304657993","timing":-0.0697762482,"presses":[1,8,3,6,1,8,2,7,0,5,8],"rts":[31.5726419933,31.7150970082,32.0818184831,32.2227101882,32.6721172831,32.7880502851,32.9631330472,33.2360445069,33.4081417025,33.8542453489,0.5705863188],"will_remap":true,"is_remapped":false,"remapped_from":null,"stim_val":"\u16a6"}