{"index":900,"proposed_prep_time":0.5666666667,"real_prep_time":0.5064225898,"proposed_choice":7,"real_choice":7,"correct":true,"datetime":"180601_164054686231","timing":0.0436808537,"presses":[1,8,2,7,1,6,8,1,0,9,7],"rts":[3.3852207856,3.549050123,3.6747873139,3.8196698428,4.9560044609,5.272624369,6.0568407186,6.2815643536,6.6896286384,6.8492677429,0.5064225898],"will_remap":true,"is_remapped":false,"remapped_from":null,"stim_val":"\u16a0"}