{"index":681,"proposed_prep_time":0.4333333333,"real_prep_time":0.536372975,"proposed_choice":9,"real_choice":8,"correct":false,"datetime":"180531_150627661405","timing":-0.1193279733,"presses":[4,8],"rts":[0.7838673835,0.536372975],"will_remap":false,"is_remapped":false,"remapped_from":null,"stim_val":"\u16c7"}