{"index":512,"proposed_prep_time":0.4666666667,"real_prep_time":0.4982441725,"proposed_choice":8,"real_choice":9,"correct":false,"datetime":"180531_150004650660","timing":-0.0476652846,"presses":[9,7],"rts":[0.4982441725,0.588541653],"will_remap":false,"is_remapped":false,"remapped_from":null,"stim_val":"\u16a6"}