{"index":3,"proposed_prep_time":0.7166666667,"real_prep_time":0.7824685865,"proposed_choice":5,"real_choice":5,"correct":true,"datetime":"180531_143726832960","timing":-0.0823337506,"presses":[3,5],"rts":[1.0265967913,0.7824685865],"will_remap":false,"is_remapped":false,"remapped_from":null,"stim_val":"\u16ac"}