{"index":287,"proposed_prep_time":0.7166666667,"real_prep_time":0.5863076831,"proposed_choice":0,"real_choice":0,"correct":true,"datetime":"180531_144925012236","timing":0.1132919736,"presses":[8,0],"rts":[1.1205408212,0.5863076831],"will_remap":false,"is_remapped":false,"remapped_from":null,"stim_val":"\u16bc"}