{"index":471,"proposed_prep_time":0.4666666667,"real_prep_time":0.4513047081,"proposed_choice":8,"real_choice":8,"correct":true,"datetime":"180531_145824404359","timing":-0.0007410691,"presses":[8,7],"rts":[0.4513047081,0.5015681483],"will_remap":false,"is_remapped":false,"remapped_from":null,"stim_val":"\u16a6"}