{"index":312,"proposed_prep_time":0.3833333333,"real_prep_time":0.4770933057,"proposed_choice":8,"real_choice":8,"correct":true,"datetime":"180531_145234693050","timing":-0.1098753898,"presses":[4,8],"rts":[0.6907309609,0.4770933057],"will_remap":false,"is_remapped":false,"remapped_from":null,"stim_val":"\u16a6"}