{"index":372,"proposed_prep_time":0.5333333333,"real_prep_time":0.6519376565,"proposed_choice":9,"real_choice":8,"correct":false,"datetime":"180531_145443389839","timing":-0.1184112775,"presses":[5,8],"rts":[0.9492101781,0.6519376565],"will_remap":false,"is_remapped":false,"remapped_from":null,"stim_val":"\u16c7"}