{"index":535,"proposed_prep_time":0.6666666667,"real_prep_time":0.7344045127,"proposed_choice":3,"real_choice":8,"correct":false,"datetime":"180531_150053923266","timing":-0.0674176476,"presses":[8,6],"rts":[0.7344045127,0.785576731],"will_remap":true,"is_remapped":false,"remapped_from":null,"stim_val":"\u16a0"}