{"index":400,"proposed_prep_time":0.3666666667,"real_prep_time":0.5543417985,"proposed_choice":6,"real_choice":6,"correct":true,"datetime":"180531_145552137735","timing":-0.1871479291,"presses":[7,7,7,7,7,7,7,7,7,7,6],"rts":[6.3144730332,6.7605936881,7.1466396759,7.6703510452,7.9122127297,8.1348346501,8.3617661557,8.729123394,9.112465041,9.4795023449,0.5543417985],"will_remap":true,"is_remapped":false,"remapped_from":null,"stim_val":"\u16a3"}