{"index":840,"proposed_prep_time":0.5666666667,"real_prep_time":0.5533940183,"proposed_choice":3,"real_choice":6,"correct":false,"datetime":"180531_151248738059","timing":0.0132627366,"presses":[1,6],"rts":[0.9895750033,0.5533940183],"will_remap":true,"is_remapped":false,"remapped_from":null,"stim_val":"\u16a0"}