{"index":784,"proposed_prep_time":0.6166666667,"real_prep_time":0.5857021243,"proposed_choice":7,"real_choice":2,"correct":false,"datetime":"180531_151035076854","timing":0.031272615,"presses":[2,7],"rts":[0.5857021243,0.6516655216],"will_remap":true,"is_remapped":false,"remapped_from":null,"stim_val":"\u16cb"}