{"index":83,"proposed_prep_time":0.7333333333,"real_prep_time":0.6315870658,"proposed_choice":4,"real_choice":4,"correct":true,"datetime":"180531_144020106761","timing":0.0854186699,"presses":[4,4],"rts":[1.1185511277,0.6315870658],"will_remap":true,"is_remapped":false,"remapped_from":null,"stim_val":"\u16b3"}