{"index":382,"proposed_prep_time":0.6333333333,"real_prep_time":0.6375385512,"proposed_choice":7,"real_choice":7,"correct":true,"datetime":"180531_145504879024","timing":-0.0202403585,"presses":[5,7],"rts":[1.0754241918,0.6375385512],"will_remap":true,"is_remapped":false,"remapped_from":null,"stim_val":"\u16cb"}