{"index":368,"proposed_prep_time":0.3833333333,"real_prep_time":0.6345696999,"proposed_choice":6,"real_choice":6,"correct":true,"datetime":"180531_145434728265","timing":-0.2672685013,"presses":[8,6],"rts":[0.687202884,0.6345696999],"will_remap":true,"is_remapped":false,"remapped_from":null,"stim_val":"\u16a3"}