{"index":96,"proposed_prep_time":0.4666666667,"real_prep_time":0.5882437121,"proposed_choice":1,"real_choice":7,"correct":false,"datetime":"180531_144048025497","timing":-0.137901476,"presses":[7,8],"rts":[0.5882437121,0.6274337822],"will_remap":true,"is_remapped":false,"remapped_from":null,"stim_val":"\u16a2"}