{"index":61,"proposed_prep_time":0.5166666667,"real_prep_time":0.5865724869,"proposed_choice":8,"real_choice":8,"correct":true,"datetime":"180531_143932715233","timing":-0.0868908378,"presses":[1,8],"rts":[0.8201880136,0.5865724869],"will_remap":false,"is_remapped":false,"remapped_from":null,"stim_val":"\u16a6"}