{"index":882,"proposed_prep_time":0.4833333333,"real_prep_time":0.5848358672,"proposed_choice":2,"real_choice":7,"correct":false,"datetime":"180531_151418739873","timing":-0.1175725857,"presses":[7,2],"rts":[0.5848358672,0.614295647],"will_remap":true,"is_remapped":false,"remapped_from":null,"stim_val":"\u16bb"}