{"index":480,"proposed_prep_time":0.5833333333,"real_prep_time":0.7174171931,"proposed_choice":1,"real_choice":1,"correct":true,"datetime":"180531_145843677345","timing":-0.1502475461,"presses":[1,0],"rts":[0.7174171931,0.767814648],"will_remap":true,"is_remapped":false,"remapped_from":null,"stim_val":"\u16a2"}