{"index":947,"proposed_prep_time":0.6333333333,"real_prep_time":0.801687823,"proposed_choice":4,"real_choice":4,"correct":true,"datetime":"180531_151652255994","timing":-0.1676609562,"presses":[0,4],"rts":[0.6703120432,0.801687823],"will_remap":true,"is_remapped":false,"remapped_from":null,"stim_val":"\u16b3"}