{"index":265,"proposed_prep_time":0.4666666667,"real_prep_time":0.6239479331,"proposed_choice":2,"real_choice":3,"correct":false,"datetime":"180531_144837788632","timing":-0.1734147921,"presses":[3,2],"rts":[0.6239479331,0.6519605299],"will_remap":true,"is_remapped":false,"remapped_from":null,"stim_val":"\u16bb"}