{"index":676,"proposed_prep_time":0.6166666667,"real_prep_time":0.8073827159,"proposed_choice":3,"real_choice":2,"correct":false,"datetime":"180531_150616933105","timing":-0.2075867878,"presses":[2,3],"rts":[0.8073827159,0.8557142325],"will_remap":true,"is_remapped":false,"remapped_from":null,"stim_val":"\u16a0"}