{"index":500,"proposed_prep_time":0.7666666667,"real_prep_time":0.6230784503,"proposed_choice":2,"real_choice":2,"correct":true,"datetime":"180531_145938931282","timing":0.1273218784,"presses":[7,7,7,7,7,8,7,7,7,7,2],"rts":[9.1803454062,9.6624576659,9.9800262342,10.2503582769,10.8284312389,11.3722873383,11.7863682098,12.2508084138,12.5701728381,13.4823597618,0.6230784503],"will_remap":true,"is_remapped":false,"remapped_from":null,"stim_val":"\u16bb"}