{"index":160,"proposed_prep_time":0.5833333333,"real_prep_time":0.7097155985,"proposed_choice":4,"real_choice":4,"correct":true,"datetime":"180531_144358755444","timing":-0.1268899815,"presses":[0,4],"rts":[0.5342941339,0.7097155985],"will_remap":true,"is_remapped":false,"remapped_from":null,"stim_val":"\u16b3"}