{"index":450,"proposed_prep_time":0.6833333333,"real_prep_time":0.6840759715,"proposed_choice":5,"real_choice":4,"correct":false,"datetime":"180531_145739395628","timing":-0.0010947274,"presses":[4,5],"rts":[0.6840759715,0.7857245285],"will_remap":false,"is_remapped":false,"remapped_from":null,"stim_val":"\u16ac"}