{"index":363,"proposed_prep_time":0.4166666667,"real_prep_time":0.5331308156,"proposed_choice":1,"real_choice":8,"correct":false,"datetime":"180531_145424034359","timing":-0.1168957673,"presses":[2,8],"rts":[0.7582028302,0.5331308156],"will_remap":true,"is_remapped":false,"remapped_from":null,"stim_val":"\u16a2"}