{"index":81,"proposed_prep_time":0.5833333333,"real_prep_time":0.5242389239,"proposed_choice":0,"real_choice":0,"correct":true,"datetime":"180531_144015758007","timing":0.0592614586,"presses":[4,0],"rts":[1.1296816813,0.5242389239],"will_remap":false,"is_remapped":false,"remapped_from":null,"stim_val":"\u16bc"}