{"index":652,"proposed_prep_time":0.5833333333,"real_prep_time":0.5346290241,"proposed_choice":9,"real_choice":9,"correct":true,"datetime":"180531_150525476925","timing":0.03248168,"presses":[6,9],"rts":[0.912196601,0.5346290241],"will_remap":false,"is_remapped":false,"remapped_from":null,"stim_val":"\u16c7"}