{"index":627,"proposed_prep_time":0.7166666667,"real_prep_time":0.7053177453,"proposed_choice":6,"real_choice":6,"correct":true,"datetime":"180531_150431840299","timing":0.0111495853,"presses":[4,6],"rts":[1.0664364076,0.7053177453],"will_remap":true,"is_remapped":false,"remapped_from":null,"stim_val":"\u16a3"}