{"index":200,"proposed_prep_time":0.4666666667,"real_prep_time":0.5232418778,"proposed_choice":2,"real_choice":6,"correct":false,"datetime":"180531_144618363323","timing":-0.072692608,"presses":[7,7,7,7,7,7,7,7,7,7,6],"rts":[51.3588873317,51.7413049515,52.1245202082,52.4122020261,52.7015644533,52.9900348174,53.2774445005,53.6828384612,54.0282835587,54.6708871041,0.5232418778],"will_remap":true,"is_remapped":false,"remapped_from":null,"stim_val":"\u16bb"}