{"index":100,"proposed_prep_time":0.7833333333,"real_prep_time":0.7650003387,"proposed_choice":3,"real_choice":3,"correct":true,"datetime":"180531_144150008017","timing":0.0186203932,"presses":[6,6,6,6,6,6,6,6,6,6,3],"rts":[52.1082413779,52.4441608728,52.6867841246,52.9241470784,53.1322725349,53.3404801012,53.5491207959,53.7405366396,54.1401923067,54.6060254428,0.7650003387],"will_remap":true,"is_remapped":false,"remapped_from":null,"stim_val":"\u16a0"}