{"index":463,"proposed_prep_time":0.4666666667,"real_prep_time":0.5509805802,"proposed_choice":5,"real_choice":2,"correct":false,"datetime":"180531_145807297275","timing":-0.1004019855,"presses":[2,5],"rts":[0.5509805802,0.7097933094],"will_remap":false,"is_remapped":false,"remapped_from":null,"stim_val":"\u16ac"}