{"index":307,"proposed_prep_time":0.4833333333,"real_prep_time":0.6177316438,"proposed_choice":9,"real_choice":8,"correct":false,"datetime":"180531_145223965764","timing":-0.1504267211,"presses":[4,8,7],"rts":[0.8328428746,0.6177316438,0.6344562125],"will_remap":false,"is_remapped":false,"remapped_from":null,"stim_val":"\u16c7"}