{"index":502,"proposed_prep_time":0.4333333333,"real_prep_time":0.5192161576,"proposed_choice":9,"real_choice":5,"correct":false,"datetime":"180531_145943228996","timing":-0.1031201092,"presses":[5,9],"rts":[0.5192161576,0.5675098451],"will_remap":false,"is_remapped":false,"remapped_from":null,"stim_val":"\u16c7"}