{"index":800,"proposed_prep_time":0.5833333333,"real_prep_time":0.5689810746,"proposed_choice":6,"real_choice":3,"correct":false,"datetime":"180531_151122918233","timing":0.0147061075,"presses":[6,6,6,6,6,6,6,6,6,6,3],"rts":[7.8727622548,9.3964129215,9.7459805114,10.0171398091,10.2449419706,10.4651659951,10.6912359355,11.0780000899,13.5534388855,14.5456346537,0.5689810746],"will_remap":true,"is_remapped":false,"remapped_from":null,"stim_val":"\u16a3"}