{"index":678,"proposed_prep_time":0.4333333333,"real_prep_time":0.6496116066,"proposed_choice":6,"real_choice":4,"correct":false,"datetime":"180531_150621230431","timing":-0.2328416723,"presses":[4,3],"rts":[0.6496116066,0.6669590358],"will_remap":true,"is_remapped":false,"remapped_from":null,"stim_val":"\u16a3"}