{"index":691,"proposed_prep_time":0.4166666667,"real_prep_time":0.5214398636,"proposed_choice":2,"real_choice":6,"correct":false,"datetime":"180531_150649115017","timing":-0.1209921606,"presses":[6,2],"rts":[0.5214398636,0.6343221978],"will_remap":true,"is_remapped":false,"remapped_from":null,"stim_val":"\u16bb"}