{"index":600,"proposed_prep_time":0.5333333333,"real_prep_time":0.5551810768,"proposed_choice":9,"real_choice":9,"correct":true,"datetime":"180531_150333937066","timing":-0.0387818971,"presses":[7,7,7,7,7,7,6,6,6,6,9],"rts":[11.8652973118,12.3134349323,14.8768580613,15.3256725002,15.9947728391,16.3790508297,19.6254094853,20.1593396973,20.9231004731,21.5304036012,0.5551810768],"will_remap":false,"is_remapped":false,"remapped_from":null,"stim_val":"\u16c7"}