{"index":763,"proposed_prep_time":0.5833333333,"real_prep_time":0.5850197341,"proposed_choice":8,"real_choice":8,"correct":true,"datetime":"180531_150950084445","timing":-0.0179072706,"presses":[8,7],"rts":[0.5850197341,0.6026117329],"will_remap":false,"is_remapped":false,"remapped_from":null,"stim_val":"\u16a6"}