{"index":263,"proposed_prep_time":0.3333333333,"real_prep_time":0.5419001294,"proposed_choice":7,"real_choice":2,"correct":false,"datetime":"180531_144833489919","timing":-0.2249512254,"presses":[2,7],"rts":[0.5419001294,0.6220787648],"will_remap":true,"is_remapped":false,"remapped_from":null,"stim_val":"\u16cb"}