{"index":158,"proposed_prep_time":0.4166666667,"real_prep_time":0.4411395298,"proposed_choice":1,"real_choice":7,"correct":false,"datetime":"180531_144354473801","timing":-0.040702677,"presses":[7,8],"rts":[0.4411395298,0.6998178632],"will_remap":true,"is_remapped":false,"remapped_from":null,"stim_val":"\u16a2"}