{"index":745,"proposed_prep_time":0.3833333333,"real_prep_time":0.4364962275,"proposed_choice":0,"real_choice":7,"correct":false,"datetime":"180531_150911489092","timing":-0.069384761,"presses":[7,0],"rts":[0.4364962275,0.5018405764],"will_remap":false,"is_remapped":false,"remapped_from":null,"stim_val":"\u16bc"}