{"index":235,"proposed_prep_time":0.3833333333,"real_prep_time":0.583339125,"proposed_choice":5,"real_choice":4,"correct":false,"datetime":"180531_144733422905","timing":-0.2172296898,"presses":[3,4],"rts":[0.6981469314,0.583339125],"will_remap":false,"is_remapped":false,"remapped_from":null,"stim_val":"\u16ac"}