{"index":243,"proposed_prep_time":0.4166666667,"real_prep_time":0.4817773695,"proposed_choice":7,"real_choice":7,"correct":true,"datetime":"180531_144750596119","timing":-0.0811255653,"presses":[7,6],"rts":[0.4817773695,0.4967254366],"will_remap":true,"is_remapped":false,"remapped_from":null,"stim_val":"\u16cb"}