{"index":436,"proposed_prep_time":0.7166666667,"real_prep_time":0.6846777181,"proposed_choice":4,"real_choice":5,"correct":false,"datetime":"180531_145709377675","timing":0.0315491487,"presses":[5,4],"rts":[0.6846777181,0.7666140872],"will_remap":true,"is_remapped":false,"remapped_from":null,"stim_val":"\u16b3"}