{"index":300,"proposed_prep_time":0.5,"real_prep_time":0.5396403538,"proposed_choice":8,"real_choice":8,"correct":true,"datetime":"180531_145208923888","timing":-0.0393311522,"presses":[7,7,7,7,7,7,7,7,7,7,8],"rts":[131.9371168887,132.7011439345,133.0258267199,133.2622078765,133.7441831891,133.9975501992,135.8689309584,136.2214222394,136.6376071715,137.0087945332,0.5396403538],"will_remap":false,"is_remapped":false,"remapped_from":null,"stim_val":"\u16a6"}