{"index":801,"proposed_prep_time":0.5666666667,"real_prep_time":0.6248543652,"proposed_choice":9,"real_choice":8,"correct":false,"datetime":"180531_151125066517","timing":-0.0743092889,"presses":[8,7],"rts":[0.6248543652,0.6434310937],"will_remap":false,"is_remapped":false,"remapped_from":null,"stim_val":"\u16c7"}