{"index":852,"proposed_prep_time":0.6666666667,"real_prep_time":0.6639866654,"proposed_choice":3,"real_choice":3,"correct":true,"datetime":"180531_151314475028","timing":0.0029037208,"presses":[3,6],"rts":[0.6639866654,0.6695581004],"will_remap":true,"is_remapped":false,"remapped_from":null,"stim_val":"\u16a0"}