{"index":119,"proposed_prep_time":0.4166666667,"real_prep_time":0.5964323931,"proposed_choice":8,"real_choice":1,"correct":false,"datetime":"180531_144230752315","timing":-0.180013771,"presses":[1,8],"rts":[0.5964323931,0.6740829302],"will_remap":false,"is_remapped":false,"remapped_from":null,"stim_val":"\u16a6"}