{"index":153,"proposed_prep_time":0.5333333333,"real_prep_time":0.5185402189,"proposed_choice":6,"real_choice":5,"correct":false,"datetime":"180531_144343746144","timing":0.0152069764,"presses":[5,6],"rts":[0.5185402189,0.5684781527],"will_remap":true,"is_remapped":false,"remapped_from":null,"stim_val":"\u16a3"}