{"index":700,"proposed_prep_time":0.3333333333,"real_prep_time":0.5508336624,"proposed_choice":6,"real_choice":5,"correct":false,"datetime":"180531_150734974192","timing":-0.2335868176,"presses":[7,7,7,7,7,7,7,7,6,6,5],"rts":[20.9757621025,21.55594499,21.8559957515,22.1435107108,22.3877104684,22.6077204213,23.0396932851,23.3982806234,26.4494710231,27.3129056181,0.5508336624],"will_remap":true,"is_remapped":false,"remapped_from":null,"stim_val":"\u16a3"}