{"index":231,"proposed_prep_time":0.3166666667,"real_prep_time":0.3429779949,"proposed_choice":9,"real_choice":9,"correct":true,"datetime":"180531_144724843624","timing":-0.0432677248,"presses":[7,9],"rts":[0.6334524216,0.3429779949],"will_remap":false,"is_remapped":false,"remapped_from":null,"stim_val":"\u16c7"}