{"index":408,"proposed_prep_time":0.7833333333,"real_prep_time":0.7237739485,"proposed_choice":5,"real_choice":5,"correct":true,"datetime":"180531_145609310588","timing":0.058981406,"presses":[2,5],"rts":[1.0988175326,0.7237739485],"will_remap":false,"is_remapped":false,"remapped_from":null,"stim_val":"\u16ac"}