{"index":900,"proposed_prep_time":0.45,"real_prep_time":0.5458718919,"proposed_choice":9,"real_choice":9,"correct":true,"datetime":"180531_151511494367","timing":-0.1119735853,"presses":[6,6,6,6,6,6,6,6,6,6,9],"rts":[7.5873994486,8.9162970998,10.9804320905,11.3645704945,11.7312843449,12.0839040689,13.6519162493,14.1682462516,14.4837230757,14.9637289289,0.5458718919],"will_remap":false,"is_remapped":false,"remapped_from":null,"stim_val":"\u16c7"}