{"index":689,"proposed_prep_time":0.5166666667,"real_prep_time":0.4692647343,"proposed_choice":3,"real_choice":8,"correct":false,"datetime":"180531_150644834377","timing":0.0302820203,"presses":[8,8],"rts":[0.9599128816,0.4692647343],"will_remap":true,"is_remapped":false,"remapped_from":null,"stim_val":"\u16a0"}