{"index":585,"proposed_prep_time":0.4666666667,"real_prep_time":0.7428791113,"proposed_choice":5,"real_choice":5,"correct":true,"datetime":"180531_150241199233","timing":-0.2929310017,"presses":[0,5],"rts":[0.6832762818,0.7428791113],"will_remap":false,"is_remapped":false,"remapped_from":null,"stim_val":"\u16ac"}