{"index":723,"proposed_prep_time":0.5666666667,"real_prep_time":0.5302739854,"proposed_choice":0,"real_choice":0,"correct":true,"datetime":"180531_150824314424","timing":0.0196165595,"presses":[0,0],"rts":[0.9199803054,0.5302739854],"will_remap":false,"is_remapped":false,"remapped_from":null,"stim_val":"\u16bc"}