{"index":84,"proposed_prep_time":0.4333333333,"real_prep_time":0.452762155,"proposed_choice":1,"real_choice":2,"correct":false,"datetime":"180531_144022255444","timing":-0.0357499972,"presses":[2,7],"rts":[0.452762155,0.5500849981],"will_remap":true,"is_remapped":false,"remapped_from":null,"stim_val":"\u16a2"}