{"index":456,"proposed_prep_time":0.3166666667,"real_prep_time":0.5594877294,"proposed_choice":9,"real_choice":9,"correct":true,"datetime":"180531_145752272030","timing":-0.259411778,"presses":[6,9],"rts":[0.7091939087,0.5594877294],"will_remap":false,"is_remapped":false,"remapped_from":null,"stim_val":"\u16c7"}