{"index":355,"proposed_prep_time":0.4333333333,"real_prep_time":0.5690535072,"proposed_choice":8,"real_choice":8,"correct":true,"datetime":"180531_145406860265","timing":-0.1519222903,"presses":[4,8],"rts":[0.7678090764,0.5690535072],"will_remap":false,"is_remapped":false,"remapped_from":null,"stim_val":"\u16a6"}