{"index":86,"proposed_prep_time":0.7166666667,"real_prep_time":0.6480896451,"proposed_choice":2,"real_choice":2,"correct":true,"datetime":"180531_144026536526","timing":0.0675073231,"presses":[6,2],"rts":[1.0339001541,0.6480896451],"will_remap":true,"is_remapped":false,"remapped_from":null,"stim_val":"\u16bb"}