{"index":739,"proposed_prep_time":0.6333333333,"real_prep_time":0.7000832533,"proposed_choice":5,"real_choice":4,"correct":false,"datetime":"180531_150858612358","timing":-0.0670088587,"presses":[9,4],"rts":[1.0064168714,0.7000832533],"will_remap":false,"is_remapped":false,"remapped_from":null,"stim_val":"\u16ac"}