{"index":461,"proposed_prep_time":0.5833333333,"real_prep_time":0.6747618013,"proposed_choice":2,"real_choice":3,"correct":false,"datetime":"180531_145802999894","timing":-0.1075622428,"presses":[3,2],"rts":[0.6747618013,0.7410873609],"will_remap":true,"is_remapped":false,"remapped_from":null,"stim_val":"\u16bb"}