{"index":747,"proposed_prep_time":0.5333333333,"real_prep_time":0.5591469742,"proposed_choice":7,"real_choice":7,"correct":true,"datetime":"180531_150915786253","timing":-0.026083342,"presses":[7,2],"rts":[0.5591469742,0.6088224504],"will_remap":true,"is_remapped":false,"remapped_from":null,"stim_val":"\u16cb"}