{"index":871,"proposed_prep_time":0.5833333333,"real_prep_time":0.6515839983,"proposed_choice":6,"real_choice":6,"correct":true,"datetime":"180531_151355185456","timing":-0.0680076643,"presses":[7,2,6],"rts":[0.9278499316,0.9608058244,0.6515839983],"will_remap":true,"is_remapped":false,"remapped_from":null,"stim_val":"\u16a3"}