{"index":590,"proposed_prep_time":0.4833333333,"real_prep_time":0.576542203,"proposed_choice":9,"real_choice":9,"correct":true,"datetime":"180531_150251910175","timing":-0.1096668898,"presses":[8,9],"rts":[0.8097735737,0.576542203],"will_remap":false,"is_remapped":false,"remapped_from":null,"stim_val":"\u16c7"}