{"index":302,"real_prep_time":6.8796280901,"proposed_choice":8,"real_choice":9,"correct":false,"datetime":"180531_101918498566","presses":[0,9,8,8],"rts":[5.8050854043,6.8796280901,7.6466401159,8.260212318],"will_remap":true,"is_remapped":false,"remapped_from":null,"stim_val":"\u16c7"}