{"index":908,"real_prep_time":0.5635665278,"proposed_choice":1,"real_choice":2,"correct":false,"datetime":"180531_104443143024","presses":[2,1,1],"rts":[0.5635665278,0.5774943822,1.9535487951],"will_remap":false,"is_remapped":false,"remapped_from":null,"stim_val":"\u16a2"}