{"index":724,"real_prep_time":0.5243541708,"proposed_choice":9,"real_choice":6,"correct":false,"datetime":"180531_103845002799","presses":[6,5,9,9],"rts":[0.5243541708,1.7879564456,2.7993257036,3.1333387878],"will_remap":true,"is_remapped":false,"remapped_from":null,"stim_val":"\u16bc"}