{"index":66,"real_prep_time":0.4765874513,"proposed_choice":1,"real_choice":8,"correct":false,"datetime":"180531_101149175117","presses":[8,6,6,1],"rts":[0.4765874513,0.5607657079,1.6311993907,2.6855448548],"will_remap":false,"is_remapped":false,"remapped_from":null,"stim_val":"\u16a2"}