{"index":957,"real_prep_time":0.4394398595,"proposed_choice":9,"real_choice":8,"correct":false,"datetime":"180531_104559801395","presses":[8,9,9],"rts":[0.4394398595,0.4929697985,1.7357484723],"will_remap":true,"is_remapped":false,"remapped_from":null,"stim_val":"\u16bc"}