{"index":343,"real_prep_time":0.6016000245,"proposed_choice":8,"real_choice":7,"correct":false,"datetime":"180531_102028427783","presses":[7,8,8],"rts":[0.6016000245,0.6684431683,1.8501964621],"will_remap":true,"is_remapped":false,"remapped_from":null,"stim_val":"\u16c7"}