{"index":178,"real_prep_time":0.4530381021,"proposed_choice":7,"real_choice":6,"correct":false,"datetime":"180531_101451109967","presses":[6,7,7],"rts":[0.4530381021,0.5992596053,1.619531312],"will_remap":false,"is_remapped":false,"remapped_from":null,"stim_val":"\u16b3"}