{"index":403,"real_prep_time":0.5531582462,"proposed_choice":8,"real_choice":7,"correct":false,"datetime":"180531_102211588873","presses":[7,8,8],"rts":[0.5531582462,0.5693461695,1.7223147423],"will_remap":true,"is_remapped":false,"remapped_from":null,"stim_val":"\u16c7"}