{"index":336,"real_prep_time":0.5216249035,"proposed_choice":6,"real_choice":3,"correct":false,"datetime":"180531_102015801097","presses":[3,8,6],"rts":[0.5216249035,1.8159153777,2.9831593047],"will_remap":true,"is_remapped":false,"remapped_from":null,"stim_val":"\u16a6"}