{"index":877,"real_prep_time":1.9255470484,"proposed_choice":4,"real_choice":3,"correct":false,"datetime":"180531_104313141192","presses":[0,3,4],"rts":[0.6349207187,1.9255470484,3.2374905171],"will_remap":false,"is_remapped":false,"remapped_from":null,"stim_val":"\u16bb"}