{"index":537,"real_prep_time":0.8001573574,"proposed_choice":0,"real_choice":1,"correct":false,"datetime":"180531_102705030320","presses":[1,1,0],"rts":[0.8001573574,0.8767853357,2.6524408715],"will_remap":true,"is_remapped":false,"remapped_from":null,"stim_val":"\u16cb"}