{"index":287,"real_prep_time":0.5206850411,"proposed_choice":5,"real_choice":6,"correct":false,"datetime":"180531_101738586142","presses":[6,5,5],"rts":[0.5206850411,0.5853030125,1.8500627406],"will_remap":true,"is_remapped":false,"remapped_from":null,"stim_val":"\u16a3"}