{"index":192,"real_prep_time":0.4988356554,"proposed_choice":1,"real_choice":3,"correct":false,"datetime":"180531_101515746518","presses":[3,6,1],"rts":[0.4988356554,1.6331820462,2.6720850257],"will_remap":false,"is_remapped":false,"remapped_from":null,"stim_val":"\u16a2"}