{"index":134,"real_prep_time":1.820109716,"proposed_choice":8,"real_choice":1,"correct":false,"datetime":"180531_101344612787","presses":[0,1,3,8],"rts":[0.540017765,1.820109716,3.0521443383,4.236614876],"will_remap":true,"is_remapped":false,"remapped_from":null,"stim_val":"\u16c7"}