{"index":647,"real_prep_time":0.7903282422,"proposed_choice":7,"real_choice":2,"correct":false,"datetime":"180531_103311782574","presses":[2,7,7],"rts":[0.7903282422,0.8048813031,2.0198394581],"will_remap":false,"is_remapped":false,"remapped_from":null,"stim_val":"\u16b3"}