{"index":643,"real_prep_time":0.5581563796,"proposed_choice":1,"real_choice":2,"correct":false,"datetime":"180531_103304819164","presses":[2,1,1],"rts":[0.5581563796,0.5745363808,1.8065645515],"will_remap":false,"is_remapped":false,"remapped_from":null,"stim_val":"\u16a2"}