{"index":521,"real_prep_time":0.5078504184,"proposed_choice":5,"real_choice":4,"correct":false,"datetime":"180531_102637278931","presses":[4,5,5],"rts":[0.5078504184,0.601439324,1.561268923],"will_remap":true,"is_remapped":false,"remapped_from":null,"stim_val":"\u16a3"}