{"index":187,"real_prep_time":0.6820337863,"proposed_choice":6,"real_choice":8,"correct":false,"datetime":"180531_101506718038","presses":[8,7,6],"rts":[0.6820337863,1.9720176079,3.0606629242],"will_remap":true,"is_remapped":false,"remapped_from":null,"stim_val":"\u16a6"}