{"index":767,"real_prep_time":0.5667869867,"proposed_choice":1,"real_choice":2,"correct":false,"datetime":"180531_103951233810","presses":[2,1,1],"rts":[0.5667869867,0.6262669449,1.8632762406],"will_remap":false,"is_remapped":false,"remapped_from":null,"stim_val":"\u16a2"}