{"index":457,"real_prep_time":0.5510216351,"proposed_choice":9,"real_choice":5,"correct":false,"datetime":"180531_102334894235","presses":[5,9,9],"rts":[0.5510216351,0.7718975517,1.8303329577],"will_remap":true,"is_remapped":false,"remapped_from":null,"stim_val":"\u16bc"}