{"index":722,"real_prep_time":0.6345277652,"proposed_choice":8,"real_choice":1,"correct":false,"datetime":"180531_103839672389","presses":[1,7,8],"rts":[0.6345277652,1.7022521219,2.936417197],"will_remap":true,"is_remapped":false,"remapped_from":null,"stim_val":"\u16c7"}