{"index":65,"real_prep_time":0.5955849038,"proposed_choice":4,"real_choice":2,"correct":false,"datetime":"180531_101145643433","presses":[2,7,4],"rts":[0.5955849038,1.796151578,2.9642503253],"will_remap":false,"is_remapped":false,"remapped_from":null,"stim_val":"\u16bb"}