{"index":533,"real_prep_time":0.6019618935,"proposed_choice":9,"real_choice":5,"correct":false,"datetime":"180531_102656035452","presses":[5,0,9],"rts":[0.6019618935,1.8027831076,2.9059263541],"will_remap":true,"is_remapped":false,"remapped_from":null,"stim_val":"\u16bc"}