{"index":122,"proposed_prep_time":0.7166666667,"real_prep_time":0.7599978065,"proposed_choice":6,"real_choice":2,"correct":false,"datetime":"180531_143008486796","timing":-0.0594964097,"presses":[2,3,4],"rts":[0.7599978065,0.8080906186,0.8240674026],"will_remap":true,"is_remapped":false,"remapped_from":null,"stim_val":"\u16a3"}