{"index":151,"proposed_prep_time":0.3166666667,"real_prep_time":0.4897499263,"proposed_choice":0,"real_choice":5,"correct":false,"datetime":"180531_143111702728","timing":-0.1728133386,"presses":[8,5],"rts":[0.7170353831,0.4897499263],"will_remap":false,"is_remapped":false,"remapped_from":null,"stim_val":"\u16bc"}