{"index":18,"proposed_prep_time":0.7166666667,"real_prep_time":0.7610209518,"proposed_choice":7,"real_choice":8,"correct":false,"datetime":"180531_142554789891","timing":-0.0441773828,"presses":[0,8,7],"rts":[1.0853720726,0.7610209518,0.7772288159],"will_remap":true,"is_remapped":false,"remapped_from":null,"stim_val":"\u16cb"}