{"index":81,"proposed_prep_time":0.6166666667,"real_prep_time":0.5897527707,"proposed_choice":8,"real_choice":9,"correct":false,"datetime":"180531_142813148363","timing":0.0110463617,"presses":[9,8],"rts":[0.5897527707,0.6083491468],"will_remap":false,"is_remapped":false,"remapped_from":null,"stim_val":"\u16a6"}