{"index":199,"proposed_prep_time":0.5666666667,"real_prep_time":0.5317402297,"proposed_choice":2,"real_choice":3,"correct":false,"datetime":"180531_143256295949","timing":0.0344646287,"presses":[2,3,2,2],"rts":[0.9500802476,0.5317402297,0.5614674526,0.7205502639],"will_remap":true,"is_remapped":false,"remapped_from":null,"stim_val":"\u16bb"}