{"index":103,"proposed_prep_time":0.4166666667,"real_prep_time":0.4608678465,"proposed_choice":3,"real_choice":1,"correct":false,"datetime":"180531_142926075893","timing":-0.0441430725,"presses":[1,2],"rts":[0.4608678465,0.5187818561],"will_remap":true,"is_remapped":false,"remapped_from":null,"stim_val":"\u16a0"}