{"index":27,"proposed_prep_time":0.7333333333,"real_prep_time":0.8029869156,"proposed_choice":0,"real_choice":0,"correct":true,"datetime":"180531_142614429627","timing":-0.0692874024,"presses":[0,0],"rts":[1.3126754179,0.8029869156],"will_remap":false,"is_remapped":false,"remapped_from":null,"stim_val":"\u16bc"}