{"index":96,"proposed_prep_time":0.5666666667,"real_prep_time":0.5696919098,"proposed_choice":2,"real_choice":2,"correct":true,"datetime":"180531_142849679313","timing":-0.0189741099,"presses":[5,2],"rts":[0.9943517338,0.5696919098],"will_remap":true,"is_remapped":false,"remapped_from":null,"stim_val":"\u16bb"}