{"index":45,"proposed_prep_time":0.6333333333,"real_prep_time":0.6354922608,"proposed_choice":1,"real_choice":2,"correct":false,"datetime":"180531_142653008747","timing":-0.0018108411,"presses":[2,1],"rts":[0.6354922608,0.6671065399],"will_remap":true,"is_remapped":false,"remapped_from":null,"stim_val":"\u16a2"}