{"index":196,"proposed_prep_time":0.3833333333,"real_prep_time":0.5835385342,"proposed_choice":9,"real_choice":8,"correct":false,"datetime":"180531_143249866615","timing":-0.2165097639,"presses":[8,9],"rts":[0.5835385342,0.6325761941],"will_remap":false,"is_remapped":false,"remapped_from":null,"stim_val":"\u16c7"}