{"index":49,"proposed_prep_time":0.6333333333,"real_prep_time":0.5838259181,"proposed_choice":8,"real_choice":1,"correct":false,"datetime":"180531_142701587500","timing":0.033181665,"presses":[2,1],"rts":[0.9405965796,0.5838259181],"will_remap":false,"is_remapped":false,"remapped_from":null,"stim_val":"\u16a6"}