{"index":25,"proposed_prep_time":0.7833333333,"real_prep_time":0.7251313975,"proposed_choice":8,"real_choice":1,"correct":false,"datetime":"180531_142609932203","timing":0.0419521518,"presses":[3,1],"rts":[1.2783128103,0.7251313975],"will_remap":false,"is_remapped":false,"remapped_from":null,"stim_val":"\u16a6"}