{"index":87,"proposed_prep_time":0.7333333333,"real_prep_time":0.6504649607,"proposed_choice":4,"real_choice":0,"correct":false,"datetime":"180531_142829139964","timing":0.0654161656,"presses":[9,0],"rts":[4.2177220254,0.6504649607],"will_remap":true,"is_remapped":false,"remapped_from":null,"stim_val":"\u16b3"}