{"index":108,"proposed_prep_time":0.6333333333,"real_prep_time":0.6967622101,"proposed_choice":8,"real_choice":7,"correct":false,"datetime":"180531_142936819554","timing":-0.0799015447,"presses":[1,7],"rts":[0.9403420396,0.6967622101],"will_remap":false,"is_remapped":false,"remapped_from":null,"stim_val":"\u16a6"}