{"index":61,"proposed_prep_time":0.4833333333,"real_prep_time":0.5381864259,"proposed_choice":4,"real_choice":6,"correct":false,"datetime":"180531_142727306313","timing":-0.0719987813,"presses":[6,3],"rts":[0.5381864259,0.6340799741],"will_remap":true,"is_remapped":false,"remapped_from":null,"stim_val":"\u16b3"}