{"index":133,"proposed_prep_time":0.6666666667,"real_prep_time":0.6665989262,"proposed_choice":2,"real_choice":2,"correct":true,"datetime":"180531_143033155883","timing":-0.015695881,"presses":[4,2],"rts":[1.1693397766,0.6665989262],"will_remap":true,"is_remapped":false,"remapped_from":null,"stim_val":"\u16bb"}