{"index":52,"proposed_prep_time":0.6833333333,"real_prep_time":0.7821586224,"proposed_choice":9,"real_choice":9,"correct":true,"datetime":"180531_142708017332","timing":-0.0987169776,"presses":[1,9],"rts":[1.1049874886,0.7821586224],"will_remap":false,"is_remapped":false,"remapped_from":null,"stim_val":"\u16c7"}