{"index":128,"proposed_prep_time":0.4666666667,"real_prep_time":0.5721417107,"proposed_choice":9,"real_choice":1,"correct":false,"datetime":"180531_143022328815","timing":-0.1057358889,"presses":[3,1,8],"rts":[0.915251961,0.5721417107,0.5874756933],"will_remap":false,"is_remapped":false,"remapped_from":null,"stim_val":"\u16c7"}