{"index":72,"proposed_prep_time":0.7833333333,"real_prep_time":0.7840559426,"proposed_choice":4,"real_choice":9,"correct":false,"datetime":"180531_142753842791","timing":-0.000658373,"presses":[9,9],"rts":[4.0707245857,0.7840559426],"will_remap":true,"is_remapped":false,"remapped_from":null,"stim_val":"\u16b3"}