{"index":173,"proposed_prep_time":0.4833333333,"real_prep_time":0.4714262715,"proposed_choice":0,"real_choice":2,"correct":false,"datetime":"180531_143158893369","timing":0.0112029567,"presses":[2,0],"rts":[0.4714262715,0.714400249],"will_remap":false,"is_remapped":false,"remapped_from":null,"stim_val":"\u16bc"}