{"index":40,"proposed_prep_time":0.7833333333,"real_prep_time":0.8884100135,"proposed_choice":7,"real_choice":2,"correct":false,"datetime":"180531_142642281233","timing":-0.1043406108,"presses":[0,2],"rts":[0.8277162982,0.8884100135],"will_remap":true,"is_remapped":false,"remapped_from":null,"stim_val":"\u16cb"}