{"index":30,"proposed_prep_time":0.5833333333,"real_prep_time":0.6934168271,"proposed_choice":3,"real_choice":2,"correct":false,"datetime":"180531_142620825770","timing":-0.1266665259,"presses":[4,2,3],"rts":[0.9670716727,0.6934168271,0.7509739527],"will_remap":true,"is_remapped":false,"remapped_from":null,"stim_val":"\u16a0"}