{"index":100,"proposed_prep_time":0.4333333333,"real_prep_time":0.5657732254,"proposed_choice":1,"real_choice":7,"correct":false,"datetime":"180531_142919645749","timing":-0.1329672708,"presses":[7,7,7,7,7,7,7,7,7,7,7,1],"rts":[18.9045011647,19.3209731873,19.8946547478,20.2145505389,20.520325518,20.8403919799,21.1604097625,21.5118048793,21.8652360227,22.2489465768,0.5657732254,0.6309401587],"will_remap":true,"is_remapped":false,"remapped_from":null,"stim_val":"\u16a2"}