{"index":10,"real_prep_time":0.6271209254,"proposed_choice":3,"real_choice":2,"correct":false,"datetime":"180606_094119495738","presses":[2,7,3],"rts":[0.6271209254,1.8908693316,3.6039049661],"will_remap":true,"is_remapped":false,"remapped_from":null,"stim_val":"\u16a0"}