{"index":13,"real_prep_time":0.6326832779,"proposed_choice":4,"real_choice":2,"correct":false,"datetime":"180606_094125058565","presses":[2,2,4],"rts":[0.6326832779,0.7312247146,1.9602934604],"will_remap":false,"is_remapped":false,"remapped_from":null,"stim_val":"\u16bb"}