{"index":289,"real_prep_time":0.460887201,"proposed_choice":4,"real_choice":3,"correct":false,"datetime":"180524_162404803215","presses":[3,4,4],"rts":[0.460887201,1.4368443139,1.820924948],"will_remap":false,"is_remapped":false,"remapped_from":null,"stim_val":"\u16c7"}