{"index":401,"real_prep_time":0.4781149846,"proposed_choice":2,"real_choice":7,"correct":false,"datetime":"180524_162731625165","presses":[7,2,2,2],"rts":[0.4781149846,0.5090973126,1.3778584799,1.9339940816],"will_remap":true,"is_remapped":false,"remapped_from":null,"stim_val":"\u16a2"}