{"index":1506,"real_prep_time":0.6418261427,"proposed_choice":6,"real_choice":7,"correct":false,"datetime":"180524_171349558653","presses":[7,6,6],"rts":[0.6418261427,1.6023193639,1.9567355303],"will_remap":true,"is_remapped":false,"remapped_from":null,"stim_val":"\u16bb"}