{"index":101,"real_prep_time":0.7211487848,"proposed_choice":4,"real_choice":1,"correct":false,"datetime":"180524_161833099089","presses":[1,4,4],"rts":[0.7211487848,1.7099563558,2.0645739842],"will_remap":false,"is_remapped":false,"remapped_from":null,"stim_val":"\u16c7"}