{"index":2244,"real_prep_time":0.7715814295,"proposed_choice":5,"real_choice":4,"correct":false,"datetime":"180524_175845204655","presses":[4,5,5],"rts":[0.7715814295,0.8854303119,1.8582253224],"will_remap":false,"is_remapped":false,"remapped_from":null,"stim_val":"\u16b3"}