{"index":1985,"real_prep_time":0.6087306635,"proposed_choice":8,"real_choice":6,"correct":false,"datetime":"180524_174647358429","presses":[6,8,8],"rts":[0.6087306635,1.5848288292,1.984644317],"will_remap":true,"is_remapped":false,"remapped_from":null,"stim_val":"\u16a6"}