{"index":1672,"real_prep_time":0.760313049,"proposed_choice":5,"real_choice":4,"correct":false,"datetime":"180524_171920547391","presses":[4,5,5],"rts":[0.760313049,1.675215164,2.0079250503],"will_remap":false,"is_remapped":false,"remapped_from":null,"stim_val":"\u16b3"}