{"index":2279,"real_prep_time":0.4590338682,"proposed_choice":1,"real_choice":2,"correct":false,"datetime":"180524_175950335975","presses":[2,1,1],"rts":[0.4590338682,0.6194612256,1.5517527044],"will_remap":false,"is_remapped":false,"remapped_from":null,"stim_val":"\u16cb"}