{"index":1316,"real_prep_time":0.5901941102,"proposed_choice":2,"real_choice":7,"correct":false,"datetime":"180524_170751819284","presses":[7,2,2],"rts":[0.5901941102,1.5684139313,1.9352952268],"will_remap":true,"is_remapped":false,"remapped_from":null,"stim_val":"\u16a2"}