{"index":750,"real_prep_time":1.6024398892,"proposed_choice":1,"real_choice":1,"correct":true,"datetime":"180524_163817192854","presses":[0,1,1],"rts":[0.7224974363,1.6024398892,2.0839920436],"will_remap":false,"is_remapped":false,"remapped_from":null,"stim_val":"\u16cb"}