{"index":1372,"real_prep_time":0.6524050951,"proposed_choice":1,"real_choice":6,"correct":false,"datetime":"180524_170928766247","presses":[6,1,1],"rts":[0.6524050951,1.6142179361,1.9979818614],"will_remap":false,"is_remapped":false,"remapped_from":null,"stim_val":"\u16cb"}