{"index":1037,"real_prep_time":0.7425222275,"proposed_choice":1,"real_choice":5,"correct":false,"datetime":"180524_165140643141","presses":[5,1,1],"rts":[0.7425222275,1.7202757829,2.0070737489],"will_remap":false,"is_remapped":false,"remapped_from":null,"stim_val":"\u16cb"}