{"index":1406,"real_prep_time":0.5923157657,"proposed_choice":2,"real_choice":7,"correct":false,"datetime":"180524_171040644767","presses":[7,2,2],"rts":[0.5923157657,1.5367166626,1.85630161],"will_remap":true,"is_remapped":false,"remapped_from":null,"stim_val":"\u16a2"}