{"index":175,"real_prep_time":0.5340287436,"proposed_choice":5,"real_choice":4,"correct":false,"datetime":"180524_162040396876","presses":[4,5,5],"rts":[0.5340287436,1.4152902298,1.8939280772],"will_remap":false,"is_remapped":false,"remapped_from":null,"stim_val":"\u16b3"}