{"index":1462,"real_prep_time":1.0502851405,"proposed_choice":3,"real_choice":7,"correct":false,"datetime":"180524_171221423479","presses":[7,2,3],"rts":[1.0502851405,2.1516712399,3.5134397416],"will_remap":true,"is_remapped":false,"remapped_from":null,"stim_val":"\u16a3"}