{"index":1297,"real_prep_time":1.225037118,"proposed_choice":3,"real_choice":3,"correct":true,"datetime":"180524_170312186688","presses":[0,3,3],"rts":[0.5023393928,1.225037118,1.7186069037],"will_remap":true,"is_remapped":false,"remapped_from":null,"stim_val":"\u16a3"}