{"index":448,"real_prep_time":0.5705508357,"proposed_choice":8,"real_choice":7,"correct":false,"datetime":"180524_162853630900","presses":[7,8,8],"rts":[0.5705508357,0.635288746,1.6437812328],"will_remap":true,"is_remapped":false,"remapped_from":null,"stim_val":"\u16a6"}