{"index":172,"real_prep_time":0.5757090831,"proposed_choice":8,"real_choice":7,"correct":false,"datetime":"180524_162034716888","presses":[7,8,8],"rts":[0.5757090831,0.6838434251,1.5956110031],"will_remap":true,"is_remapped":false,"remapped_from":null,"stim_val":"\u16a6"}