{"index":1465,"real_prep_time":1.1396594736,"proposed_choice":4,"real_choice":5,"correct":false,"datetime":"180524_171229235727","presses":[5,4,4],"rts":[1.1396594736,2.0361294319,2.3235306107],"will_remap":false,"is_remapped":false,"remapped_from":null,"stim_val":"\u16c7"}