{"index":849,"real_prep_time":0.5948849189,"proposed_choice":2,"real_choice":7,"correct":false,"datetime":"180524_164306087062","presses":[7,2,2],"rts":[0.5948849189,0.6891987356,1.9876439595],"will_remap":true,"is_remapped":false,"remapped_from":null,"stim_val":"\u16a2"}