{"index":857,"real_prep_time":0.5870671977,"proposed_choice":3,"real_choice":8,"correct":false,"datetime":"180524_164321129389","presses":[8,3,3],"rts":[0.5870671977,1.5505794158,1.8841209558],"will_remap":true,"is_remapped":false,"remapped_from":null,"stim_val":"\u16a3"}