{"index":2073,"real_prep_time":2.9931913481,"proposed_choice":9,"real_choice":9,"correct":true,"datetime":"180524_175307952990","presses":[0,9,9],"rts":[2.1750203001,2.9931913481,3.7296562273],"will_remap":true,"is_remapped":false,"remapped_from":null,"stim_val":"\u16bc"}