{"index":1012,"real_prep_time":0.4778437294,"proposed_choice":8,"real_choice":3,"correct":false,"datetime":"180524_165057199857","presses":[3,8,8],"rts":[0.4778437294,1.3579726886,1.711047828],"will_remap":true,"is_remapped":false,"remapped_from":null,"stim_val":"\u16a6"}