{"index":435,"real_prep_time":0.5006083448,"proposed_choice":3,"real_choice":6,"correct":false,"datetime":"180524_162829410017","presses":[6,3,3,3],"rts":[0.5006083448,0.5664374341,1.5069560095,1.9428044502],"will_remap":true,"is_remapped":false,"remapped_from":null,"stim_val":"\u16a3"}