{"index":2392,"real_prep_time":0.8779551053,"proposed_choice":5,"real_choice":4,"correct":false,"datetime":"180524_180318323852","presses":[4,5,5],"rts":[0.8779551053,1.8216454604,2.1257577184],"will_remap":false,"is_remapped":false,"remapped_from":null,"stim_val":"\u16b3"}