{"index":34,"real_prep_time":0.6026976549,"proposed_choice":7,"real_choice":8,"correct":false,"datetime":"180524_161627983329","presses":[8,7,7],"rts":[0.6026976549,0.6990501376,1.6579243318],"will_remap":true,"is_remapped":false,"remapped_from":null,"stim_val":"\u16a0"}