{"index":274,"real_prep_time":0.6220479737,"proposed_choice":4,"real_choice":3,"correct":false,"datetime":"180524_162337068601","presses":[3,4,4],"rts":[0.6220479737,1.0407055802,1.6808775062],"will_remap":false,"is_remapped":false,"remapped_from":null,"stim_val":"\u16c7"}