{"index":1072,"real_prep_time":0.5157118337,"proposed_choice":2,"real_choice":6,"correct":false,"datetime":"180524_165242325936","presses":[6,1,1,2],"rts":[0.5157118337,1.5365571353,2.1927131765,3.1526515708],"will_remap":true,"is_remapped":false,"remapped_from":null,"stim_val":"\u16a2"}