{"index":1433,"real_prep_time":0.5605316954,"proposed_choice":5,"real_choice":3,"correct":false,"datetime":"180524_171127069194","presses":[3,5,5],"rts":[0.5605316954,1.5603451891,1.8847508543],"will_remap":false,"is_remapped":false,"remapped_from":null,"stim_val":"\u16b3"}