{"index":738,"real_prep_time":0.497085253,"proposed_choice":1,"real_choice":1,"correct":true,"datetime":"180524_163756520423","presses":[0,1,1],"rts":[0.4017383206,0.497085253,1.5846197428],"will_remap":false,"is_remapped":false,"remapped_from":null,"stim_val":"\u16cb"}