{"index":622,"real_prep_time":0.4859913556,"proposed_choice":6,"real_choice":7,"correct":false,"datetime":"180524_163433314369","presses":[7,6,6,6],"rts":[0.4859913556,0.6312301818,0.7410034917,1.5729560628],"will_remap":true,"is_remapped":false,"remapped_from":null,"stim_val":"\u16bb"}