{"index":1855,"real_prep_time":0.6020422436,"proposed_choice":7,"real_choice":2,"correct":false,"datetime":"180524_174251752104","presses":[2,7,7],"rts":[0.6020422436,0.6474321811,1.6383262177],"will_remap":true,"is_remapped":false,"remapped_from":null,"stim_val":"\u16a0"}