{"index":254,"real_prep_time":0.4801319502,"proposed_choice":8,"real_choice":7,"correct":false,"datetime":"180524_162303236627","presses":[7,8,8],"rts":[0.4801319502,0.5906052451,1.4866977921],"will_remap":true,"is_remapped":false,"remapped_from":null,"stim_val":"\u16a6"}