{"index":2163,"real_prep_time":0.777866339,"proposed_choice":5,"real_choice":6,"correct":false,"datetime":"180524_175600276430","presses":[6,4,5],"rts":[0.777866339,2.6514910385,3.6741826348],"will_remap":false,"is_remapped":false,"remapped_from":null,"stim_val":"\u16b3"}