{"index":2391,"real_prep_time":0.9200932062,"proposed_choice":8,"real_choice":7,"correct":false,"datetime":"180524_180315358807","presses":[7,8,8],"rts":[0.9200932062,1.916059275,2.2514350866],"will_remap":true,"is_remapped":false,"remapped_from":null,"stim_val":"\u16a6"}