{"index":164,"real_prep_time":0.4043370919,"proposed_choice":2,"real_choice":6,"correct":false,"datetime":"180524_162018925443","presses":[6,2,2],"rts":[0.4043370919,0.4686002323,1.4604127243],"will_remap":true,"is_remapped":false,"remapped_from":null,"stim_val":"\u16a2"}