{"index":2209,"real_prep_time":0.5446355548,"proposed_choice":2,"real_choice":7,"correct":false,"datetime":"180524_175739689367","presses":[7,2,2],"rts":[0.5446355548,1.5354181568,1.8528521237],"will_remap":true,"is_remapped":false,"remapped_from":null,"stim_val":"\u16a2"}