{"index":1952,"real_prep_time":0.6764456363,"proposed_choice":0,"real_choice":5,"correct":false,"datetime":"180524_174545625378","presses":[5,0,0],"rts":[0.6764456363,1.6191838122,1.8882082583],"will_remap":false,"is_remapped":false,"remapped_from":null,"stim_val":"\u16ac"}