{"index":2178,"real_prep_time":0.6131818879,"proposed_choice":3,"real_choice":6,"correct":false,"datetime":"180524_175625679645","presses":[6,3,3],"rts":[0.6131818879,0.6751263096,1.7821228461],"will_remap":true,"is_remapped":false,"remapped_from":null,"stim_val":"\u16a3"}