{"index":599,"real_prep_time":0.5013183003,"proposed_choice":3,"real_choice":6,"correct":false,"datetime":"180524_163309825795","presses":[6,3,3],"rts":[0.5013183003,0.5672069191,1.5638847028],"will_remap":true,"is_remapped":false,"remapped_from":null,"stim_val":"\u16a3"}