{"index":1565,"real_prep_time":0.7433289551,"proposed_choice":0,"real_choice":6,"correct":false,"datetime":"180524_171531004557","presses":[6,5,5,0],"rts":[0.7433289551,1.8182991977,2.1195959735,3.0342177426],"will_remap":false,"is_remapped":false,"remapped_from":null,"stim_val":"\u16ac"}