{"index":1399,"real_prep_time":0.6403314534,"proposed_choice":1,"real_choice":6,"correct":false,"datetime":"180524_171019322843","presses":[6,0,7,1],"rts":[0.6403314534,1.7605068865,2.7046400473,2.8179552168],"will_remap":false,"is_remapped":false,"remapped_from":null,"stim_val":"\u16cb"}