{"index":445,"real_prep_time":1.5188979825,"proposed_choice":4,"real_choice":4,"correct":true,"datetime":"180524_162847317917","presses":[0,4,4],"rts":[0.5747607162,1.5188979825,1.9023237919],"will_remap":false,"is_remapped":false,"remapped_from":null,"stim_val":"\u16c7"}