{"index":2111,"real_prep_time":0.6191336667,"proposed_choice":0,"real_choice":6,"correct":false,"datetime":"180524_175430158855","presses":[6,0,0],"rts":[0.6191336667,1.5321586957,1.8846523227],"will_remap":false,"is_remapped":false,"remapped_from":null,"stim_val":"\u16ac"}