{"index":256,"real_prep_time":0.5070606993,"proposed_choice":2,"real_choice":8,"correct":false,"datetime":"180524_162308483737","presses":[8,7,2],"rts":[0.5070606993,1.8190302671,3.0030509611],"will_remap":true,"is_remapped":false,"remapped_from":null,"stim_val":"\u16a2"}