{"index":1794,"real_prep_time":0.8193123725,"proposed_choice":8,"real_choice":7,"correct":false,"datetime":"180524_173520245967","presses":[7,8,8],"rts":[0.8193123725,0.9353793892,1.9279619527],"will_remap":true,"is_remapped":false,"remapped_from":null,"stim_val":"\u16a6"}