{"index":2461,"real_prep_time":0.7265263823,"proposed_choice":4,"real_choice":3,"correct":false,"datetime":"180524_180902054948","presses":[3,4,4],"rts":[0.7265263823,1.6881700186,2.0062212744],"will_remap":false,"is_remapped":false,"remapped_from":null,"stim_val":"\u16c7"}