{"index":719,"real_prep_time":0.5846036141,"proposed_choice":3,"real_choice":6,"correct":false,"datetime":"180524_163723739009","presses":[6,3,3],"rts":[0.5846036141,1.5139549798,1.8506504113],"will_remap":true,"is_remapped":false,"remapped_from":null,"stim_val":"\u16a3"}