{"index":2118,"real_prep_time":0.7001568588,"proposed_choice":1,"real_choice":6,"correct":false,"datetime":"180524_175442835160","presses":[6,1,1],"rts":[0.7001568588,1.6206345143,1.8937559401],"will_remap":false,"is_remapped":false,"remapped_from":null,"stim_val":"\u16cb"}