{"index":1401,"real_prep_time":0.6398056581,"proposed_choice":2,"real_choice":7,"correct":false,"datetime":"180524_171032498806","presses":[7,2,2],"rts":[0.6398056581,1.3918136063,2.2080172477],"will_remap":true,"is_remapped":false,"remapped_from":null,"stim_val":"\u16a2"}