{"index":1101,"real_prep_time":0.5707305972,"proposed_choice":5,"real_choice":6,"correct":false,"datetime":"180524_165733502825","presses":[6,5,5],"rts":[0.5707305972,1.5653573985,1.9810458603],"will_remap":false,"is_remapped":false,"remapped_from":null,"stim_val":"\u16b3"}