{"index":873,"real_prep_time":0.6380672789,"proposed_choice":0,"real_choice":6,"correct":false,"datetime":"180524_164352895332","presses":[6,1,9,0],"rts":[0.6380672789,1.9022495999,3.282983678,4.558069578],"will_remap":false,"is_remapped":false,"remapped_from":null,"stim_val":"\u16ac"}