{"index":583,"real_prep_time":0.6613227928,"proposed_choice":5,"real_choice":4,"correct":false,"datetime":"180524_163241991270","presses":[4,5,5,5],"rts":[0.6613227928,0.7087132739,1.2378427089,1.6850838677],"will_remap":false,"is_remapped":false,"remapped_from":null,"stim_val":"\u16b3"}