{"index":1907,"real_prep_time":0.5690450029,"proposed_choice":6,"real_choice":5,"correct":false,"datetime":"180524_174429216469","presses":[5,6,6],"rts":[0.5690450029,1.5742756827,1.8642281265],"will_remap":true,"is_remapped":false,"remapped_from":null,"stim_val":"\u16bb"}