{"index":2207,"real_prep_time":0.6916259564,"proposed_choice":5,"real_choice":6,"correct":false,"datetime":"180524_175735675223","presses":[6,5,5],"rts":[0.6916259564,1.6197644449,2.0520531379],"will_remap":false,"is_remapped":false,"remapped_from":null,"stim_val":"\u16b3"}