{"index":2204,"real_prep_time":0.5525911029,"proposed_choice":2,"real_choice":7,"correct":false,"datetime":"180524_175729695207","presses":[7,2,2],"rts":[0.5525911029,1.4774358203,1.8020004264],"will_remap":true,"is_remapped":false,"remapped_from":null,"stim_val":"\u16a2"}