{"index":999,"real_prep_time":0.6349535626,"proposed_choice":0,"real_choice":6,"correct":false,"datetime":"180524_164924199893","presses":[6,0,0],"rts":[0.6349535626,1.2085623973,2.1366419428],"will_remap":false,"is_remapped":false,"remapped_from":null,"stim_val":"\u16ac"}