{"index":632,"real_prep_time":1.8497832745,"proposed_choice":1,"real_choice":1,"correct":true,"datetime":"180524_163449354962","presses":[0,1,1],"rts":[0.8373545083,1.8497832745,2.2330800543],"will_remap":false,"is_remapped":false,"remapped_from":null,"stim_val":"\u16cb"}