{"index":1599,"real_prep_time":0.5262960647,"proposed_choice":0,"real_choice":1,"correct":false,"datetime":"180524_171632288005","presses":[1,0,0,0],"rts":[0.5262960647,0.6190800021,1.4683383611,1.9299111779],"will_remap":false,"is_remapped":false,"remapped_from":null,"stim_val":"\u16ac"}