{"index":571,"real_prep_time":0.6086042733,"proposed_choice":0,"real_choice":1,"correct":false,"datetime":"180524_163222168513","presses":[1,0,0],"rts":[0.6086042733,0.6579935386,1.6172923571],"will_remap":false,"is_remapped":false,"remapped_from":null,"stim_val":"\u16ac"}