{"index":2337,"real_prep_time":0.8203158701,"proposed_choice":5,"real_choice":4,"correct":false,"datetime":"180524_180146606377","presses":[4,5,5],"rts":[0.8203158701,1.7987066553,2.1347827452],"will_remap":false,"is_remapped":false,"remapped_from":null,"stim_val":"\u16b3"}