{"index":933,"real_prep_time":0.7879057134,"proposed_choice":2,"real_choice":7,"correct":false,"datetime":"180524_164721216538","presses":[7,2,2],"rts":[0.7879057134,1.3012269825,1.8754809648],"will_remap":true,"is_remapped":false,"remapped_from":null,"stim_val":"\u16a2"}