{"index":526,"real_prep_time":0.8532644316,"proposed_choice":2,"real_choice":7,"correct":false,"datetime":"180524_163109757234","presses":[7,2,2],"rts":[0.8532644316,1.8494278569,2.2789693945],"will_remap":true,"is_remapped":false,"remapped_from":null,"stim_val":"\u16a2"}