{"index":587,"real_prep_time":0.6507403214,"proposed_choice":4,"real_choice":8,"correct":false,"datetime":"180524_163250069998","presses":[8,1,4],"rts":[0.6507403214,1.7352880716,2.9351336467],"will_remap":false,"is_remapped":false,"remapped_from":null,"stim_val":"\u16c7"}