{"index":2183,"real_prep_time":0.598131477,"proposed_choice":2,"real_choice":7,"correct":false,"datetime":"180524_175635940918","presses":[7,2,2],"rts":[0.598131477,1.5717666455,1.9084787921],"will_remap":true,"is_remapped":false,"remapped_from":null,"stim_val":"\u16a2"}