{"index":601,"real_prep_time":0.4917144002,"proposed_choice":3,"real_choice":8,"correct":false,"datetime":"180524_163357733263","presses":[8,3,3],"rts":[0.4917144002,1.4444860858,1.8197270264],"will_remap":true,"is_remapped":false,"remapped_from":null,"stim_val":"\u16a3"}