{"index":1325,"real_prep_time":0.3931540468,"proposed_choice":2,"real_choice":6,"correct":false,"datetime":"180524_170806727876","presses":[6,2,2],"rts":[0.3931540468,1.3867694327,1.7532472179],"will_remap":true,"is_remapped":false,"remapped_from":null,"stim_val":"\u16a2"}