{"index":1614,"real_prep_time":0.6904984146,"proposed_choice":4,"real_choice":3,"correct":false,"datetime":"180524_171736720065","presses":[3,4,4],"rts":[0.6904984146,1.4976101685,1.7972096199],"will_remap":false,"is_remapped":false,"remapped_from":null,"stim_val":"\u16c7"}