{"index":790,"real_prep_time":0.6062210398,"proposed_choice":3,"real_choice":7,"correct":false,"datetime":"180524_163930220696","presses":[7,3,3],"rts":[0.6062210398,1.5836024625,2.000003519],"will_remap":true,"is_remapped":false,"remapped_from":null,"stim_val":"\u16a3"}