{"index":807,"real_prep_time":0.5603366849,"proposed_choice":5,"real_choice":4,"correct":false,"datetime":"180524_164156741574","presses":[4,5,5],"rts":[0.5603366849,1.5187114763,1.869981669],"will_remap":false,"is_remapped":false,"remapped_from":null,"stim_val":"\u16b3"}