{"index":1043,"real_prep_time":2.0134976583,"proposed_choice":4,"real_choice":1,"correct":false,"datetime":"180524_165151936352","presses":[0,1,4,4],"rts":[0.7347672616,2.0134976583,2.9874152254,3.2930758374],"will_remap":false,"is_remapped":false,"remapped_from":null,"stim_val":"\u16c7"}