{"index":1678,"real_prep_time":1.123175369,"proposed_choice":0,"real_choice":1,"correct":false,"datetime":"180524_171935688905","presses":[1,9,9,0],"rts":[1.123175369,2.0849973006,2.4359243923,3.6517303296],"will_remap":false,"is_remapped":false,"remapped_from":null,"stim_val":"\u16ac"}