{"index":2216,"real_prep_time":0.5875009127,"proposed_choice":8,"real_choice":2,"correct":false,"datetime":"180524_175753182686","presses":[2,8,8],"rts":[0.5875009127,1.5844596289,1.9348535941],"will_remap":true,"is_remapped":false,"remapped_from":null,"stim_val":"\u16a6"}