{"index":2122,"real_prep_time":0.7027380352,"proposed_choice":8,"real_choice":7,"correct":false,"datetime":"180524_175450081523","presses":[7,8,8,8],"rts":[0.7027380352,0.7807290342,1.6745468499,1.9969660473],"will_remap":true,"is_remapped":false,"remapped_from":null,"stim_val":"\u16a6"}