{"index":1387,"real_prep_time":0.5019605152,"proposed_choice":1,"real_choice":2,"correct":false,"datetime":"180524_170957784503","presses":[2,1,1],"rts":[0.5019605152,0.5972426396,1.5770260636],"will_remap":false,"is_remapped":false,"remapped_from":null,"stim_val":"\u16cb"}