{"index":91,"real_prep_time":0.8952837667,"proposed_choice":4,"real_choice":1,"correct":false,"datetime":"180524_161810994445","presses":[1,4,4],"rts":[0.8952837667,1.8547160134,2.2546300329],"will_remap":false,"is_remapped":false,"remapped_from":null,"stim_val":"\u16c7"}