{"index":819,"real_prep_time":0.6680484553,"proposed_choice":7,"real_choice":8,"correct":false,"datetime":"180524_164218013021","presses":[8,7,7],"rts":[0.6680484553,1.6247458632,1.9336870501],"will_remap":true,"is_remapped":false,"remapped_from":null,"stim_val":"\u16a0"}