{"index":998,"real_prep_time":0.6179899961,"proposed_choice":2,"real_choice":7,"correct":false,"datetime":"180524_164921218274","presses":[7,2,2],"rts":[0.6179899961,1.4813621292,2.0078200672],"will_remap":true,"is_remapped":false,"remapped_from":null,"stim_val":"\u16a2"}