{"index":593,"real_prep_time":0.5431564075,"proposed_choice":7,"real_choice":8,"correct":false,"datetime":"180524_163259648125","presses":[8,7,7],"rts":[0.5431564075,1.4222246855,1.7582312754],"will_remap":true,"is_remapped":false,"remapped_from":null,"stim_val":"\u16a0"}