{"index":1338,"real_prep_time":0.9858442913,"proposed_choice":4,"real_choice":5,"correct":false,"datetime":"180524_170829748304","presses":[5,4,4],"rts":[0.9858442913,1.9271610901,2.4228000398],"will_remap":false,"is_remapped":false,"remapped_from":null,"stim_val":"\u16c7"}