{"index":574,"real_prep_time":0.4743587601,"proposed_choice":3,"real_choice":6,"correct":false,"datetime":"180524_163227765188","presses":[6,3,3],"rts":[0.4743587601,1.358489393,1.7863344861],"will_remap":true,"is_remapped":false,"remapped_from":null,"stim_val":"\u16a3"}