{"index":1415,"real_prep_time":1.3984832583,"proposed_choice":7,"real_choice":7,"correct":true,"datetime":"180524_171055853276","presses":[0,7,7],"rts":[0.423245778,1.3984832583,1.7346625717],"will_remap":true,"is_remapped":false,"remapped_from":null,"stim_val":"\u16a0"}