{"index":1909,"real_prep_time":0.3953182234,"proposed_choice":7,"real_choice":6,"correct":false,"datetime":"180524_174433281309","presses":[6,7,7],"rts":[0.3953182234,0.4444746491,1.4975723394],"will_remap":true,"is_remapped":false,"remapped_from":null,"stim_val":"\u16a0"}