{"index":1422,"real_prep_time":0.552315449,"proposed_choice":2,"real_choice":7,"correct":false,"datetime":"180524_171107062853","presses":[7,2,2],"rts":[0.552315449,0.5855552066,1.6886430291],"will_remap":true,"is_remapped":false,"remapped_from":null,"stim_val":"\u16a2"}