{"index":67,"real_prep_time":0.6778004459,"proposed_choice":4,"real_choice":1,"correct":false,"datetime":"180524_161730849484","presses":[1,4,4],"rts":[0.6778004459,1.6067104721,2.005759994],"will_remap":false,"is_remapped":false,"remapped_from":null,"stim_val":"\u16c7"}