{"index":935,"real_prep_time":0.5686749228,"proposed_choice":7,"real_choice":6,"correct":false,"datetime":"180524_164725264252","presses":[6,7,7,7],"rts":[0.5686749228,0.6181078822,1.5264142439,1.94241179],"will_remap":true,"is_remapped":false,"remapped_from":null,"stim_val":"\u16a0"}