{"index":2479,"real_prep_time":1.2015877666,"proposed_choice":4,"real_choice":3,"correct":false,"datetime":"180524_180937552079","presses":[3,4,4],"rts":[1.2015877666,2.1323722395,2.4480440741],"will_remap":false,"is_remapped":false,"remapped_from":null,"stim_val":"\u16c7"}