{"index":1019,"real_prep_time":0.8350677537,"proposed_choice":0,"real_choice":1,"correct":false,"datetime":"180524_165109259548","presses":[1,0,0],"rts":[0.8350677537,1.8105430588,2.0841594887],"will_remap":false,"is_remapped":false,"remapped_from":null,"stim_val":"\u16ac"}