{"index":545,"real_prep_time":0.639529711,"proposed_choice":3,"real_choice":8,"correct":false,"datetime":"180524_163139491019","presses":[8,3,3],"rts":[0.639529711,1.5356301757,1.871515947],"will_remap":true,"is_remapped":false,"remapped_from":null,"stim_val":"\u16a3"}