{"index":2248,"real_prep_time":0.6981610071,"proposed_choice":0,"real_choice":1,"correct":false,"datetime":"180524_175855548589","presses":[1,0,0],"rts":[0.6981610071,0.7757892573,1.8022787196],"will_remap":false,"is_remapped":false,"remapped_from":null,"stim_val":"\u16ac"}