{"index":2361,"real_prep_time":0.8356258062,"proposed_choice":5,"real_choice":9,"correct":false,"datetime":"180524_180226718213","presses":[9,5,5],"rts":[0.8356258062,1.7656771571,2.0851087352],"will_remap":false,"is_remapped":false,"remapped_from":null,"stim_val":"\u16b3"}