{"index":338,"real_prep_time":0.5926424449,"proposed_choice":9,"real_choice":8,"correct":false,"datetime":"180524_162535704587","presses":[8,9,9,9],"rts":[0.5926424449,0.6409716156,1.5377409809,2.0343728712],"will_remap":true,"is_remapped":false,"remapped_from":null,"stim_val":"\u16bc"}