{"index":2100,"real_prep_time":1.5358838359,"proposed_choice":9,"real_choice":9,"correct":true,"datetime":"180524_175409086425","presses":[0,9,9],"rts":[0.6551153011,1.5358838359,1.9855055889],"will_remap":true,"is_remapped":false,"remapped_from":null,"stim_val":"\u16bc"}