{"index":68,"real_prep_time":1.0620872339,"proposed_choice":6,"real_choice":7,"correct":false,"datetime":"180524_161733948096","presses":[7,6,6],"rts":[1.0620872339,1.9413279422,2.2638280764],"will_remap":true,"is_remapped":false,"remapped_from":null,"stim_val":"\u16bb"}