{"index":2117,"real_prep_time":1.4858549949,"proposed_choice":3,"real_choice":3,"correct":true,"datetime":"180524_175440103990","presses":[0,3,3],"rts":[0.5725821705,1.4858549949,1.788532093],"will_remap":true,"is_remapped":false,"remapped_from":null,"stim_val":"\u16a3"}