{"index":817,"real_prep_time":0.7570620922,"proposed_choice":9,"real_choice":4,"correct":false,"datetime":"180524_164213782495","presses":[4,9,9],"rts":[0.7570620922,1.6840794904,1.9858607133],"will_remap":true,"is_remapped":false,"remapped_from":null,"stim_val":"\u16bc"}