{"index":2095,"real_prep_time":1.3571929398,"proposed_choice":0,"real_choice":6,"correct":false,"datetime":"180524_175348997451","presses":[6,0,0],"rts":[1.3571929398,2.2714343652,2.5742228978],"will_remap":false,"is_remapped":false,"remapped_from":null,"stim_val":"\u16ac"}