{"index":1951,"real_prep_time":0.5472853514,"proposed_choice":3,"real_choice":6,"correct":false,"datetime":"180524_174542893403","presses":[6,3,3],"rts":[0.5472853514,0.641067508,1.6522042197],"will_remap":true,"is_remapped":false,"remapped_from":null,"stim_val":"\u16a3"}