{"index":2006,"real_prep_time":0.6207532801,"proposed_choice":3,"real_choice":8,"correct":false,"datetime":"180524_175103453581","presses":[8,3,3],"rts":[0.6207532801,1.60149944,1.9519036689],"will_remap":true,"is_remapped":false,"remapped_from":null,"stim_val":"\u16a3"}