{"index":1089,"real_prep_time":0.7116284607,"proposed_choice":2,"real_choice":7,"correct":false,"datetime":"180524_165312560080","presses":[7,2,2],"rts":[0.7116284607,1.7150222297,2.1760742365],"will_remap":true,"is_remapped":false,"remapped_from":null,"stim_val":"\u16a2"}