{"index":1674,"real_prep_time":0.5861569532,"proposed_choice":8,"real_choice":7,"correct":false,"datetime":"180524_171926044093","presses":[7,8,8,8],"rts":[0.5861569532,0.6695091278,1.4681389519,1.8355064539],"will_remap":true,"is_remapped":false,"remapped_from":null,"stim_val":"\u16a6"}