{"index":1413,"real_prep_time":0.5445305717,"proposed_choice":0,"real_choice":1,"correct":false,"datetime":"180524_171051987791","presses":[1,0,0,0],"rts":[0.5445305717,0.6725697661,1.5011426442,1.8564538062],"will_remap":false,"is_remapped":false,"remapped_from":null,"stim_val":"\u16ac"}