{"index":1005,"real_prep_time":0.7188236146,"proposed_choice":5,"real_choice":6,"correct":false,"datetime":"180524_165046222701","presses":[6,5,5],"rts":[0.7188236146,1.6798086141,2.080235819],"will_remap":false,"is_remapped":false,"remapped_from":null,"stim_val":"\u16b3"}