{"index":1559,"real_prep_time":0.7689524535,"proposed_choice":6,"real_choice":7,"correct":false,"datetime":"180524_171519694096","presses":[7,6,6],"rts":[0.7689524535,0.8631862133,2.0026128473],"will_remap":true,"is_remapped":false,"remapped_from":null,"stim_val":"\u16bb"}