{"index":855,"real_prep_time":1.4438758349,"proposed_choice":9,"real_choice":9,"correct":true,"datetime":"180524_164316615353","presses":[0,9,9],"rts":[0.5512119536,1.4438758349,2.0358960057],"will_remap":true,"is_remapped":false,"remapped_from":null,"stim_val":"\u16bc"}