{"index":780,"real_prep_time":1.347173213,"proposed_choice":9,"real_choice":9,"correct":true,"datetime":"180524_163912963069","presses":[0,9,9],"rts":[0.4675448296,1.347173213,1.8389867314],"will_remap":true,"is_remapped":false,"remapped_from":null,"stim_val":"\u16bc"}