{"index":770,"real_prep_time":0.6360412225,"proposed_choice":0,"real_choice":1,"correct":false,"datetime":"180524_163853807078","presses":[1,0,0],"rts":[0.6360412225,0.6521611121,1.6605882044],"will_remap":false,"is_remapped":false,"remapped_from":null,"stim_val":"\u16ac"}