{"index":1651,"real_prep_time":0.6599216498,"proposed_choice":1,"real_choice":2,"correct":false,"datetime":"180524_171842368100","presses":[2,6,1],"rts":[0.6599216498,1.8082199413,2.9468562697],"will_remap":false,"is_remapped":false,"remapped_from":null,"stim_val":"\u16cb"}