{"index":1380,"real_prep_time":0.6960120795,"proposed_choice":6,"real_choice":5,"correct":false,"datetime":"180524_170943491895","presses":[5,6,6],"rts":[0.6960120795,1.6697158683,1.9568305429],"will_remap":true,"is_remapped":false,"remapped_from":null,"stim_val":"\u16bb"}