{"index":1304,"real_prep_time":0.5605044232,"proposed_choice":7,"real_choice":2,"correct":false,"datetime":"180524_170727098471","presses":[2,8,7],"rts":[0.5605044232,0.656543423,1.6186207744],"will_remap":true,"is_remapped":false,"remapped_from":null,"stim_val":"\u16a0"}