{"index":1970,"real_prep_time":0.5810421067,"proposed_choice":7,"real_choice":2,"correct":false,"datetime":"180524_174615259305","presses":[2,7,7],"rts":[0.5810421067,0.6279985795,1.6359412248],"will_remap":true,"is_remapped":false,"remapped_from":null,"stim_val":"\u16a0"}