{"index":886,"real_prep_time":1.0723867202,"proposed_choice":4,"real_choice":3,"correct":false,"datetime":"180524_164415916666","presses":[3,4,4],"rts":[1.0723867202,1.8883847941,2.5001599672],"will_remap":false,"is_remapped":false,"remapped_from":null,"stim_val":"\u16c7"}