{"index":1212,"real_prep_time":0.7574365711,"proposed_choice":4,"real_choice":1,"correct":false,"datetime":"180524_170044849468","presses":[1,4,4],"rts":[0.7574365711,1.7654290685,2.2424816126],"will_remap":false,"is_remapped":false,"remapped_from":null,"stim_val":"\u16c7"}