{"index":280,"real_prep_time":0.4994203936,"proposed_choice":3,"real_choice":6,"correct":false,"datetime":"180524_162348945477","presses":[6,3,3,3],"rts":[0.4994203936,0.5514374619,1.4096014953,1.8898580763],"will_remap":true,"is_remapped":false,"remapped_from":null,"stim_val":"\u16a3"}