{"index":736,"real_prep_time":0.5373163566,"proposed_choice":0,"real_choice":1,"correct":false,"datetime":"180524_163752256944","presses":[1,0,0],"rts":[0.5373163566,0.5699441038,1.6417170541],"will_remap":false,"is_remapped":false,"remapped_from":null,"stim_val":"\u16ac"}