{"index":1469,"real_prep_time":0.6223060327,"proposed_choice":5,"real_choice":3,"correct":false,"datetime":"180524_171236082115","presses":[3,5,5],"rts":[0.6223060327,0.7189840217,1.725621123],"will_remap":false,"is_remapped":false,"remapped_from":null,"stim_val":"\u16b3"}