{"index":52,"real_prep_time":0.6285381574,"proposed_choice":4,"real_choice":1,"correct":false,"datetime":"180524_161658600204","presses":[1,4,4],"rts":[0.6285381574,1.5840778188,1.9663153838],"will_remap":false,"is_remapped":false,"remapped_from":null,"stim_val":"\u16c7"}