{"index":404,"real_prep_time":1.6030316653,"proposed_choice":4,"real_choice":4,"correct":true,"datetime":"180524_162737105388","presses":[0,4,4],"rts":[0.7070675613,1.6030316653,1.9231086841],"will_remap":false,"is_remapped":false,"remapped_from":null,"stim_val":"\u16c7"}