{"index":952,"real_prep_time":0.7860157246,"proposed_choice":1,"real_choice":7,"correct":false,"datetime":"180524_164754814956","presses":[7,1,1],"rts":[0.7860157246,1.7971750165,2.1938418914],"will_remap":false,"is_remapped":false,"remapped_from":null,"stim_val":"\u16cb"}