{"index":451,"real_prep_time":0.6005607505,"proposed_choice":7,"real_choice":8,"correct":false,"datetime":"180524_162859311313","presses":[8,7,7],"rts":[0.6005607505,1.5742082354,1.9422003576],"will_remap":true,"is_remapped":false,"remapped_from":null,"stim_val":"\u16a0"}