{"index":1939,"real_prep_time":0.6880163563,"proposed_choice":5,"real_choice":6,"correct":false,"datetime":"180524_174521838331","presses":[6,5,5],"rts":[0.6880163563,1.6796115509,1.9846495955],"will_remap":false,"is_remapped":false,"remapped_from":null,"stim_val":"\u16b3"}