{"index":1638,"real_prep_time":0.5696353128,"proposed_choice":6,"real_choice":7,"correct":false,"datetime":"180524_171818397360","presses":[7,6,6],"rts":[0.5696353128,1.5465498833,1.8686177686],"will_remap":true,"is_remapped":false,"remapped_from":null,"stim_val":"\u16bb"}