{"index":2300,"real_prep_time":0.5859880419,"proposed_choice":1,"real_choice":2,"correct":false,"datetime":"180524_180040792319","presses":[2,1,1],"rts":[0.5859880419,0.8425916395,1.6053896793],"will_remap":false,"is_remapped":false,"remapped_from":null,"stim_val":"\u16cb"}