{"index":281,"real_prep_time":0.5505034643,"proposed_choice":0,"real_choice":6,"correct":false,"datetime":"180524_162351510719","presses":[6,0,0],"rts":[0.5505034643,1.3670220549,1.7181860916],"will_remap":false,"is_remapped":false,"remapped_from":null,"stim_val":"\u16ac"}