{"index":1837,"real_prep_time":0.6373174416,"proposed_choice":5,"real_choice":3,"correct":false,"datetime":"180524_174217104375","presses":[3,5,5],"rts":[0.6373174416,1.6308243255,2.0308615094],"will_remap":false,"is_remapped":false,"remapped_from":null,"stim_val":"\u16b3"}