{"index":2016,"real_prep_time":0.8033825082,"proposed_choice":4,"real_choice":8,"correct":false,"datetime":"180524_175121726888","presses":[8,4,4],"rts":[0.8033825082,1.7974401134,2.1511143603],"will_remap":false,"is_remapped":false,"remapped_from":null,"stim_val":"\u16c7"}