{"index":525,"real_prep_time":0.476926447,"proposed_choice":0,"real_choice":1,"correct":false,"datetime":"180524_163106642427","presses":[1,0,0,0],"rts":[0.476926447,0.542577241,1.3890034026,1.7889734326],"will_remap":false,"is_remapped":false,"remapped_from":null,"stim_val":"\u16ac"}