{"index":1606,"real_prep_time":0.5781277996,"proposed_choice":2,"real_choice":7,"correct":false,"datetime":"180524_171721277973","presses":[7,2,2],"rts":[0.5781277996,1.4736872202,1.7335268189],"will_remap":true,"is_remapped":false,"remapped_from":null,"stim_val":"\u16a2"}