{"index":233,"real_prep_time":0.606494641,"proposed_choice":7,"real_choice":6,"correct":false,"datetime":"180524_162228672077","presses":[6,7,7],"rts":[0.606494641,0.6583061418,1.7103496025],"will_remap":true,"is_remapped":false,"remapped_from":null,"stim_val":"\u16a0"}