{"index":756,"real_prep_time":0.578216654,"proposed_choice":6,"real_choice":1,"correct":false,"datetime":"180524_163829569815","presses":[1,6,6],"rts":[0.578216654,1.1194255959,1.8234207889],"will_remap":true,"is_remapped":false,"remapped_from":null,"stim_val":"\u16bb"}