{"index":2481,"real_prep_time":0.6410070987,"proposed_choice":4,"real_choice":3,"correct":false,"datetime":"180524_180941750353","presses":[3,4,4],"rts":[0.6410070987,1.5529869889,1.8569737363],"will_remap":false,"is_remapped":false,"remapped_from":null,"stim_val":"\u16c7"}