{"index":691,"real_prep_time":0.5517553437,"proposed_choice":2,"real_choice":7,"correct":false,"datetime":"180524_163628568484","presses":[7,2,2],"rts":[0.5517553437,1.4008990423,1.7841902505],"will_remap":true,"is_remapped":false,"remapped_from":null,"stim_val":"\u16a2"}