{"index":2029,"real_prep_time":0.6547742526,"proposed_choice":0,"real_choice":6,"correct":false,"datetime":"180524_175148062973","presses":[6,1,0],"rts":[0.6547742526,1.6180275319,2.0009926474],"will_remap":false,"is_remapped":false,"remapped_from":null,"stim_val":"\u16ac"}