{"index":1113,"real_prep_time":1.7015970039,"proposed_choice":9,"real_choice":9,"correct":true,"datetime":"180524_165754008307","presses":[0,9,9],"rts":[0.7386618996,1.7015970039,2.0237499314],"will_remap":true,"is_remapped":false,"remapped_from":null,"stim_val":"\u16bc"}