{"index":2103,"real_prep_time":0.5359234245,"proposed_choice":2,"real_choice":7,"correct":false,"datetime":"180524_175416049586","presses":[7,2,2],"rts":[0.5359234245,0.6187964305,1.8964344751],"will_remap":true,"is_remapped":false,"remapped_from":null,"stim_val":"\u16a2"}