{"index":2152,"real_prep_time":0.917012627,"proposed_choice":9,"real_choice":7,"correct":false,"datetime":"180524_175539154876","presses":[7,9,9],"rts":[0.917012627,1.8896460574,2.2096353949],"will_remap":true,"is_remapped":false,"remapped_from":null,"stim_val":"\u16bc"}