{"index":1881,"real_prep_time":0.5601020858,"proposed_choice":2,"real_choice":7,"correct":false,"datetime":"180524_174337644226","presses":[7,2,2],"rts":[0.5601020858,0.6237112813,1.5851074156],"will_remap":true,"is_remapped":false,"remapped_from":null,"stim_val":"\u16a2"}