{"index":1851,"real_prep_time":1.6392250254,"proposed_choice":4,"real_choice":4,"correct":true,"datetime":"180524_174244456498","presses":[0,4,4],"rts":[0.7443262945,1.6392250254,2.0870984287],"will_remap":false,"is_remapped":false,"remapped_from":null,"stim_val":"\u16c7"}