{"index":1311,"real_prep_time":1.1191496487,"proposed_choice":7,"real_choice":6,"correct":false,"datetime":"180524_170743290116","presses":[6,1,7],"rts":[1.1191496487,2.2729050082,3.983864275],"will_remap":true,"is_remapped":false,"remapped_from":null,"stim_val":"\u16a0"}