{"index":699,"real_prep_time":0.6101341525,"proposed_choice":0,"real_choice":6,"correct":false,"datetime":"180524_163642544135","presses":[6,0,0],"rts":[0.6101341525,1.4740921968,1.858134122],"will_remap":false,"is_remapped":false,"remapped_from":null,"stim_val":"\u16ac"}