{"index":1299,"real_prep_time":0.5785603417,"proposed_choice":1,"real_choice":2,"correct":false,"datetime":"180524_170316250998","presses":[2,1,1,1],"rts":[0.5785603417,0.635669383,1.5660125164,1.851769449],"will_remap":false,"is_remapped":false,"remapped_from":null,"stim_val":"\u16cb"}