{"index":1158,"real_prep_time":1.2920277659,"proposed_choice":5,"real_choice":4,"correct":false,"datetime":"180524_165908900522","presses":[4,5,5],"rts":[1.2920277659,2.2559695936,2.5880536868],"will_remap":false,"is_remapped":false,"remapped_from":null,"stim_val":"\u16b3"}