{"index":348,"real_prep_time":1.0830254953,"proposed_choice":4,"real_choice":1,"correct":false,"datetime":"180524_162552495610","presses":[1,4,4],"rts":[1.0830254953,2.039611762,2.3915702098],"will_remap":false,"is_remapped":false,"remapped_from":null,"stim_val":"\u16c7"}