{"index":1437,"real_prep_time":0.5207055685,"proposed_choice":8,"real_choice":3,"correct":false,"datetime":"180524_171134431913","presses":[3,8,8],"rts":[0.5207055685,1.510846542,1.846491556],"will_remap":true,"is_remapped":false,"remapped_from":null,"stim_val":"\u16a6"}