{"index":860,"real_prep_time":0.8607223364,"proposed_choice":1,"real_choice":3,"correct":false,"datetime":"180524_164327125682","presses":[3,1,1],"rts":[0.8607223364,1.8536685285,2.2527432697],"will_remap":false,"is_remapped":false,"remapped_from":null,"stim_val":"\u16cb"}