{"index":2242,"real_prep_time":0.619044519,"proposed_choice":1,"real_choice":6,"correct":false,"datetime":"180524_175841040078","presses":[6,1,1],"rts":[0.619044519,1.5294921839,1.8681239375],"will_remap":false,"is_remapped":false,"remapped_from":null,"stim_val":"\u16cb"}