{"index":2102,"real_prep_time":1.6863597935,"proposed_choice":1,"real_choice":1,"correct":true,"datetime":"180524_175413317960","presses":[0,1,1],"rts":[0.7419348501,1.6863597935,1.9899943491],"will_remap":false,"is_remapped":false,"remapped_from":null,"stim_val":"\u16cb"}