{"index":1186,"real_prep_time":0.6195049197,"proposed_choice":6,"real_choice":3,"correct":false,"datetime":"180524_165958224442","presses":[3,6,6],"rts":[0.6195049197,1.5831241736,1.9935825421],"will_remap":true,"is_remapped":false,"remapped_from":null,"stim_val":"\u16bb"}