{"index":1992,"real_prep_time":1.4087320125,"proposed_choice":7,"real_choice":2,"correct":false,"datetime":"180524_174701334187","presses":[2,7,7],"rts":[1.4087320125,2.4021875778,2.6887081303],"will_remap":true,"is_remapped":false,"remapped_from":null,"stim_val":"\u16a0"}