{"index":2270,"real_prep_time":0.5922078501,"proposed_choice":6,"real_choice":7,"correct":false,"datetime":"180524_175935044336","presses":[7,6,6],"rts":[0.5922078501,1.4700092931,1.7419239999],"will_remap":true,"is_remapped":false,"remapped_from":null,"stim_val":"\u16bb"}