{"index":1170,"real_prep_time":0.6483887588,"proposed_choice":7,"real_choice":2,"correct":false,"datetime":"180524_165930239415","presses":[2,7,7],"rts":[0.6483887588,1.5777814727,1.8941398028],"will_remap":true,"is_remapped":false,"remapped_from":null,"stim_val":"\u16a0"}