{"index":2222,"real_prep_time":0.5899052601,"proposed_choice":7,"real_choice":2,"correct":false,"datetime":"180524_175804642191","presses":[2,7,7],"rts":[0.5899052601,0.6869515696,1.7099182334],"will_remap":true,"is_remapped":false,"remapped_from":null,"stim_val":"\u16a0"}