{"index":1878,"real_prep_time":0.6026310874,"proposed_choice":3,"real_choice":5,"correct":false,"datetime":"180524_174332047140","presses":[5,3,3],"rts":[0.6026310874,1.59402482,1.9160648467],"will_remap":true,"is_remapped":false,"remapped_from":null,"stim_val":"\u16a3"}