{"index":1459,"real_prep_time":0.6354268662,"proposed_choice":2,"real_choice":7,"correct":false,"datetime":"180524_171212878529","presses":[7,2,2],"rts":[0.6354268662,1.5761589268,1.8847787129],"will_remap":true,"is_remapped":false,"remapped_from":null,"stim_val":"\u16a2"}