{"index":498,"real_prep_time":0.8115019825,"proposed_choice":6,"real_choice":7,"correct":false,"datetime":"180524_163016336081","presses":[7,6,6],"rts":[0.8115019825,1.7384709946,2.0748916519],"will_remap":true,"is_remapped":false,"remapped_from":null,"stim_val":"\u16bb"}