{"index":1251,"real_prep_time":0.4756637175,"proposed_choice":0,"real_choice":2,"correct":false,"datetime":"180524_170152912144","presses":[2,0,0],"rts":[0.4756637175,0.5242195695,1.6434525009],"will_remap":false,"is_remapped":false,"remapped_from":null,"stim_val":"\u16ac"}