{"index":1384,"real_prep_time":0.4858189253,"proposed_choice":0,"real_choice":6,"correct":false,"datetime":"180524_170952653968","presses":[6,0,0],"rts":[0.4858189253,1.4943850175,1.7850327544],"will_remap":false,"is_remapped":false,"remapped_from":null,"stim_val":"\u16ac"}