{"index":602,"real_prep_time":1.650711583,"proposed_choice":4,"real_choice":4,"correct":true,"datetime":"180524_163400681758","presses":[0,4,4],"rts":[0.6743788183,1.650711583,2.1001550406],"will_remap":false,"is_remapped":false,"remapped_from":null,"stim_val":"\u16c7"}