{"index":2400,"real_prep_time":0.8440842762,"proposed_choice":4,"real_choice":1,"correct":false,"datetime":"180524_180710731814","presses":[1,4,4],"rts":[0.8440842762,1.8370398522,2.2534473602],"will_remap":false,"is_remapped":false,"remapped_from":null,"stim_val":"\u16c7"}