{"index":1931,"real_prep_time":0.7150037551,"proposed_choice":4,"real_choice":3,"correct":false,"datetime":"180524_174507495882","presses":[3,4,4],"rts":[0.7150037551,1.68531876,2.0042702898],"will_remap":false,"is_remapped":false,"remapped_from":null,"stim_val":"\u16c7"}