{"index":1292,"real_prep_time":0.5444549134,"proposed_choice":8,"real_choice":3,"correct":false,"datetime":"180524_170301975042","presses":[3,8,8],"rts":[0.5444549134,0.6279067926,1.9209629823],"will_remap":true,"is_remapped":false,"remapped_from":null,"stim_val":"\u16a6"}