{"index":2421,"real_prep_time":1.5514403944,"proposed_choice":1,"real_choice":2,"correct":false,"datetime":"180524_180749327246","presses":[2,4,1,1,1],"rts":[1.5514403944,3.0524323086,3.4521032248,3.9504236419,4.3838882628],"will_remap":false,"is_remapped":false,"remapped_from":null,"stim_val":"\u16cb"}