{"index":153,"real_prep_time":0.5932823139,"proposed_choice":4,"real_choice":1,"correct":false,"datetime":"180524_161959385913","presses":[1,4,4],"rts":[0.5932823139,1.5980848504,1.9651013336],"will_remap":false,"is_remapped":false,"remapped_from":null,"stim_val":"\u16c7"}