{"index":1945,"real_prep_time":0.6590539264,"proposed_choice":9,"real_choice":9,"correct":true,"datetime":"180524_174533214680","presses":[0,9,9],"rts":[0.5969634667,0.6590539264,1.7676152387],"will_remap":true,"is_remapped":false,"remapped_from":null,"stim_val":"\u16bc"}