{"index":1905,"real_prep_time":1.5974083253,"proposed_choice":4,"real_choice":4,"correct":true,"datetime":"180524_174425118489","presses":[0,4,4],"rts":[0.6033794584,1.5974083253,1.9511925405],"will_remap":false,"is_remapped":false,"remapped_from":null,"stim_val":"\u16c7"}