{"index":2090,"real_prep_time":1.3423815268,"proposed_choice":9,"real_choice":9,"correct":true,"datetime":"180524_175337937107","presses":[0,9,9],"rts":[0.5144224185,1.3423815268,1.6806824957],"will_remap":true,"is_remapped":false,"remapped_from":null,"stim_val":"\u16bc"}