{"index":1667,"real_prep_time":0.6854580533,"proposed_choice":7,"real_choice":6,"correct":false,"datetime":"180524_171910119445","presses":[6,1,7],"rts":[0.6854580533,1.6594668208,2.2068976236],"will_remap":true,"is_remapped":false,"remapped_from":null,"stim_val":"\u16a0"}