{"index":1799,"real_prep_time":1.0516000684,"proposed_choice":0,"real_choice":1,"correct":false,"datetime":"180524_173529940434","presses":[1,0,0],"rts":[1.0516000684,2.0387428657,2.4080117933],"will_remap":false,"is_remapped":false,"remapped_from":null,"stim_val":"\u16ac"}