{"index":1266,"real_prep_time":0.7780733726,"proposed_choice":1,"real_choice":6,"correct":false,"datetime":"180524_170218348564","presses":[6,1,1],"rts":[0.7780733726,1.7494349827,2.1184825075],"will_remap":false,"is_remapped":false,"remapped_from":null,"stim_val":"\u16cb"}