{"index":2465,"real_prep_time":2.0346910462,"proposed_choice":6,"real_choice":6,"correct":true,"datetime":"180524_180909483814","presses":[0,6,6],"rts":[1.0381654586,2.0346910462,2.3351678982],"will_remap":true,"is_remapped":false,"remapped_from":null,"stim_val":"\u16bb"}