{"index":1381,"real_prep_time":0.5361723928,"proposed_choice":5,"real_choice":3,"correct":false,"datetime":"180524_170946090439","presses":[3,5,5],"rts":[0.5361723928,1.4652953177,1.7517627922],"will_remap":false,"is_remapped":false,"remapped_from":null,"stim_val":"\u16b3"}