{"index":444,"real_prep_time":0.5776756099,"proposed_choice":5,"real_choice":3,"correct":false,"datetime":"180524_162844568644","presses":[3,5,5],"rts":[0.5776756099,1.4995113008,1.8336314208],"will_remap":false,"is_remapped":false,"remapped_from":null,"stim_val":"\u16b3"}