{"index":2181,"real_prep_time":1.5853405484,"proposed_choice":1,"real_choice":1,"correct":true,"datetime":"180524_175631626564","presses":[0,1,1],"rts":[0.6394047869,1.5853405484,1.9034979603],"will_remap":false,"is_remapped":false,"remapped_from":null,"stim_val":"\u16cb"}