{"index":1964,"real_prep_time":0.8352809456,"proposed_choice":3,"real_choice":5,"correct":false,"datetime":"180524_174605697747","presses":[5,4,4,3],"rts":[0.8352809456,1.8554479625,2.1594080244,2.9434302432],"will_remap":true,"is_remapped":false,"remapped_from":null,"stim_val":"\u16a3"}