{"index":1750,"real_prep_time":0.6097280029,"proposed_choice":8,"real_choice":3,"correct":false,"datetime":"180524_173358490270","presses":[3,8,8],"rts":[0.6097280029,0.6893975584,1.935460326],"will_remap":true,"is_remapped":false,"remapped_from":null,"stim_val":"\u16a6"}