{"index":492,"real_prep_time":1.0171984588,"proposed_choice":4,"real_choice":1,"correct":false,"datetime":"180524_163006108745","presses":[1,4,4],"rts":[1.0171984588,1.916117045,2.732356756],"will_remap":false,"is_remapped":false,"remapped_from":null,"stim_val":"\u16c7"}