{"index":108,"real_prep_time":1.2155980238,"proposed_choice":2,"real_choice":7,"correct":false,"datetime":"180524_161845242578","presses":[7,2,2],"rts":[1.2155980238,1.9998413523,2.4643158665],"will_remap":true,"is_remapped":false,"remapped_from":null,"stim_val":"\u16a2"}