{"index":1264,"real_prep_time":0.5445472868,"proposed_choice":2,"real_choice":7,"correct":false,"datetime":"180524_170214101388","presses":[7,2,2],"rts":[0.5445472868,1.4868186106,1.8386776471],"will_remap":true,"is_remapped":false,"remapped_from":null,"stim_val":"\u16a2"}