{"index":1975,"real_prep_time":0.7121428192,"proposed_choice":3,"real_choice":2,"correct":false,"datetime":"180524_174628818490","presses":[2,3,3],"rts":[0.7121428192,0.7618062721,1.9431314227],"will_remap":true,"is_remapped":false,"remapped_from":null,"stim_val":"\u16a3"}