{"index":789,"real_prep_time":0.6509039543,"proposed_choice":9,"real_choice":1,"correct":false,"datetime":"180524_163927388950","presses":[1,9,9],"rts":[0.6509039543,1.4338649056,1.8991323646],"will_remap":true,"is_remapped":false,"remapped_from":null,"stim_val":"\u16bc"}