{"index":2088,"real_prep_time":1.45990687,"proposed_choice":9,"real_choice":9,"correct":true,"datetime":"180524_175333756000","presses":[0,9,9],"rts":[0.6758227756,1.45990687,2.0852348323],"will_remap":true,"is_remapped":false,"remapped_from":null,"stim_val":"\u16bc"}