{"index":752,"real_prep_time":1.5270165771,"proposed_choice":1,"real_choice":1,"correct":true,"datetime":"180524_163821374400","presses":[0,1,1],"rts":[0.6015437206,1.5270165771,1.8933738369],"will_remap":false,"is_remapped":false,"remapped_from":null,"stim_val":"\u16cb"}