{"index":293,"real_prep_time":0.6278393454,"proposed_choice":7,"real_choice":8,"correct":false,"datetime":"180524_162413382377","presses":[8,6,7],"rts":[0.6278393454,1.7739030807,3.1239178751],"will_remap":true,"is_remapped":false,"remapped_from":null,"stim_val":"\u16a0"}