{"index":2294,"real_prep_time":1.826984349,"proposed_choice":0,"real_choice":2,"correct":false,"datetime":"180524_180020003137","presses":[2,7,0],"rts":[1.826984349,2.9630526971,4.2264590816],"will_remap":false,"is_remapped":false,"remapped_from":null,"stim_val":"\u16ac"}