{"index":326,"real_prep_time":1.2693760515,"proposed_choice":5,"real_choice":9,"correct":false,"datetime":"180524_162514582731","presses":[9,5,5],"rts":[1.2693760515,2.1341469816,2.4872540852],"will_remap":false,"is_remapped":false,"remapped_from":null,"stim_val":"\u16b3"}