{"index":728,"real_prep_time":0.5765970406,"proposed_choice":5,"real_choice":3,"correct":false,"datetime":"180524_163737997835","presses":[3,5,5],"rts":[0.5765970406,1.2827807499,1.7142788439],"will_remap":false,"is_remapped":false,"remapped_from":null,"stim_val":"\u16b3"}