{"index":2012,"real_prep_time":0.5190786239,"proposed_choice":3,"real_choice":6,"correct":false,"datetime":"180524_175113298119","presses":[6,3,3],"rts":[0.5190786239,1.5246409681,1.8434713861],"will_remap":true,"is_remapped":false,"remapped_from":null,"stim_val":"\u16a3"}