{"index":620,"real_prep_time":0.7495203182,"proposed_choice":9,"real_choice":5,"correct":false,"datetime":"180524_163429399566","presses":[5,9,9],"rts":[0.7495203182,1.7394533783,2.2199668453],"will_remap":true,"is_remapped":false,"remapped_from":null,"stim_val":"\u16bc"}