{"index":99,"real_prep_time":0.7658141043,"proposed_choice":4,"real_choice":1,"correct":false,"datetime":"180524_161823904334","presses":[1,4,4],"rts":[0.7658141043,1.7557756095,2.1261911402],"will_remap":false,"is_remapped":false,"remapped_from":null,"stim_val":"\u16c7"}