{"index":2252,"real_prep_time":0.59938189,"proposed_choice":7,"real_choice":8,"correct":false,"datetime":"180524_175902578112","presses":[8,7,7],"rts":[0.59938189,1.5742504633,1.8768768293],"will_remap":true,"is_remapped":false,"remapped_from":null,"stim_val":"\u16a0"}