{"index":62,"real_prep_time":0.9349377565,"proposed_choice":4,"real_choice":1,"correct":false,"datetime":"180524_161721038187","presses":[1,4,4],"rts":[0.9349377565,1.9439434287,2.359012549],"will_remap":false,"is_remapped":false,"remapped_from":null,"stim_val":"\u16c7"}