{"index":1603,"real_prep_time":0.5580818944,"proposed_choice":7,"real_choice":2,"correct":false,"datetime":"180524_171715948099","presses":[2,7,7],"rts":[0.5580818944,0.6057524282,1.5519873035],"will_remap":true,"is_remapped":false,"remapped_from":null,"stim_val":"\u16a0"}