{"index":666,"real_prep_time":0.6408370144,"proposed_choice":1,"real_choice":7,"correct":false,"datetime":"180524_163544409080","presses":[7,2,6,1],"rts":[0.6408370144,1.7641317356,2.8995332358,4.0660909605],"will_remap":false,"is_remapped":false,"remapped_from":null,"stim_val":"\u16cb"}