{"index":2027,"real_prep_time":0.8092131752,"proposed_choice":9,"real_choice":4,"correct":false,"datetime":"180524_175143832007","presses":[4,9,9],"rts":[0.8092131752,1.8016370911,2.5412001444],"will_remap":true,"is_remapped":false,"remapped_from":null,"stim_val":"\u16bc"}