{"index":1986,"real_prep_time":1.4534483572,"proposed_choice":1,"real_choice":1,"correct":true,"datetime":"180524_174649923828","presses":[0,1,1],"rts":[0.6372039543,1.4534483572,1.7251783173],"will_remap":false,"is_remapped":false,"remapped_from":null,"stim_val":"\u16cb"}