{"index":1589,"real_prep_time":0.7020421557,"proposed_choice":2,"real_choice":7,"correct":false,"datetime":"180524_171613681491","presses":[7,2,2],"rts":[0.7020421557,1.6102033593,2.0262572091],"will_remap":true,"is_remapped":false,"remapped_from":null,"stim_val":"\u16a2"}