{"index":314,"real_prep_time":0.5072862076,"proposed_choice":0,"real_choice":1,"correct":false,"datetime":"180524_162454509876","presses":[1,0,0],"rts":[0.5072862076,1.4822031669,1.9430880219],"will_remap":false,"is_remapped":false,"remapped_from":null,"stim_val":"\u16ac"}