{"index":54,"proposed_prep_time":0.5833333333,"real_prep_time":0.6749442021,"proposed_choice":5,"real_choice":9,"correct":false,"datetime":"180523_132826820301","timing":-0.1078792448,"presses":[8,9],"rts":[0.8881375853,0.6749442021],"will_remap":true,"is_remapped":false,"remapped_from":null,"stim_val":"\u16a3"}