{"index":68,"proposed_prep_time":0.6666666667,"real_prep_time":0.7084555081,"proposed_choice":0,"real_choice":0,"correct":true,"datetime":"180523_132856870887","timing":-0.0409730525,"presses":[3,0],"rts":[1.001414046,0.7084555081],"will_remap":true,"is_remapped":false,"remapped_from":null,"stim_val":"\u16cb"}