{"index":150,"proposed_prep_time":0.3833333333,"real_prep_time":0.5336067585,"proposed_choice":7,"real_choice":8,"correct":false,"datetime":"180523_133159372028","timing":-0.1663246212,"presses":[8,7],"rts":[0.5336067585,0.6275238096],"will_remap":false,"is_remapped":false,"remapped_from":null,"stim_val":"\u16b3"}