{"index":251,"proposed_prep_time":0.6333333333,"real_prep_time":0.7292981705,"proposed_choice":8,"real_choice":8,"correct":true,"datetime":"180523_133541602102","timing":-0.0966011871,"presses":[4,8],"rts":[1.0380428806,0.7292981705],"will_remap":true,"is_remapped":false,"remapped_from":null,"stim_val":"\u16c7"}