{"index":396,"proposed_prep_time":0.5333333333,"real_prep_time":0.5509515486,"proposed_choice":7,"real_choice":7,"correct":true,"datetime":"180523_134058064651","timing":-0.0174456969,"presses":[0,7],"rts":[0.8954300978,0.5509515486],"will_remap":false,"is_remapped":false,"remapped_from":null,"stim_val":"\u16b3"}