{"index":160,"proposed_prep_time":0.5666666667,"real_prep_time":0.6849014669,"proposed_choice":6,"real_choice":5,"correct":false,"datetime":"180523_133220810739","timing":-0.1180071805,"presses":[5,5],"rts":[0.8837256563,0.6849014669],"will_remap":true,"is_remapped":false,"remapped_from":null,"stim_val":"\u16a6"}