{"index":400,"proposed_prep_time":0.5,"real_prep_time":0.5434930572,"proposed_choice":6,"real_choice":3,"correct":false,"datetime":"180523_134114006049","timing":-0.0432741762,"presses":[9,8,6,5,0,1,3,4,6,7,3],"rts":[2.6165492645,2.74629722,3.0663751187,3.2072108134,3.6742703162,3.799983754,7.2108567764,7.6437038151,7.8639738798,8.2482486445,0.5434930572],"will_remap":true,"is_remapped":false,"remapped_from":null,"stim_val":"\u16a6"}