{"index":136,"proposed_prep_time":0.5333333333,"real_prep_time":0.8152130467,"proposed_choice":0,"real_choice":0,"correct":true,"datetime":"180523_133129338027","timing":-0.2981666668,"presses":[6,0],"rts":[1.6460943798,0.8152130467],"will_remap":true,"is_remapped":false,"remapped_from":null,"stim_val":"\u16cb"}