{"index":216,"proposed_prep_time":0.5666666667,"real_prep_time":0.7342666858,"proposed_choice":8,"real_choice":8,"correct":true,"datetime":"180523_133426425941","timing":-0.1673213741,"presses":[7,8],"rts":[0.9502520914,0.7342666858],"will_remap":true,"is_remapped":false,"remapped_from":null,"stim_val":"\u16c7"}