{"index":100,"proposed_prep_time":0.4,"real_prep_time":0.4891226669,"proposed_choice":0,"real_choice":0,"correct":true,"datetime":"180523_133011429838","timing":-0.1062913023,"presses":[9,8,7,6,5,4,2,1,0,0,0],"rts":[3.4479628442,3.68750581,3.8644093543,4.0574143134,4.2968927644,4.6823663306,5.0654619417,5.2582170528,5.5298830846,6.6962510773,0.4891226669],"will_remap":true,"is_remapped":false,"remapped_from":null,"stim_val":"\u16cb"}