{"index":335,"proposed_prep_time":0.3166666667,"real_prep_time":0.4258304734,"proposed_choice":5,"real_choice":1,"correct":false,"datetime":"180523_133847285303","timing":-0.1257207983,"presses":[1,5],"rts":[0.4258304734,0.5680549947],"will_remap":true,"is_remapped":false,"remapped_from":null,"stim_val":"\u16a3"}