{"index":456,"proposed_prep_time":0.6333333333,"real_prep_time":0.8208809606,"proposed_choice":4,"real_choice":4,"correct":true,"datetime":"180523_134320853986","timing":-0.1872693341,"presses":[6,4],"rts":[0.9697009419,0.8208809606],"will_remap":false,"is_remapped":false,"remapped_from":null,"stim_val":"\u16bb"}