{"index":221,"proposed_prep_time":0.6833333333,"real_prep_time":0.6501066106,"proposed_choice":7,"real_choice":7,"correct":true,"datetime":"180523_133437170799","timing":0.0326802095,"presses":[0,1,7],"rts":[1.0539349157,1.1183672608,0.6501066106],"will_remap":false,"is_remapped":false,"remapped_from":null,"stim_val":"\u16b3"}