{"index":130,"proposed_prep_time":0.5333333333,"real_prep_time":0.5663151492,"proposed_choice":5,"real_choice":5,"correct":true,"datetime":"180523_133115745283","timing":-0.0497711046,"presses":[5,9],"rts":[0.5663151492,0.6945742804],"will_remap":true,"is_remapped":false,"remapped_from":null,"stim_val":"\u16a3"}