{"index":363,"proposed_prep_time":0.4166666667,"real_prep_time":0.5044815756,"proposed_choice":7,"real_choice":6,"correct":false,"datetime":"180523_133947335505","timing":-0.1041737523,"presses":[7,6],"rts":[0.7503469867,0.5044815756],"will_remap":false,"is_remapped":false,"remapped_from":null,"stim_val":"\u16b3"}