{"index":200,"proposed_prep_time":0.4333333333,"real_prep_time":0.6909699587,"proposed_choice":8,"real_choice":8,"correct":true,"datetime":"180523_133352077797","timing":-0.2744633619,"presses":[9,8,7,6,5,4,3,2,1,0,8],"rts":[2.8268207162,3.1816210386,3.434319148,3.7059593739,3.9811760628,4.3477990061,4.6664751752,4.9551745667,5.3075274342,5.6911324186,0.6909699587],"will_remap":true,"is_remapped":false,"remapped_from":null,"stim_val":"\u16c7"}