{"index":334,"proposed_prep_time":0.3333333333,"real_prep_time":0.3343975334,"proposed_choice":0,"real_choice":8,"correct":false,"datetime":"180523_133845152664","timing":-0.0173336758,"presses":[0,8],"rts":[0.6426176214,0.3343975334],"will_remap":true,"is_remapped":false,"remapped_from":null,"stim_val":"\u16cb"}