{"index":409,"proposed_prep_time":0.3166666667,"real_prep_time":0.514863758,"proposed_choice":9,"real_choice":9,"correct":true,"datetime":"180523_134140125296","timing":-0.1981649953,"presses":[7,9],"rts":[7.5372600528,0.514863758],"will_remap":true,"is_remapped":false,"remapped_from":null,"stim_val":"\u16bc"}