{"index":348,"proposed_prep_time":0.4833333333,"real_prep_time":0.5331319887,"proposed_choice":2,"real_choice":8,"correct":false,"datetime":"180523_133915170175","timing":-0.0501666973,"presses":[4,8],"rts":[0.8263133956,0.5331319887],"will_remap":false,"is_remapped":false,"remapped_from":null,"stim_val":"\u16ac"}