{"index":300,"proposed_prep_time":0.6333333333,"real_prep_time":0.7493819047,"proposed_choice":7,"real_choice":8,"correct":false,"datetime":"180523_133732175611","timing":-0.1167028096,"presses":[9,8,7,6,5,4,3,2,1,0,8],"rts":[3.4006060867,3.7231522609,3.9809279742,4.4573353708,4.7494602021,5.3043198782,5.5966423592,5.8319449466,6.0562046619,6.4263635998,0.7493819047],"will_remap":false,"is_remapped":false,"remapped_from":null,"stim_val":"\u16b3"}