{"index":198,"proposed_prep_time":0.3166666667,"real_prep_time":0.5851789683,"proposed_choice":5,"real_choice":5,"correct":true,"datetime":"180523_133342882038","timing":-0.2852194366,"presses":[0,5],"rts":[0.4732089313,0.5851789683],"will_remap":true,"is_remapped":false,"remapped_from":null,"stim_val":"\u16a3"}