{"index":293,"proposed_prep_time":0.3166666667,"real_prep_time":0.5250298161,"proposed_choice":5,"real_choice":5,"correct":true,"datetime":"180523_133711653449","timing":-0.2252154426,"presses":[1,5],"rts":[0.6200330609,0.5250298161],"will_remap":true,"is_remapped":false,"remapped_from":null,"stim_val":"\u16a3"}