{"index":205,"proposed_prep_time":0.4833333333,"real_prep_time":0.4503627928,"proposed_choice":1,"real_choice":1,"correct":true,"datetime":"180523_133402805675","timing":0.0337279877,"presses":[1,1],"rts":[0.7874007389,0.4503627928],"will_remap":false,"is_remapped":false,"remapped_from":null,"stim_val":"\u16a2"}