{"index":376,"proposed_prep_time":0.5833333333,"real_prep_time":0.516729114,"proposed_choice":6,"real_choice":6,"correct":true,"datetime":"180523_134015154269","timing":0.0651935897,"presses":[6,6],"rts":[0.9209099043,0.516729114],"will_remap":true,"is_remapped":false,"remapped_from":null,"stim_val":"\u16a6"}