{"index":90,"proposed_prep_time":0.3833333333,"real_prep_time":0.6250467365,"proposed_choice":0,"real_choice":9,"correct":false,"datetime":"180523_132944078110","timing":-0.2577241308,"presses":[0,9],"rts":[0.5928928794,0.6250467365],"will_remap":true,"is_remapped":false,"remapped_from":null,"stim_val":"\u16cb"}