{"index":1,"proposed_prep_time":0.4333333333,"real_prep_time":0.6170389901,"proposed_choice":6,"real_choice":6,"correct":true,"datetime":"180523_132633064723","timing":-0.1999898829,"presses":[8,6],"rts":[2.5818403301,0.6170389901],"will_remap":true,"is_remapped":false,"remapped_from":null,"stim_val":"\u16a6"}