{"index":486,"proposed_prep_time":0.5333333333,"real_prep_time":0.6158712731,"proposed_choice":2,"real_choice":2,"correct":true,"datetime":"180523_134425219681","timing":-0.0823410819,"presses":[6,2],"rts":[0.85828016,0.6158712731],"will_remap":false,"is_remapped":false,"remapped_from":null,"stim_val":"\u16ac"}