{"index":30,"proposed_prep_time":0.4666666667,"real_prep_time":0.4239747947,"proposed_choice":0,"real_choice":1,"correct":false,"datetime":"180531_140316172956","timing":0.0264604013,"presses":[1,0],"rts":[0.4239747947,0.4569142655],"will_remap":false,"is_remapped":false,"remapped_from":null,"stim_val":"0"}