{"index":33,"proposed_prep_time":0.5666666667,"real_prep_time":0.4766528459,"proposed_choice":9,"real_choice":9,"correct":true,"datetime":"180531_140334863057","timing":0.0737790365,"presses":[9,9],"rts":[7.4248586467,0.4766528459],"will_remap":false,"is_remapped":false,"remapped_from":null,"stim_val":"9"}