{"index":35,"proposed_prep_time":0.4833333333,"real_prep_time":0.5167678229,"proposed_choice":7,"real_choice":7,"correct":true,"datetime":"180531_140401631800","timing":-0.0492620246,"presses":[9,7],"rts":[23.3177178319,0.5167678229],"will_remap":true,"is_remapped":false,"remapped_from":null,"stim_val":"7"}