{"index":12,"proposed_prep_time":0.3833333333,"real_prep_time":0.4108225836,"proposed_choice":2,"real_choice":6,"correct":false,"datetime":"180531_140133844844","timing":-0.0434293049,"presses":[6,2],"rts":[0.4108225836,0.4267665239],"will_remap":true,"is_remapped":false,"remapped_from":null,"stim_val":"2"}