{"index":4,"proposed_prep_time":0.2833333333,"real_prep_time":0.415248002,"proposed_choice":0,"real_choice":1,"correct":false,"datetime":"180531_140116670873","timing":-0.1480452471,"presses":[1,0],"rts":[0.415248002,0.4464394165],"will_remap":false,"is_remapped":false,"remapped_from":null,"stim_val":"0"}