{"index":40,"proposed_prep_time":0.3166666667,"real_prep_time":0.3287920816,"proposed_choice":8,"real_choice":7,"correct":false,"datetime":"180531_140412343401","timing":-0.0281223013,"presses":[7,8],"rts":[0.3287920816,0.5071642161],"will_remap":false,"is_remapped":false,"remapped_from":null,"stim_val":"8"}