{"index":28,"proposed_prep_time":0.5833333333,"real_prep_time":0.4540996631,"proposed_choice":8,"real_choice":8,"correct":true,"datetime":"180531_140311875383","timing":0.11289902,"presses":[9,8],"rts":[64.5889255158,0.4540996631],"will_remap":false,"is_remapped":false,"remapped_from":null,"stim_val":"8"}