{"index":41,"proposed_prep_time":0.3666666667,"real_prep_time":0.3720374901,"proposed_choice":0,"real_choice":1,"correct":false,"datetime":"180531_140414492068","timing":-0.0213681936,"presses":[1,0],"rts":[0.3720374901,0.452421693],"will_remap":false,"is_remapped":false,"remapped_from":null,"stim_val":"0"}