{"index":810,"real_prep_time":0.5860865531,"proposed_choice":4,"real_choice":5,"correct":false,"datetime":"180606_111646311872","presses":[5,4,4,4],"rts":[0.5860865531,0.6685332961,1.5764926095,1.8507695448],"will_remap":true,"is_remapped":false,"remapped_from":null,"stim_val":"\u16a3"}