{"index":345,"real_prep_time":0.4504071473,"proposed_choice":0,"real_choice":7,"correct":false,"datetime":"180606_110229240480","presses":[7,0,0],"rts":[0.4504071473,0.8502220483,1.632942217],"will_remap":false,"is_remapped":false,"remapped_from":null,"stim_val":"\u16a6"}