{"index":744,"real_prep_time":1.133741028,"proposed_choice":4,"real_choice":5,"correct":false,"datetime":"180606_111416059517","presses":[5,4,4],"rts":[1.133741028,2.0095696039,2.3793000609],"will_remap":true,"is_remapped":false,"remapped_from":null,"stim_val":"\u16a3"}