{"index":424,"real_prep_time":0.5099091866,"proposed_choice":1,"real_choice":8,"correct":false,"datetime":"180606_110509903884","presses":[8,1,1],"rts":[0.5099091866,0.8338745738,1.8057358387],"will_remap":true,"is_remapped":false,"remapped_from":null,"stim_val":"\u16bc"}