{"index":329,"real_prep_time":0.8933417163,"proposed_choice":5,"real_choice":4,"correct":false,"datetime":"180606_110201672195","presses":[4,5,5],"rts":[0.8933417163,1.353733122,1.9166371462],"will_remap":false,"is_remapped":false,"remapped_from":null,"stim_val":"\u16b3"}