{"index":63,"real_prep_time":1.0625321841,"proposed_choice":6,"real_choice":3,"correct":false,"datetime":"180606_105414573493","presses":[3,6,6],"rts":[1.0625321841,1.3148887354,2.2393588632],"will_remap":false,"is_remapped":false,"remapped_from":null,"stim_val":"\u16a0"}