{"index":21,"real_prep_time":1.786337985,"proposed_choice":0,"real_choice":6,"correct":false,"datetime":"180606_105251201042","presses":[6,9,0],"rts":[1.786337985,3.7512938158,4.9668815988],"will_remap":false,"is_remapped":false,"remapped_from":null,"stim_val":"\u16a6"}