{"index":0,"real_prep_time":1.7342003151,"proposed_choice":2,"real_choice":8,"correct":false,"datetime":"180606_105156648125","presses":[8,1,2],"rts":[1.7342003151,3.4151128365,4.6968265735],"will_remap":true,"is_remapped":false,"remapped_from":null,"stim_val":"\u16cb"}