{"index":971,"real_prep_time":0.7517072973,"proposed_choice":3,"real_choice":6,"correct":false,"datetime":"180606_112124129470","presses":[6,5,4,4,3],"rts":[0.7517072973,1.7720799116,2.684438844,3.0520238893,4.1761733197],"will_remap":true,"is_remapped":false,"remapped_from":null,"stim_val":"\u16c7"}