{"index":578,"real_prep_time":0.5844179647,"proposed_choice":6,"real_choice":3,"correct":false,"datetime":"180606_110939258336","presses":[3,6,6],"rts":[0.5844179647,1.5883724313,1.8471833993],"will_remap":false,"is_remapped":false,"remapped_from":null,"stim_val":"\u16a0"}