{"index":266,"real_prep_time":1.3753854762,"proposed_choice":8,"real_choice":1,"correct":false,"datetime":"180606_110007166477","presses":[1,8,8],"rts":[1.3753854762,2.3195452408,2.6553517408],"will_remap":true,"is_remapped":false,"remapped_from":null,"stim_val":"\u16ac"}