{"index":426,"real_prep_time":1.0208602878,"proposed_choice":8,"real_choice":1,"correct":false,"datetime":"180606_110514468294","presses":[1,8,8],"rts":[1.0208602878,2.0332386334,2.3022150878],"will_remap":true,"is_remapped":false,"remapped_from":null,"stim_val":"\u16ac"}