{"index":22,"real_prep_time":1.5374520391,"proposed_choice":6,"real_choice":3,"correct":false,"datetime":"180606_105256898788","presses":[3,1,6],"rts":[1.5374520391,3.5855745399,4.849842877],"will_remap":false,"is_remapped":false,"remapped_from":null,"stim_val":"\u16a0"}