{"index":600,"proposed_prep_time":0.2833333333,"real_prep_time":0.5526761451,"proposed_choice":2,"real_choice":2,"correct":true,"datetime":"180601_102537285733","timing":-0.2855994872,"presses":[9,8,7,6,5,4,3,2,1,0,2],"rts":[14.4764848143,14.7623502489,14.9402021599,15.0494660966,15.2112066223,15.817673698,15.9774148531,16.1419632366,16.3614550187,16.6672563901,0.5526761451],"will_remap":false,"is_remapped":false,"remapped_from":null,"stim_val":"\u16ac"}