{"index":195,"proposed_prep_time":0.6666666667,"real_prep_time":0.6222596994,"proposed_choice":2,"real_choice":2,"correct":true,"datetime":"180601_100919763358","timing":0.0279568502,"presses":[5,2],"rts":[0.9749844065,0.6222596994],"will_remap":false,"is_remapped":false,"remapped_from":null,"stim_val":"\u16ac"}