{"index":900,"proposed_prep_time":0.3333333333,"real_prep_time":0.4178432544,"proposed_choice":6,"real_choice":8,"correct":false,"datetime":"180601_103700883059","timing":-0.084335174,"presses":[9,8,7,5,4,2,1,0,1,0,8],"rts":[13.571016515,13.8116116577,13.8803433242,14.162022338,14.4565946243,14.7729661507,14.9789611544,15.2661054471,15.7061532115,16.0664924183,0.4178432544],"will_remap":true,"is_remapped":false,"remapped_from":null,"stim_val":"\u16a6"}