{"index":1161,"proposed_prep_time":0.4333333333,"real_prep_time":0.6336697191,"proposed_choice":5,"real_choice":5,"correct":true,"datetime":"180601_104643968762","timing":-0.2161250214,"presses":[5,4],"rts":[0.6336697191,0.6370368025],"will_remap":true,"is_remapped":false,"remapped_from":null,"stim_val":"\u16a3"}