{"index":559,"proposed_prep_time":0.4333333333,"real_prep_time":0.5450396517,"proposed_choice":3,"real_choice":4,"correct":false,"datetime":"180601_102353325528","timing":-0.1279597534,"presses":[1,4,3],"rts":[0.7509463873,0.5450396517,0.5658518161],"will_remap":true,"is_remapped":false,"remapped_from":null,"stim_val":"\u16a0"}