{"index":398,"proposed_prep_time":0.5166666667,"real_prep_time":0.5111219026,"proposed_choice":0,"real_choice":0,"correct":true,"datetime":"180601_101743408340","timing":0.0058426609,"presses":[2,0],"rts":[1.6246482113,0.5111219026],"will_remap":true,"is_remapped":false,"remapped_from":null,"stim_val":"\u16cb"}