{"index":473,"proposed_prep_time":0.6333333333,"real_prep_time":0.6736987742,"proposed_choice":1,"real_choice":6,"correct":false,"datetime":"180601_102036681692","timing":-0.0575785621,"presses":[6,1],"rts":[0.6736987742,0.6896887545],"will_remap":false,"is_remapped":false,"remapped_from":null,"stim_val":"\u16a2"}