{"index":800,"proposed_prep_time":0.6,"real_prep_time":0.6064984533,"proposed_choice":8,"real_choice":8,"correct":true,"datetime":"180601_103310957779","timing":-0.0063356709,"presses":[9,8,7,6,5,4,3,2,1,0,8],"rts":[11.567013668,11.8369917594,12.0948575001,12.2917808504,12.4952515679,12.8130171993,13.0577867394,13.3119255805,13.5170622447,13.8370724028,0.6064984533],"will_remap":true,"is_remapped":false,"remapped_from":null,"stim_val":"\u16c7"}