{"index":536,"proposed_prep_time":0.4666666667,"real_prep_time":0.5037622362,"proposed_choice":0,"real_choice":0,"correct":true,"datetime":"180601_102303951787","timing":-0.0533114981,"presses":[0,0],"rts":[0.8416948846,0.5037622362],"will_remap":true,"is_remapped":false,"remapped_from":null,"stim_val":"\u16cb"}