{"index":1083,"proposed_prep_time":0.2833333333,"real_prep_time":0.3869069666,"proposed_choice":7,"real_choice":8,"correct":false,"datetime":"180601_104345265393","timing":-0.1196971736,"presses":[8,7],"rts":[0.3869069666,0.4650437102],"will_remap":false,"is_remapped":false,"remapped_from":null,"stim_val":"\u16b3"}