{"index":999,"proposed_prep_time":0.4833333333,"real_prep_time":0.5474469315,"proposed_choice":3,"real_choice":8,"correct":false,"datetime":"180601_104033319072","timing":-0.0640787163,"presses":[6,8],"rts":[0.824460356,0.5474469315],"will_remap":true,"is_remapped":false,"remapped_from":null,"stim_val":"\u16a0"}