{"index":1050,"proposed_prep_time":0.3666666667,"real_prep_time":0.4778707083,"proposed_choice":0,"real_choice":0,"correct":true,"datetime":"180601_104234504728","timing":-0.127419589,"presses":[0,0],"rts":[0.6699536931,0.4778707083],"will_remap":true,"is_remapped":false,"remapped_from":null,"stim_val":"\u16cb"}