{"index":143,"proposed_prep_time":0.3166666667,"real_prep_time":0.4645272989,"proposed_choice":1,"real_choice":3,"correct":false,"datetime":"180601_100728273032","timing":-0.1478563949,"presses":[3,6],"rts":[0.4645272989,0.5252022464],"will_remap":false,"is_remapped":false,"remapped_from":null,"stim_val":"\u16a2"}