{"index":1000,"proposed_prep_time":0.3666666667,"real_prep_time":0.5477976571,"proposed_choice":4,"real_choice":4,"correct":true,"datetime":"180601_104047410838","timing":-0.1816102177,"presses":[9,8,7,5,5,4,3,2,1,0,4],"rts":[10.0458312769,10.2359321926,10.3214931176,10.6259173924,10.9942998288,11.3121200044,11.8684221716,12.110890588,12.3653968698,12.6378150849,0.5477976571],"will_remap":false,"is_remapped":false,"remapped_from":null,"stim_val":"\u16bb"}