{"index":200,"proposed_prep_time":0.6,"real_prep_time":0.5325393328,"proposed_choice":6,"real_choice":6,"correct":true,"datetime":"180601_101019880786","timing":0.0511425709,"presses":[9,8,7,6,5,4,3,2,0,1,6],"rts":[48.1880777919,48.4991884339,48.6914646697,48.821317315,48.9530458733,49.1729874992,49.3957284787,49.4914000375,49.9076213326,50.3730005195,0.5325393328],"will_remap":true,"is_remapped":false,"remapped_from":null,"stim_val":"\u16a6"}