{"index":21,"proposed_prep_time":0.3833333333,"real_prep_time":0.5375321878,"proposed_choice":5,"real_choice":5,"correct":true,"datetime":"180601_095924968291","timing":-0.1703107529,"presses":[6,5],"rts":[0.6864630171,0.5375321878],"will_remap":true,"is_remapped":false,"remapped_from":null,"stim_val":"\u16a3"}