{"index":463,"proposed_prep_time":0.3833333333,"real_prep_time":0.5123421111,"proposed_choice":7,"real_choice":7,"correct":true,"datetime":"180601_102015226575","timing":-0.1450362206,"presses":[4,7],"rts":[0.6844665788,0.5123421111],"will_remap":false,"is_remapped":false,"remapped_from":null,"stim_val":"\u16b3"}