{"index":825,"proposed_prep_time":0.4666666667,"real_prep_time":0.5018420427,"proposed_choice":8,"real_choice":8,"correct":true,"datetime":"180601_103404595044","timing":-0.0514344121,"presses":[8,7],"rts":[0.5018420427,0.534314368],"will_remap":true,"is_remapped":false,"remapped_from":null,"stim_val":"\u16c7"}