{"index":300,"proposed_prep_time":0.65,"real_prep_time":0.6602075674,"proposed_choice":8,"real_choice":8,"correct":true,"datetime":"180601_101412472085","timing":-0.0264290823,"presses":[9,8,7,6,5,4,2,1,0,0,8],"rts":[15.5857933246,15.9409669528,16.145814767,16.2917060719,16.4658020517,16.7864655682,17.0926464037,17.5082489436,17.7617716688,18.2420657856,0.6602075674],"will_remap":true,"is_remapped":false,"remapped_from":null,"stim_val":"\u16c7"}