{"index":700,"proposed_prep_time":0.3333333333,"real_prep_time":0.4962327785,"proposed_choice":2,"real_choice":2,"correct":true,"datetime":"180601_102923747565","timing":-0.1632962402,"presses":[9,8,7,6,5,4,3,2,1,0,2],"rts":[10.4968406835,10.8011218529,11.0269070487,11.2155701653,11.4414656226,11.6792810594,11.9026014986,12.1341070998,12.4104313897,12.7205291501,0.4962327785],"will_remap":false,"is_remapped":false,"remapped_from":null,"stim_val":"\u16ac"}