{"index":199,"proposed_prep_time":0.4333333333,"real_prep_time":0.5442942131,"proposed_choice":9,"real_choice":9,"correct":true,"datetime":"180601_100928358476","timing":-0.1272119688,"presses":[5,9],"rts":[0.7538128949,0.5442942131],"will_remap":true,"is_remapped":false,"remapped_from":null,"stim_val":"\u16bc"}