{"index":57,"proposed_prep_time":0.3833333333,"real_prep_time":0.4188804756,"proposed_choice":5,"real_choice":9,"correct":false,"datetime":"180601_100042125819","timing":-0.0518408551,"presses":[4,9],"rts":[0.7437116448,0.4188804756],"will_remap":true,"is_remapped":false,"remapped_from":null,"stim_val":"\u16a3"}