{"index":500,"proposed_prep_time":0.3666666667,"real_prep_time":0.6334145926,"proposed_choice":6,"real_choice":2,"correct":false,"datetime":"180601_102146843718","timing":-0.2828121568,"presses":[9,8,7,5,4,3,2,1,0,0,4,2,1],"rts":[10.5957458975,10.7197517473,10.8556696587,11.4892352745,11.7944612916,11.88765871,12.031748294,12.2107588312,12.6105426482,13.0104200116,0.5515738226,0.6334145926,0.6364479588],"will_remap":true,"is_remapped":false,"remapped_from":null,"stim_val":"\u16a6"}