{"index":680,"proposed_prep_time":0.2833333333,"real_prep_time":0.5019913063,"proposed_choice":0,"real_choice":1,"correct":false,"datetime":"180601_102828759739","timing":-0.2356879457,"presses":[1,0],"rts":[0.5019913063,0.5341730221],"will_remap":true,"is_remapped":false,"remapped_from":null,"stim_val":"\u16cb"}