{"index":293,"proposed_prep_time":0.3333333333,"real_prep_time":0.4510176176,"proposed_choice":8,"real_choice":9,"correct":false,"datetime":"180601_101340207096","timing":-0.1339332326,"presses":[9,8],"rts":[0.4510176176,0.518000641],"will_remap":true,"is_remapped":false,"remapped_from":null,"stim_val":"\u16c7"}