{"index":1198,"proposed_prep_time":0.2833333333,"real_prep_time":0.4564309914,"proposed_choice":3,"real_choice":1,"correct":false,"datetime":"180601_104803209890","timing":-0.1891610825,"presses":[1,2],"rts":[0.4564309914,0.470722181],"will_remap":true,"is_remapped":false,"remapped_from":null,"stim_val":"\u16a0"}