{"index":1100,"proposed_prep_time":0.4333333333,"real_prep_time":0.5490363403,"proposed_choice":8,"real_choice":8,"correct":true,"datetime":"180601_104433139422","timing":-0.1320344462,"presses":[9,8,7,6,5,4,3,2,1,0,8],"rts":[10.3553918055,10.6046193147,10.8326833473,10.9421988914,11.1321625666,11.4605130155,11.6793526122,11.8384008203,12.0294257631,12.258268958,0.5490363403],"will_remap":true,"is_remapped":false,"remapped_from":null,"stim_val":"\u16c7"}