{"index":610,"proposed_prep_time":0.35,"real_prep_time":0.5429842705,"proposed_choice":1,"real_choice":3,"correct":false,"datetime":"180601_102558674175","timing":-0.2090298654,"presses":[3,3,1],"rts":[0.6475271937,0.5429842705,0.5593053286],"will_remap":false,"is_remapped":false,"remapped_from":null,"stim_val":"\u16a2"}