{"index":915,"proposed_prep_time":0.3333333333,"real_prep_time":0.4065294203,"proposed_choice":9,"real_choice":4,"correct":false,"datetime":"180601_103733085507","timing":-0.0892676198,"presses":[4,9],"rts":[0.4065294203,0.4699714639],"will_remap":true,"is_remapped":false,"remapped_from":null,"stim_val":"\u16bc"}