{"index":100,"proposed_prep_time":0.3166666667,"real_prep_time":0.4691638566,"proposed_choice":0,"real_choice":0,"correct":true,"datetime":"180601_100556073439","timing":-0.1686861542,"presses":[9,8,7,6,4,3,2,0,1,1,0],"rts":[219.9171683422,220.235692315,220.3157178747,220.4471197537,220.8462273389,221.100195509,221.1812140092,221.6303096737,221.9486861425,222.4129609542,0.4691638566],"will_remap":true,"is_remapped":false,"remapped_from":null,"stim_val":"\u16cb"}