{"index":469,"proposed_prep_time":0.3833333333,"real_prep_time":0.4634279091,"proposed_choice":9,"real_choice":9,"correct":true,"datetime":"180601_102028087308","timing":-0.0802329159,"presses":[0,9],"rts":[0.427668264,0.4634279091],"will_remap":true,"is_remapped":false,"remapped_from":null,"stim_val":"\u16bc"}