{"index":615,"proposed_prep_time":0.4666666667,"real_prep_time":0.5896090787,"proposed_choice":6,"real_choice":3,"correct":false,"datetime":"180601_102609368506","timing":-0.1228592759,"presses":[3,6],"rts":[0.5896090787,0.605731021],"will_remap":true,"is_remapped":false,"remapped_from":null,"stim_val":"\u16a6"}