{"index":468,"proposed_prep_time":0.3166666667,"real_prep_time":0.4493337827,"proposed_choice":0,"real_choice":8,"correct":false,"datetime":"180601_102025953888","timing":-0.1488053481,"presses":[8,1],"rts":[0.4493337827,0.4515516238],"will_remap":true,"is_remapped":false,"remapped_from":null,"stim_val":"\u16cb"}