{"index":32,"proposed_prep_time":0.6833333333,"real_prep_time":0.6264818964,"proposed_choice":1,"real_choice":1,"correct":true,"datetime":"180601_095948523171","timing":0.040687956,"presses":[5,1],"rts":[0.9844589838,0.6264818964],"will_remap":false,"is_remapped":false,"remapped_from":null,"stim_val":"\u16a2"}