{"index":1200,"proposed_prep_time":0.5166666667,"real_prep_time":0.5057246574,"proposed_choice":3,"real_choice":3,"correct":true,"datetime":"180601_104809872484","timing":0.0112337478,"presses":[9,8,7,6,5,4,3,2,1,0,3],"rts":[1.6148302396,1.8378805966,1.9346272058,2.0479318184,2.2051008878,2.4635542992,2.657936355,2.8003790533,3.0363071406,3.214502446,0.5057246574],"will_remap":true,"is_remapped":false,"remapped_from":null,"stim_val":"\u16a0"}