{"index":400,"proposed_prep_time":0.55,"real_prep_time":0.5341964819,"proposed_choice":7,"real_choice":7,"correct":true,"datetime":"180601_101800116036","timing":-0.0004413688,"presses":[9,9,8,7,6,5,4,3,2,1,0,7],"rts":[11.8612164607,12.147472796,12.2281420368,12.3432430918,12.4680418865,12.5797289383,12.7737198001,12.868315429,12.9808133139,13.0944824348,13.2541408937,0.5341964819],"will_remap":false,"is_remapped":false,"remapped_from":null,"stim_val":"\u16b3"}