{"index":141,"proposed_prep_time":0.4166666667,"real_prep_time":0.4908416917,"proposed_choice":3,"real_choice":2,"correct":false,"datetime":"180601_100723976127","timing":-0.0902057229,"presses":[2,3],"rts":[0.4908416917,0.50675748],"will_remap":true,"is_remapped":false,"remapped_from":null,"stim_val":"\u16a0"}