{"index":777,"proposed_prep_time":0.3333333333,"real_prep_time":0.4609171123,"proposed_choice":6,"real_choice":7,"correct":false,"datetime":"180601_103208824728","timing":-0.1437248118,"presses":[7,6],"rts":[0.4609171123,0.5063765497],"will_remap":true,"is_remapped":false,"remapped_from":null,"stim_val":"\u16a6"}