{"index":176,"proposed_prep_time":0.2333333333,"real_prep_time":0.5146441146,"proposed_choice":1,"real_choice":1,"correct":true,"datetime":"180601_100839019225","timing":-0.2981429137,"presses":[0,1],"rts":[0.4328927855,0.5146441146],"will_remap":false,"is_remapped":false,"remapped_from":null,"stim_val":"\u16a2"}