{"index":1002,"proposed_prep_time":0.4333333333,"real_prep_time":0.4727711108,"proposed_choice":8,"real_choice":1,"correct":false,"datetime":"180601_104051691714","timing":-0.0400414009,"presses":[1,8],"rts":[0.4727711108,0.5046765861],"will_remap":true,"is_remapped":false,"remapped_from":null,"stim_val":"\u16c7"}