{"index":1199,"proposed_prep_time":0.5833333333,"real_prep_time":0.6238828318,"proposed_choice":4,"real_choice":9,"correct":false,"datetime":"180601_104805343032","timing":-0.0407754027,"presses":[9,0],"rts":[0.6238828318,0.7067493863],"will_remap":false,"is_remapped":false,"remapped_from":null,"stim_val":"\u16bb"}