{"index":617,"proposed_prep_time":0.2666666667,"real_prep_time":0.4920639528,"proposed_choice":6,"real_choice":8,"correct":false,"datetime":"180601_102613649611","timing":-0.225483472,"presses":[8,1],"rts":[0.4920639528,0.5558341419],"will_remap":true,"is_remapped":false,"remapped_from":null,"stim_val":"\u16a6"}