{"index":77,"proposed_prep_time":0.2333333333,"real_prep_time":0.4477452536,"proposed_choice":2,"real_choice":1,"correct":false,"datetime":"180601_100125036499","timing":-0.23140358,"presses":[1,2],"rts":[0.4477452536,0.4944099437],"will_remap":false,"is_remapped":false,"remapped_from":null,"stim_val":"\u16ac"}