{"index":1145,"proposed_prep_time":0.3666666667,"real_prep_time":0.4912059067,"proposed_choice":2,"real_choice":8,"correct":false,"datetime":"180601_104609688133","timing":-0.1415178208,"presses":[8,2],"rts":[0.4912059067,0.6519268063],"will_remap":false,"is_remapped":false,"remapped_from":null,"stim_val":"\u16ac"}