{"index":586,"proposed_prep_time":0.35,"real_prep_time":0.4572388919,"proposed_choice":2,"real_choice":4,"correct":false,"datetime":"180601_102451144153","timing":-0.1233712885,"presses":[4,2,1],"rts":[0.4572388919,0.5372275021,0.5697229941],"will_remap":false,"is_remapped":false,"remapped_from":null,"stim_val":"\u16ac"}