{"index":678,"proposed_prep_time":0.5666666667,"real_prep_time":0.7180271507,"proposed_choice":0,"real_choice":0,"correct":true,"datetime":"180601_102824479072","timing":-0.1675808992,"presses":[1,0],"rts":[0.6847181864,0.7180271507],"will_remap":true,"is_remapped":false,"remapped_from":null,"stim_val":"\u16cb"}