{"index":356,"proposed_prep_time":0.3833333333,"real_prep_time":0.4829937659,"proposed_choice":4,"real_choice":5,"correct":false,"datetime":"180601_101612624186","timing":-0.0999934898,"presses":[5,4],"rts":[0.4829937659,0.5159335299],"will_remap":false,"is_remapped":false,"remapped_from":null,"stim_val":"\u16bb"}