{"index":215,"proposed_prep_time":0.6833333333,"real_prep_time":0.7180629271,"proposed_choice":3,"real_choice":1,"correct":false,"datetime":"180601_101052080555","timing":-0.0365968999,"presses":[1,8],"rts":[0.7180629271,0.7654818533],"will_remap":true,"is_remapped":false,"remapped_from":null,"stim_val":"\u16a0"}