{"index":488,"proposed_prep_time":0.4166666667,"real_prep_time":0.5506002364,"proposed_choice":1,"real_choice":1,"correct":true,"datetime":"180601_102108830785","timing":-0.1502111832,"presses":[1,6],"rts":[0.5506002364,0.5841502514],"will_remap":false,"is_remapped":false,"remapped_from":null,"stim_val":"\u16a2"}