{"index":453,"proposed_prep_time":0.2166666667,"real_prep_time":0.4014890591,"proposed_choice":0,"real_choice":1,"correct":false,"datetime":"180601_101953787422","timing":-0.2010012982,"presses":[1,0],"rts":[0.4014890591,0.4855113073],"will_remap":true,"is_remapped":false,"remapped_from":null,"stim_val":"\u16cb"}