{"index":906,"proposed_prep_time":0.4166666667,"real_prep_time":0.5011749015,"proposed_choice":5,"real_choice":5,"correct":true,"datetime":"180601_103713777104","timing":-0.1014142805,"presses":[9,5],"rts":[0.4518401806,0.5011749015],"will_remap":true,"is_remapped":false,"remapped_from":null,"stim_val":"\u16a3"}