{"index":984,"proposed_prep_time":0.3833333333,"real_prep_time":0.4690409853,"proposed_choice":9,"real_choice":9,"correct":true,"datetime":"180601_104001136228","timing":-0.1013403819,"presses":[9,9],"rts":[0.7028902313,0.4690409853],"will_remap":true,"is_remapped":false,"remapped_from":null,"stim_val":"\u16bc"}