{"index":288,"proposed_prep_time":0.4333333333,"real_prep_time":0.4740608193,"proposed_choice":4,"real_choice":3,"correct":false,"datetime":"180601_101329178480","timing":-0.0569542354,"presses":[3,4],"rts":[0.4740608193,0.5119764298],"will_remap":false,"is_remapped":false,"remapped_from":null,"stim_val":"\u16bb"}