{"index":259,"proposed_prep_time":0.3666666667,"real_prep_time":0.5307250021,"proposed_choice":1,"real_choice":1,"correct":true,"datetime":"180601_101226979551","timing":-0.1801621549,"presses":[0,1],"rts":[0.4654343177,0.5307250021],"will_remap":false,"is_remapped":false,"remapped_from":null,"stim_val":"\u16a2"}