{"index":683,"proposed_prep_time":0.5666666667,"real_prep_time":0.5513295464,"proposed_choice":2,"real_choice":1,"correct":false,"datetime":"180601_102835206528","timing":-0.0010366641,"presses":[1,2],"rts":[0.5513295464,0.6133639954],"will_remap":false,"is_remapped":false,"remapped_from":null,"stim_val":"\u16ac"}