{"index":454,"proposed_prep_time":0.2333333333,"real_prep_time":0.4936560009,"proposed_choice":8,"real_choice":8,"correct":true,"datetime":"180601_101955936134","timing":-0.2775055256,"presses":[0,8],"rts":[0.4584720033,0.4936560009],"will_remap":true,"is_remapped":false,"remapped_from":null,"stim_val":"\u16c7"}