{"index":310,"proposed_prep_time":0.6833333333,"real_prep_time":0.6823830458,"proposed_choice":7,"real_choice":2,"correct":false,"datetime":"180601_101433927616","timing":0.0007307467,"presses":[2,7],"rts":[0.6823830458,0.6979510409],"will_remap":false,"is_remapped":false,"remapped_from":null,"stim_val":"\u16b3"}