{"index":67,"proposed_prep_time":0.4833333333,"real_prep_time":0.5066082163,"proposed_choice":2,"real_choice":2,"correct":true,"datetime":"180601_100103581614","timing":-0.0394414136,"presses":[5,2],"rts":[0.7981867251,0.5066082163],"will_remap":false,"is_remapped":false,"remapped_from":null,"stim_val":"\u16ac"}