{"index":1215,"proposed_prep_time":0.5833333333,"real_prep_time":0.5524717506,"proposed_choice":6,"real_choice":7,"correct":false,"datetime":"180601_104842038510","timing":0.0145682805,"presses":[7,6],"rts":[0.5524717506,0.5858211834],"will_remap":true,"is_remapped":false,"remapped_from":null,"stim_val":"\u16a6"}