{"index":133,"proposed_prep_time":0.5833333333,"real_prep_time":0.5232128461,"proposed_choice":5,"real_choice":6,"correct":false,"datetime":"180601_100706818717","timing":0.044964404,"presses":[2,6,5],"rts":[0.908888754,0.5232128461,0.5999355438],"will_remap":true,"is_remapped":false,"remapped_from":null,"stim_val":"\u16a3"}