{"index":873,"proposed_prep_time":0.2166666667,"real_prep_time":0.3009096873,"proposed_choice":6,"real_choice":5,"correct":false,"datetime":"180601_103547539236","timing":-0.100370608,"presses":[5,4],"rts":[0.3009096873,0.3037181315],"will_remap":true,"is_remapped":false,"remapped_from":null,"stim_val":"\u16a6"}