{"index":1238,"proposed_prep_time":0.6833333333,"real_prep_time":0.6725345763,"proposed_choice":5,"real_choice":1,"correct":false,"datetime":"180601_104931295064","timing":-0.0058477048,"presses":[1,5],"rts":[0.6725345763,0.7533879774],"will_remap":true,"is_remapped":false,"remapped_from":null,"stim_val":"\u16a3"}