{"index":1118,"proposed_prep_time":0.4333333333,"real_prep_time":0.5288514352,"proposed_choice":5,"real_choice":4,"correct":false,"datetime":"180601_104511736887","timing":-0.1114020433,"presses":[4,5],"rts":[0.5288514352,0.6538663541],"will_remap":true,"is_remapped":false,"remapped_from":null,"stim_val":"\u16a3"}