{"index":550,"real_prep_time":0.5416851781,"proposed_choice":4,"real_choice":9,"correct":false,"datetime":"180529_105157421867","presses":[9,5,7,4,4],"rts":[0.5416851781,1.617680032,2.671812011,3.6490277481,4.2683036404],"will_remap":false,"is_remapped":false,"remapped_from":null,"stim_val":"\u16bb"}