{"index":279,"real_prep_time":0.6352696848,"proposed_choice":1,"real_choice":6,"correct":false,"datetime":"180529_104416437655","presses":[6,3,1],"rts":[0.6352696848,1.8997543454,3.2288836632],"will_remap":false,"is_remapped":false,"remapped_from":null,"stim_val":"\u16a2"}