{"index":70,"real_prep_time":0.6331591728,"proposed_choice":2,"real_choice":1,"correct":false,"datetime":"180529_103541998243","presses":[1,2,2],"rts":[0.6331591728,0.6820493286,1.7703547695],"will_remap":false,"is_remapped":false,"remapped_from":null,"stim_val":"\u16ac"}