{"index":602,"real_prep_time":0.6930487999,"proposed_choice":1,"real_choice":2,"correct":false,"datetime":"180529_105317944921","presses":[2,1,1],"rts":[0.6930487999,0.7575568031,1.9245936964],"will_remap":false,"is_remapped":false,"remapped_from":null,"stim_val":"\u16a2"}