{"index":623,"real_prep_time":0.8726440754,"proposed_choice":4,"real_choice":6,"correct":false,"datetime":"180529_105352642774","presses":[6,5,4],"rts":[0.8726440754,2.2336897186,3.4824582934],"will_remap":false,"is_remapped":false,"remapped_from":null,"stim_val":"\u16bb"}