{"index":659,"real_prep_time":0.6960927229,"proposed_choice":3,"real_choice":8,"correct":false,"datetime":"180529_105448546455","presses":[8,7,3],"rts":[0.6960927229,1.8332196993,3.0173664903],"will_remap":true,"is_remapped":false,"remapped_from":null,"stim_val":"\u16a0"}