{"index":323,"real_prep_time":0.7439925773,"proposed_choice":6,"real_choice":8,"correct":false,"datetime":"180529_104535477794","presses":[8,6,6],"rts":[0.7439925773,1.7485634472,2.1789671364],"will_remap":true,"is_remapped":false,"remapped_from":null,"stim_val":"\u16a6"}