{"index":730,"real_prep_time":0.6023049946,"proposed_choice":2,"real_choice":9,"correct":false,"datetime":"180529_105922731029","presses":[9,7,2],"rts":[0.6023049946,1.8504882447,2.9219421402],"will_remap":false,"is_remapped":false,"remapped_from":null,"stim_val":"\u16ac"}