{"index":831,"real_prep_time":1.5400277355,"proposed_choice":0,"real_choice":8,"correct":false,"datetime":"180529_110211323201","presses":[8,6,0],"rts":[1.5400277355,2.7239443262,3.9887163705],"will_remap":true,"is_remapped":false,"remapped_from":null,"stim_val":"\u16cb"}