{"index":14,"real_prep_time":0.8102908648,"proposed_choice":4,"real_choice":2,"correct":false,"datetime":"180529_103408682396","presses":[2,1,0,4],"rts":[0.8102908648,1.9641861039,3.0520176548,4.1542535893],"will_remap":false,"is_remapped":false,"remapped_from":null,"stim_val":"\u16bb"}