{"index":802,"real_prep_time":1.0590166252,"proposed_choice":9,"real_choice":7,"correct":false,"datetime":"180529_110123516507","presses":[7,2,9,9],"rts":[1.0590166252,2.1828652936,3.0750526455,3.5705804538],"will_remap":true,"is_remapped":false,"remapped_from":null,"stim_val":"\u16bc"}