{"index":229,"real_prep_time":0.6703577901,"proposed_choice":4,"real_choice":8,"correct":false,"datetime":"180529_104300378252","presses":[8,6,4],"rts":[0.6703577901,1.9670009997,3.0407648166],"will_remap":false,"is_remapped":false,"remapped_from":null,"stim_val":"\u16bb"}