{"index":666,"real_prep_time":0.7424000849,"proposed_choice":5,"real_choice":3,"correct":false,"datetime":"180607_141224294916","presses":[3,5,5],"rts":[0.7424000849,1.7233925628,2.006464968],"will_remap":false,"is_remapped":false,"remapped_from":null,"stim_val":"\u16b3"}