{"index":393,"real_prep_time":0.6661688276,"proposed_choice":6,"real_choice":3,"correct":false,"datetime":"180607_140143940550","presses":[3,6,6],"rts":[0.6661688276,1.2067569854,1.9604283899],"will_remap":false,"is_remapped":false,"remapped_from":null,"stim_val":"\u16a0"}