{"index":123,"real_prep_time":0.5901038424,"proposed_choice":6,"real_choice":2,"correct":false,"datetime":"180607_135433139545","presses":[2,3,6],"rts":[0.5901038424,0.6534236384,1.7254960381],"will_remap":false,"is_remapped":false,"remapped_from":null,"stim_val":"\u16a0"}