{"index":735,"real_prep_time":0.6428071439,"proposed_choice":6,"real_choice":3,"correct":false,"datetime":"180607_141420515554","presses":[3,6,6],"rts":[0.6428071439,0.7068544907,1.8268021399],"will_remap":false,"is_remapped":false,"remapped_from":null,"stim_val":"\u16a0"}