{"index":558,"real_prep_time":0.7116857684,"proposed_choice":5,"real_choice":4,"correct":false,"datetime":"180607_140730086905","presses":[4,6,5],"rts":[0.7116857684,1.6651386437,3.0054773053],"will_remap":false,"is_remapped":false,"remapped_from":null,"stim_val":"\u16b3"}